indicator_id,project_name,task_name,indicator_name,year,target_value,source_sheet,source_excel_row
ind_a9e26120c0,1. 인력양성,1-1. 공유대학,02. 지역 내 취업자 수,2025,6,2026,6
ind_a9e26120c0,1. 인력양성,1-1. 공유대학,02. 지역 내 취업자 수,2026,7,2026,6
ind_a9e26120c0,1. 인력양성,1-1. 공유대학,02. 지역 내 취업자 수,2027,8,2026,6
ind_a9e26120c0,1. 인력양성,1-1. 공유대학,02. 지역 내 취업자 수,2028,9,2026,6
ind_a9e26120c0,1. 인력양성,1-1. 공유대학,02. 지역 내 취업자 수,2029,10,2026,6
ind_0c96c8e43a,1. 인력양성,1-1. 공유대학,03. 지역 외(수도권 제외) 취업자 수,2025,14,2026,7
ind_0c96c8e43a,1. 인력양성,1-1. 공유대학,03. 지역 외(수도권 제외) 취업자 수,2026,15,2026,7
ind_0c96c8e43a,1. 인력양성,1-1. 공유대학,03. 지역 외(수도권 제외) 취업자 수,2027,16,2026,7
ind_0c96c8e43a,1. 인력양성,1-1. 공유대학,03. 지역 외(수도권 제외) 취업자 수,2028,17,2026,7
ind_0c96c8e43a,1. 인력양성,1-1. 공유대학,03. 지역 외(수도권 제외) 취업자 수,2029,18,2026,7
ind_55d02fa5bf,1. 인력양성,1-1. 공유대학,(신규) 대학 전체 졸업자 수,2025,2162,2026,8
ind_55d02fa5bf,1. 인력양성,1-1. 공유대학,(신규) 대학 전체 졸업자 수,2026,2162,2026,8
ind_55d02fa5bf,1. 인력양성,1-1. 공유대학,(신규) 대학 전체 졸업자 수,2027,2187,2026,8
ind_55d02fa5bf,1. 인력양성,1-1. 공유대학,(신규) 대학 전체 졸업자 수,2028,2212,2026,8
ind_55d02fa5bf,1. 인력양성,1-1. 공유대학,(신규) 대학 전체 졸업자 수,2029,2237,2026,8
ind_4bd51efe1a,1. 인력양성,1-1. 공유대학,05. 공동교육과정 이수자 수,2025,300,2026,10
ind_4bd51efe1a,1. 인력양성,1-1. 공유대학,05. 공동교육과정 이수자 수,2026,345,2026,10
ind_4bd51efe1a,1. 인력양성,1-1. 공유대학,05. 공동교육과정 이수자 수,2027,378,2026,10
ind_4bd51efe1a,1. 인력양성,1-1. 공유대학,05. 공동교육과정 이수자 수,2028,431,2026,10
ind_4bd51efe1a,1. 인력양성,1-1. 공유대학,05. 공동교육과정 이수자 수,2029,478,2026,10
ind_a8e27580f6,1. 인력양성,1-1. 공유대학,06. 산학실무교과목 수,2025,2,2026,11
ind_a8e27580f6,1. 인력양성,1-1. 공유대학,06. 산학실무교과목 수,2026,2,2026,11
ind_a8e27580f6,1. 인력양성,1-1. 공유대학,06. 산학실무교과목 수,2027,3,2026,11
ind_a8e27580f6,1. 인력양성,1-1. 공유대학,06. 산학실무교과목 수,2028,3,2026,11
ind_a8e27580f6,1. 인력양성,1-1. 공유대학,06. 산학실무교과목 수,2029,3,2026,11
ind_c2a722f087,1. 인력양성,1-1. 공유대학,07. 표준현장실습 참여자 수,2025,5,2026,12
ind_c2a722f087,1. 인력양성,1-1. 공유대학,07. 표준현장실습 참여자 수,2026,7,2026,12
ind_c2a722f087,1. 인력양성,1-1. 공유대학,07. 표준현장실습 참여자 수,2027,7,2026,12
ind_c2a722f087,1. 인력양성,1-1. 공유대학,07. 표준현장실습 참여자 수,2028,8,2026,12
ind_c2a722f087,1. 인력양성,1-1. 공유대학,07. 표준현장실습 참여자 수,2029,8,2026,12
ind_10009f96c7,1. 인력양성,1-1. 공유대학,(신규) 공유대학 참여자 수,2025,114,2026,13
ind_10009f96c7,1. 인력양성,1-1. 공유대학,(신규) 공유대학 참여자 수,2026,124,2026,13
ind_10009f96c7,1. 인력양성,1-1. 공유대학,(신규) 공유대학 참여자 수,2027,133,2026,13
ind_10009f96c7,1. 인력양성,1-1. 공유대학,(신규) 공유대학 참여자 수,2028,143,2026,13
ind_10009f96c7,1. 인력양성,1-1. 공유대학,(신규) 공유대학 참여자 수,2029,152,2026,13
ind_c6a15c44b1,1. 인력양성,1-1. 공유대학,(신규) 공유대학 교과목 수,2025,100,2026,14
ind_c6a15c44b1,1. 인력양성,1-1. 공유대학,(신규) 공유대학 교과목 수,2026,110,2026,14
ind_c6a15c44b1,1. 인력양성,1-1. 공유대학,(신규) 공유대학 교과목 수,2027,120,2026,14
ind_c6a15c44b1,1. 인력양성,1-1. 공유대학,(신규) 공유대학 교과목 수,2028,130,2026,14
ind_c6a15c44b1,1. 인력양성,1-1. 공유대학,(신규) 공유대학 교과목 수,2029,140,2026,14
ind_dfd083c0ae,1. 인력양성,1-1. 공유대학,01. 타 대학 학점교류 수강 건수,2025,202,2026,15
ind_dfd083c0ae,1. 인력양성,1-1. 공유대학,01. 타 대학 학점교류 수강 건수,2026,203,2026,15
ind_dfd083c0ae,1. 인력양성,1-1. 공유대학,01. 타 대학 학점교류 수강 건수,2027,215,2026,15
ind_dfd083c0ae,1. 인력양성,1-1. 공유대학,01. 타 대학 학점교류 수강 건수,2028,223,2026,15
ind_dfd083c0ae,1. 인력양성,1-1. 공유대학,01. 타 대학 학점교류 수강 건수,2029,233,2026,15
ind_6ced62e054,1. 인력양성,1-1. 공유대학,02. 실무교과목 이수 학생 수,2025,43,2026,16
ind_6ced62e054,1. 인력양성,1-1. 공유대학,02. 실무교과목 이수 학생 수,2026,46,2026,16
ind_6ced62e054,1. 인력양성,1-1. 공유대학,02. 실무교과목 이수 학생 수,2027,49,2026,16
ind_6ced62e054,1. 인력양성,1-1. 공유대학,02. 실무교과목 이수 학생 수,2028,49,2026,16
ind_6ced62e054,1. 인력양성,1-1. 공유대학,02. 실무교과목 이수 학생 수,2029,53,2026,16
ind_bcb77dd788,1. 인력양성,1-1. 공유대학,03. 산업체 인력참여자 수,2025,6,2026,17
ind_bcb77dd788,1. 인력양성,1-1. 공유대학,03. 산업체 인력참여자 수,2026,9,2026,17
ind_bcb77dd788,1. 인력양성,1-1. 공유대학,03. 산업체 인력참여자 수,2027,10,2026,17
ind_bcb77dd788,1. 인력양성,1-1. 공유대학,03. 산업체 인력참여자 수,2028,11,2026,17
ind_bcb77dd788,1. 인력양성,1-1. 공유대학,03. 산업체 인력참여자 수,2029,12,2026,17
ind_ecda8a8df5,1. 인력양성,1-2. 이차전지 단독형,02. 지역 내 취업자 수,2025,10,2026,19
ind_ecda8a8df5,1. 인력양성,1-2. 이차전지 단독형,02. 지역 내 취업자 수,2026,11,2026,19
ind_ecda8a8df5,1. 인력양성,1-2. 이차전지 단독형,02. 지역 내 취업자 수,2027,12,2026,19
ind_ecda8a8df5,1. 인력양성,1-2. 이차전지 단독형,02. 지역 내 취업자 수,2028,13,2026,19
ind_ecda8a8df5,1. 인력양성,1-2. 이차전지 단독형,02. 지역 내 취업자 수,2029,14,2026,19
ind_e87bd551d4,1. 인력양성,1-2. 이차전지 단독형,03. 지역 외(수도권 제외) 취업자 수,2025,24,2026,20
ind_e87bd551d4,1. 인력양성,1-2. 이차전지 단독형,03. 지역 외(수도권 제외) 취업자 수,2026,25,2026,20
ind_e87bd551d4,1. 인력양성,1-2. 이차전지 단독형,03. 지역 외(수도권 제외) 취업자 수,2027,26,2026,20
ind_e87bd551d4,1. 인력양성,1-2. 이차전지 단독형,03. 지역 외(수도권 제외) 취업자 수,2028,27,2026,20
ind_e87bd551d4,1. 인력양성,1-2. 이차전지 단독형,03. 지역 외(수도권 제외) 취업자 수,2029,28,2026,20
ind_929050356f,1. 인력양성,1-2. 이차전지 단독형,05. 지역 외 4주 이상 8주 미만 표준현장실습 참여 학생 수,2025,1,2026,23
ind_929050356f,1. 인력양성,1-2. 이차전지 단독형,05. 지역 외 4주 이상 8주 미만 표준현장실습 참여 학생 수,2026,1,2026,23
ind_929050356f,1. 인력양성,1-2. 이차전지 단독형,05. 지역 외 4주 이상 8주 미만 표준현장실습 참여 학생 수,2027,1,2026,23
ind_929050356f,1. 인력양성,1-2. 이차전지 단독형,05. 지역 외 4주 이상 8주 미만 표준현장실습 참여 학생 수,2028,1,2026,23
ind_929050356f,1. 인력양성,1-2. 이차전지 단독형,05. 지역 외 4주 이상 8주 미만 표준현장실습 참여 학생 수,2029,1,2026,23
ind_40ece2c055,1. 인력양성,1-2. 이차전지 단독형,05. 지역 내 4주 이상 8주 미만 표준현장실습 참여 학생 수,2025,1,2026,24
ind_40ece2c055,1. 인력양성,1-2. 이차전지 단독형,05. 지역 내 4주 이상 8주 미만 표준현장실습 참여 학생 수,2026,2,2026,24
ind_40ece2c055,1. 인력양성,1-2. 이차전지 단독형,05. 지역 내 4주 이상 8주 미만 표준현장실습 참여 학생 수,2027,3,2026,24
ind_40ece2c055,1. 인력양성,1-2. 이차전지 단독형,05. 지역 내 4주 이상 8주 미만 표준현장실습 참여 학생 수,2028,4,2026,24
ind_40ece2c055,1. 인력양성,1-2. 이차전지 단독형,05. 지역 내 4주 이상 8주 미만 표준현장실습 참여 학생 수,2029,5,2026,24
ind_ee7ab0d187,1. 인력양성,1-2. 이차전지 단독형,06. 지역 외 8주 이상 12주 미만 표준현장실습 참여 학생 수,2025,6,2026,25
ind_ee7ab0d187,1. 인력양성,1-2. 이차전지 단독형,06. 지역 외 8주 이상 12주 미만 표준현장실습 참여 학생 수,2026,6,2026,25
ind_ee7ab0d187,1. 인력양성,1-2. 이차전지 단독형,06. 지역 외 8주 이상 12주 미만 표준현장실습 참여 학생 수,2027,6,2026,25
ind_ee7ab0d187,1. 인력양성,1-2. 이차전지 단독형,06. 지역 외 8주 이상 12주 미만 표준현장실습 참여 학생 수,2028,6,2026,25
ind_ee7ab0d187,1. 인력양성,1-2. 이차전지 단독형,06. 지역 외 8주 이상 12주 미만 표준현장실습 참여 학생 수,2029,6,2026,25
ind_fe5511690a,1. 인력양성,1-2. 이차전지 단독형,06. 지역 내 8주 이상 12주 미만 표준현장실습 참여 학생 수,2025,2,2026,26
ind_fe5511690a,1. 인력양성,1-2. 이차전지 단독형,06. 지역 내 8주 이상 12주 미만 표준현장실습 참여 학생 수,2026,3,2026,26
ind_fe5511690a,1. 인력양성,1-2. 이차전지 단독형,06. 지역 내 8주 이상 12주 미만 표준현장실습 참여 학생 수,2027,4,2026,26
ind_fe5511690a,1. 인력양성,1-2. 이차전지 단독형,06. 지역 내 8주 이상 12주 미만 표준현장실습 참여 학생 수,2028,5,2026,26
ind_fe5511690a,1. 인력양성,1-2. 이차전지 단독형,06. 지역 내 8주 이상 12주 미만 표준현장실습 참여 학생 수,2029,6,2026,26
ind_d6609f5535,1. 인력양성,1-2. 이차전지 단독형,07. 지역 외 12주 이상 표준현장실습 참여 학생 수,2025,5,2026,27
ind_d6609f5535,1. 인력양성,1-2. 이차전지 단독형,07. 지역 외 12주 이상 표준현장실습 참여 학생 수,2026,5,2026,27
ind_d6609f5535,1. 인력양성,1-2. 이차전지 단독형,07. 지역 외 12주 이상 표준현장실습 참여 학생 수,2027,5,2026,27
ind_d6609f5535,1. 인력양성,1-2. 이차전지 단독형,07. 지역 외 12주 이상 표준현장실습 참여 학생 수,2028,5,2026,27
ind_d6609f5535,1. 인력양성,1-2. 이차전지 단독형,07. 지역 외 12주 이상 표준현장실습 참여 학생 수,2029,5,2026,27
ind_28d77a3833,1. 인력양성,1-2. 이차전지 단독형,07. 지역 내 12주 이상 표준현장실습 참여 학생 수,2025,2,2026,28
ind_28d77a3833,1. 인력양성,1-2. 이차전지 단독형,07. 지역 내 12주 이상 표준현장실습 참여 학생 수,2026,3,2026,28
ind_28d77a3833,1. 인력양성,1-2. 이차전지 단독형,07. 지역 내 12주 이상 표준현장실습 참여 학생 수,2027,4,2026,28
ind_28d77a3833,1. 인력양성,1-2. 이차전지 단독형,07. 지역 내 12주 이상 표준현장실습 참여 학생 수,2028,5,2026,28
ind_28d77a3833,1. 인력양성,1-2. 이차전지 단독형,07. 지역 내 12주 이상 표준현장실습 참여 학생 수,2029,6,2026,28
ind_eb1981ebf8,1. 인력양성,1-2. 이차전지 단독형,08. 표준현장실습 참여자 중 실습기업 취업자 수,2025,10,2026,29
ind_eb1981ebf8,1. 인력양성,1-2. 이차전지 단독형,08. 표준현장실습 참여자 중 실습기업 취업자 수,2026,1,2026,29
ind_eb1981ebf8,1. 인력양성,1-2. 이차전지 단독형,08. 표준현장실습 참여자 중 실습기업 취업자 수,2027,2,2026,29
ind_eb1981ebf8,1. 인력양성,1-2. 이차전지 단독형,08. 표준현장실습 참여자 중 실습기업 취업자 수,2028,2,2026,29
ind_eb1981ebf8,1. 인력양성,1-2. 이차전지 단독형,08. 표준현장실습 참여자 중 실습기업 취업자 수,2029,3,2026,29
ind_98ddfb266b,1. 인력양성,1-2. 이차전지 단독형,(신규) 대학 전체 재학생 수,2025,7950,2026,30
ind_98ddfb266b,1. 인력양성,1-2. 이차전지 단독형,(신규) 대학 전체 재학생 수,2026,7950,2026,30
ind_98ddfb266b,1. 인력양성,1-2. 이차전지 단독형,(신규) 대학 전체 재학생 수,2027,7990,2026,30
ind_98ddfb266b,1. 인력양성,1-2. 이차전지 단독형,(신규) 대학 전체 재학생 수,2028,8030,2026,30
ind_98ddfb266b,1. 인력양성,1-2. 이차전지 단독형,(신규) 대학 전체 재학생 수,2029,8070,2026,30
ind_9ceb4666d9,1. 인력양성,1-2. 이차전지 단독형,09. 지역고교 출신 입학생 증가율,2025,8,2026,31
ind_3b806a8833,1. 인력양성,1-2. 이차전지 단독형,10. 지역고교생 참여 프로그램 이수자 수,2025,40,2026,32
ind_3b806a8833,1. 인력양성,1-2. 이차전지 단독형,10. 지역고교생 참여 프로그램 이수자 수,2026,45,2026,32
ind_3b806a8833,1. 인력양성,1-2. 이차전지 단독형,10. 지역고교생 참여 프로그램 이수자 수,2027,50,2026,32
ind_3b806a8833,1. 인력양성,1-2. 이차전지 단독형,10. 지역고교생 참여 프로그램 이수자 수,2028,55,2026,32
ind_3b806a8833,1. 인력양성,1-2. 이차전지 단독형,10. 지역고교생 참여 프로그램 이수자 수,2029,60,2026,32
ind_e50136dbcf,1. 인력양성,1-2. 이차전지 단독형,11. 지역고교생 입학자 수,2025,2,2026,33
ind_e50136dbcf,1. 인력양성,1-2. 이차전지 단독형,11. 지역고교생 입학자 수,2026,3,2026,33
ind_e50136dbcf,1. 인력양성,1-2. 이차전지 단독형,11. 지역고교생 입학자 수,2027,4,2026,33
ind_e50136dbcf,1. 인력양성,1-2. 이차전지 단독형,11. 지역고교생 입학자 수,2028,5,2026,33
ind_e50136dbcf,1. 인력양성,1-2. 이차전지 단독형,11. 지역고교생 입학자 수,2029,6,2026,33
ind_2f78ebd098,1. 인력양성,1-2. 이차전지 단독형,(신규) 대학 전체 입학자 수,2025,2117,2026,34
ind_2f78ebd098,1. 인력양성,1-2. 이차전지 단독형,(신규) 대학 전체 입학자 수,2026,2117,2026,34
ind_2f78ebd098,1. 인력양성,1-2. 이차전지 단독형,(신규) 대학 전체 입학자 수,2027,2132,2026,34
ind_2f78ebd098,1. 인력양성,1-2. 이차전지 단독형,(신규) 대학 전체 입학자 수,2028,2147,2026,34
ind_2f78ebd098,1. 인력양성,1-2. 이차전지 단독형,(신규) 대학 전체 입학자 수,2029,2162,2026,34
ind_04ecf68b92,1. 인력양성,1-2. 이차전지 단독형,01. 지산학연 특화 교수법 운영 실적,2025,12.3,2026,35
ind_04ecf68b92,1. 인력양성,1-2. 이차전지 단독형,01. 지산학연 특화 교수법 운영 실적,2026,14.8,2026,35
ind_04ecf68b92,1. 인력양성,1-2. 이차전지 단독형,01. 지산학연 특화 교수법 운영 실적,2027,18.5,2026,35
ind_04ecf68b92,1. 인력양성,1-2. 이차전지 단독형,01. 지산학연 특화 교수법 운영 실적,2028,22.2,2026,35
ind_04ecf68b92,1. 인력양성,1-2. 이차전지 단독형,01. 지산학연 특화 교수법 운영 실적,2029,25.9,2026,35
ind_25ac353144,1. 인력양성,1-2. 이차전지 단독형,02. 교육과정 개발 실적,2025,1,2026,38
ind_25ac353144,1. 인력양성,1-2. 이차전지 단독형,02. 교육과정 개발 실적,2026,3.1,2026,38
ind_25ac353144,1. 인력양성,1-2. 이차전지 단독형,02. 교육과정 개발 실적,2027,5.5,2026,38
ind_25ac353144,1. 인력양성,1-2. 이차전지 단독형,02. 교육과정 개발 실적,2028,7.2,2026,38
ind_25ac353144,1. 인력양성,1-2. 이차전지 단독형,02. 교육과정 개발 실적,2029,9.6,2026,38
ind_50274365d6,1. 인력양성,1-2. 이차전지 단독형,03. 캡스톤디자인 이수학생 수,2025,70,2026,41
ind_50274365d6,1. 인력양성,1-2. 이차전지 단독형,03. 캡스톤디자인 이수학생 수,2026,75,2026,41
ind_50274365d6,1. 인력양성,1-2. 이차전지 단독형,03. 캡스톤디자인 이수학생 수,2027,77.5,2026,41
ind_50274365d6,1. 인력양성,1-2. 이차전지 단독형,03. 캡스톤디자인 이수학생 수,2028,82.5,2026,41
ind_50274365d6,1. 인력양성,1-2. 이차전지 단독형,03. 캡스톤디자인 이수학생 수,2029,85,2026,41
ind_9f383b4889,1. 인력양성,1-3. 바이오 단독형,02. 지역 내 취업자 수,2025,6,2026,46
ind_9f383b4889,1. 인력양성,1-3. 바이오 단독형,02. 지역 내 취업자 수,2026,7,2026,46
ind_9f383b4889,1. 인력양성,1-3. 바이오 단독형,02. 지역 내 취업자 수,2027,8,2026,46
ind_9f383b4889,1. 인력양성,1-3. 바이오 단독형,02. 지역 내 취업자 수,2028,9,2026,46
ind_9f383b4889,1. 인력양성,1-3. 바이오 단독형,02. 지역 내 취업자 수,2029,10,2026,46
ind_8526071799,1. 인력양성,1-3. 바이오 단독형,03. 지역 외(수도권 제외) 취업자 수,2025,14,2026,47
ind_8526071799,1. 인력양성,1-3. 바이오 단독형,03. 지역 외(수도권 제외) 취업자 수,2026,15,2026,47
ind_8526071799,1. 인력양성,1-3. 바이오 단독형,03. 지역 외(수도권 제외) 취업자 수,2027,16,2026,47
ind_8526071799,1. 인력양성,1-3. 바이오 단독형,03. 지역 외(수도권 제외) 취업자 수,2028,17,2026,47
ind_8526071799,1. 인력양성,1-3. 바이오 단독형,03. 지역 외(수도권 제외) 취업자 수,2029,18,2026,47
ind_7f14e76c1b,1. 인력양성,1-3. 바이오 단독형,05. 지역 외 4주 이상 8주 미만 표준현장실습 참여 학생 수,2025,1,2026,50
ind_7f14e76c1b,1. 인력양성,1-3. 바이오 단독형,05. 지역 외 4주 이상 8주 미만 표준현장실습 참여 학생 수,2026,1,2026,50
ind_7f14e76c1b,1. 인력양성,1-3. 바이오 단독형,05. 지역 외 4주 이상 8주 미만 표준현장실습 참여 학생 수,2027,1,2026,50
ind_7f14e76c1b,1. 인력양성,1-3. 바이오 단독형,05. 지역 외 4주 이상 8주 미만 표준현장실습 참여 학생 수,2028,1,2026,50
ind_7f14e76c1b,1. 인력양성,1-3. 바이오 단독형,05. 지역 외 4주 이상 8주 미만 표준현장실습 참여 학생 수,2029,1,2026,50
ind_754c43db41,1. 인력양성,1-3. 바이오 단독형,05. 지역 내 4주 이상 8주 미만 표준현장실습 참여 학생 수,2025,1,2026,51
ind_754c43db41,1. 인력양성,1-3. 바이오 단독형,05. 지역 내 4주 이상 8주 미만 표준현장실습 참여 학생 수,2026,2,2026,51
ind_754c43db41,1. 인력양성,1-3. 바이오 단독형,05. 지역 내 4주 이상 8주 미만 표준현장실습 참여 학생 수,2027,3,2026,51
ind_754c43db41,1. 인력양성,1-3. 바이오 단독형,05. 지역 내 4주 이상 8주 미만 표준현장실습 참여 학생 수,2028,4,2026,51
ind_754c43db41,1. 인력양성,1-3. 바이오 단독형,05. 지역 내 4주 이상 8주 미만 표준현장실습 참여 학생 수,2029,5,2026,51
ind_427fa3beba,1. 인력양성,1-3. 바이오 단독형,06. 지역 외 8주 이상 12주 미만 표준현장실습 참여 학생 수,2025,5,2026,52
ind_427fa3beba,1. 인력양성,1-3. 바이오 단독형,06. 지역 외 8주 이상 12주 미만 표준현장실습 참여 학생 수,2026,5,2026,52
ind_427fa3beba,1. 인력양성,1-3. 바이오 단독형,06. 지역 외 8주 이상 12주 미만 표준현장실습 참여 학생 수,2027,5,2026,52
ind_427fa3beba,1. 인력양성,1-3. 바이오 단독형,06. 지역 외 8주 이상 12주 미만 표준현장실습 참여 학생 수,2028,5,2026,52
ind_427fa3beba,1. 인력양성,1-3. 바이오 단독형,06. 지역 외 8주 이상 12주 미만 표준현장실습 참여 학생 수,2029,5,2026,52
ind_33b5d0c032,1. 인력양성,1-3. 바이오 단독형,06. 지역 내 8주 이상 12주 미만 표준현장실습 참여 학생 수,2025,2,2026,53
ind_33b5d0c032,1. 인력양성,1-3. 바이오 단독형,06. 지역 내 8주 이상 12주 미만 표준현장실습 참여 학생 수,2026,3,2026,53
ind_33b5d0c032,1. 인력양성,1-3. 바이오 단독형,06. 지역 내 8주 이상 12주 미만 표준현장실습 참여 학생 수,2027,4,2026,53
ind_33b5d0c032,1. 인력양성,1-3. 바이오 단독형,06. 지역 내 8주 이상 12주 미만 표준현장실습 참여 학생 수,2028,5,2026,53
ind_33b5d0c032,1. 인력양성,1-3. 바이오 단독형,06. 지역 내 8주 이상 12주 미만 표준현장실습 참여 학생 수,2029,6,2026,53
ind_b41b07e837,1. 인력양성,1-3. 바이오 단독형,07. 지역 외 12주 이상 표준현장실습 참여 학생 수,2025,5,2026,54
ind_b41b07e837,1. 인력양성,1-3. 바이오 단독형,07. 지역 외 12주 이상 표준현장실습 참여 학생 수,2026,5,2026,54
ind_b41b07e837,1. 인력양성,1-3. 바이오 단독형,07. 지역 외 12주 이상 표준현장실습 참여 학생 수,2027,5,2026,54
ind_b41b07e837,1. 인력양성,1-3. 바이오 단독형,07. 지역 외 12주 이상 표준현장실습 참여 학생 수,2028,5,2026,54
ind_b41b07e837,1. 인력양성,1-3. 바이오 단독형,07. 지역 외 12주 이상 표준현장실습 참여 학생 수,2029,5,2026,54
ind_fcf034942d,1. 인력양성,1-3. 바이오 단독형,07. 지역 내 12주 이상 표준현장실습 참여 학생 수,2025,1,2026,55
ind_fcf034942d,1. 인력양성,1-3. 바이오 단독형,07. 지역 내 12주 이상 표준현장실습 참여 학생 수,2026,2,2026,55
ind_fcf034942d,1. 인력양성,1-3. 바이오 단독형,07. 지역 내 12주 이상 표준현장실습 참여 학생 수,2027,3,2026,55
ind_fcf034942d,1. 인력양성,1-3. 바이오 단독형,07. 지역 내 12주 이상 표준현장실습 참여 학생 수,2028,4,2026,55
ind_fcf034942d,1. 인력양성,1-3. 바이오 단독형,07. 지역 내 12주 이상 표준현장실습 참여 학생 수,2029,5,2026,55
ind_e9745c19f0,1. 인력양성,1-3. 바이오 단독형,08. 표준현장실습 참여자 중 실습기업 취업자 수,2025,1,2026,56
ind_e9745c19f0,1. 인력양성,1-3. 바이오 단독형,08. 표준현장실습 참여자 중 실습기업 취업자 수,2026,1,2026,56
ind_e9745c19f0,1. 인력양성,1-3. 바이오 단독형,08. 표준현장실습 참여자 중 실습기업 취업자 수,2027,2,2026,56
ind_e9745c19f0,1. 인력양성,1-3. 바이오 단독형,08. 표준현장실습 참여자 중 실습기업 취업자 수,2028,2,2026,56
ind_e9745c19f0,1. 인력양성,1-3. 바이오 단독형,08. 표준현장실습 참여자 중 실습기업 취업자 수,2029,3,2026,56
ind_31b6ee26d3,1. 인력양성,1-3. 바이오 단독형,(신규) 대학 전체 재학생 수,2025,7950,2026,57
ind_31b6ee26d3,1. 인력양성,1-3. 바이오 단독형,(신규) 대학 전체 재학생 수,2026,7950,2026,57
ind_31b6ee26d3,1. 인력양성,1-3. 바이오 단독형,(신규) 대학 전체 재학생 수,2027,7990,2026,57
ind_31b6ee26d3,1. 인력양성,1-3. 바이오 단독형,(신규) 대학 전체 재학생 수,2028,8030,2026,57
ind_31b6ee26d3,1. 인력양성,1-3. 바이오 단독형,(신규) 대학 전체 재학생 수,2029,8070,2026,57
ind_af1b4af73f,1. 인력양성,1-3. 바이오 단독형,10. 지역고교생 참여 프로그램 이수자 수,2025,40,2026,59
ind_af1b4af73f,1. 인력양성,1-3. 바이오 단독형,10. 지역고교생 참여 프로그램 이수자 수,2026,45,2026,59
ind_af1b4af73f,1. 인력양성,1-3. 바이오 단독형,10. 지역고교생 참여 프로그램 이수자 수,2027,50,2026,59
ind_af1b4af73f,1. 인력양성,1-3. 바이오 단독형,10. 지역고교생 참여 프로그램 이수자 수,2028,55,2026,59
ind_af1b4af73f,1. 인력양성,1-3. 바이오 단독형,10. 지역고교생 참여 프로그램 이수자 수,2029,60,2026,59
ind_79360ff0b6,1. 인력양성,1-3. 바이오 단독형,11. 지역고교생 입학자 수,2025,2,2026,60
ind_79360ff0b6,1. 인력양성,1-3. 바이오 단독형,11. 지역고교생 입학자 수,2026,3,2026,60
ind_79360ff0b6,1. 인력양성,1-3. 바이오 단독형,11. 지역고교생 입학자 수,2027,4,2026,60
ind_79360ff0b6,1. 인력양성,1-3. 바이오 단독형,11. 지역고교생 입학자 수,2028,5,2026,60
ind_79360ff0b6,1. 인력양성,1-3. 바이오 단독형,11. 지역고교생 입학자 수,2029,6,2026,60
ind_7e134ac1f0,1. 인력양성,1-3. 바이오 단독형,01. 지산학연 특화 교수법 운영 실적,2025,46.1,2026,61
ind_7e134ac1f0,1. 인력양성,1-3. 바이오 단독형,01. 지산학연 특화 교수법 운영 실적,2026,49.2,2026,61
ind_7e134ac1f0,1. 인력양성,1-3. 바이오 단독형,01. 지산학연 특화 교수법 운영 실적,2027,52.9,2026,61
ind_7e134ac1f0,1. 인력양성,1-3. 바이오 단독형,01. 지산학연 특화 교수법 운영 실적,2028,56.6,2026,61
ind_7e134ac1f0,1. 인력양성,1-3. 바이오 단독형,01. 지산학연 특화 교수법 운영 실적,2029,60.3,2026,61
ind_30eb9ffdc8,1. 인력양성,1-3. 바이오 단독형,02. 교육과정 개발 실적,2025,1,2026,64
ind_30eb9ffdc8,1. 인력양성,1-3. 바이오 단독형,02. 교육과정 개발 실적,2026,3.1,2026,64
ind_30eb9ffdc8,1. 인력양성,1-3. 바이오 단독형,02. 교육과정 개발 실적,2027,5.5,2026,64
ind_30eb9ffdc8,1. 인력양성,1-3. 바이오 단독형,02. 교육과정 개발 실적,2028,7.2,2026,64
ind_30eb9ffdc8,1. 인력양성,1-3. 바이오 단독형,02. 교육과정 개발 실적,2029,9.6,2026,64
ind_ef7ccee874,1. 인력양성,1-3. 바이오 단독형,03. 캡스톤디자인 이수학생 수,2025,707.5,2026,67
ind_ef7ccee874,1. 인력양성,1-3. 바이오 단독형,03. 캡스톤디자인 이수학생 수,2026,720,2026,67
ind_ef7ccee874,1. 인력양성,1-3. 바이오 단독형,03. 캡스톤디자인 이수학생 수,2027,730,2026,67
ind_ef7ccee874,1. 인력양성,1-3. 바이오 단독형,03. 캡스톤디자인 이수학생 수,2028,740,2026,67
ind_ef7ccee874,1. 인력양성,1-3. 바이오 단독형,03. 캡스톤디자인 이수학생 수,2029,751.5,2026,67
ind_907a8d56c5,1. 인력양성,1-4. 반도체 단독형,02. 지역 내 취업자 수,2025,6,2026,72
ind_907a8d56c5,1. 인력양성,1-4. 반도체 단독형,02. 지역 내 취업자 수,2026,7,2026,72
ind_907a8d56c5,1. 인력양성,1-4. 반도체 단독형,02. 지역 내 취업자 수,2027,8,2026,72
ind_907a8d56c5,1. 인력양성,1-4. 반도체 단독형,02. 지역 내 취업자 수,2028,9,2026,72
ind_907a8d56c5,1. 인력양성,1-4. 반도체 단독형,02. 지역 내 취업자 수,2029,10,2026,72
ind_959cef5090,1. 인력양성,1-4. 반도체 단독형,03. 지역 외(수도권 제외) 취업자 수,2025,14,2026,73
ind_959cef5090,1. 인력양성,1-4. 반도체 단독형,03. 지역 외(수도권 제외) 취업자 수,2026,15,2026,73
ind_959cef5090,1. 인력양성,1-4. 반도체 단독형,03. 지역 외(수도권 제외) 취업자 수,2027,16,2026,73
ind_959cef5090,1. 인력양성,1-4. 반도체 단독형,03. 지역 외(수도권 제외) 취업자 수,2028,17,2026,73
ind_959cef5090,1. 인력양성,1-4. 반도체 단독형,03. 지역 외(수도권 제외) 취업자 수,2029,18,2026,73
ind_68795755bd,1. 인력양성,1-4. 반도체 단독형,05. 지역 외 4주 이상 8주 미만 표준현장실습 참여 학생 수,2025,1,2026,76
ind_68795755bd,1. 인력양성,1-4. 반도체 단독형,05. 지역 외 4주 이상 8주 미만 표준현장실습 참여 학생 수,2026,1,2026,76
ind_68795755bd,1. 인력양성,1-4. 반도체 단독형,05. 지역 외 4주 이상 8주 미만 표준현장실습 참여 학생 수,2027,1,2026,76
ind_68795755bd,1. 인력양성,1-4. 반도체 단독형,05. 지역 외 4주 이상 8주 미만 표준현장실습 참여 학생 수,2028,1,2026,76
ind_68795755bd,1. 인력양성,1-4. 반도체 단독형,05. 지역 외 4주 이상 8주 미만 표준현장실습 참여 학생 수,2029,1,2026,76
ind_ea41ba272e,1. 인력양성,1-4. 반도체 단독형,05. 지역 내 4주 이상 8주 미만 표준현장실습 참여 학생 수,2025,1,2026,77
ind_ea41ba272e,1. 인력양성,1-4. 반도체 단독형,05. 지역 내 4주 이상 8주 미만 표준현장실습 참여 학생 수,2026,2,2026,77
ind_ea41ba272e,1. 인력양성,1-4. 반도체 단독형,05. 지역 내 4주 이상 8주 미만 표준현장실습 참여 학생 수,2027,3,2026,77
ind_ea41ba272e,1. 인력양성,1-4. 반도체 단독형,05. 지역 내 4주 이상 8주 미만 표준현장실습 참여 학생 수,2028,4,2026,77
ind_ea41ba272e,1. 인력양성,1-4. 반도체 단독형,05. 지역 내 4주 이상 8주 미만 표준현장실습 참여 학생 수,2029,5,2026,77
ind_253ac25950,1. 인력양성,1-4. 반도체 단독형,06. 지역 외 8주 이상 12주 미만 표준현장실습 참여 학생 수,2025,5,2026,78
ind_253ac25950,1. 인력양성,1-4. 반도체 단독형,06. 지역 외 8주 이상 12주 미만 표준현장실습 참여 학생 수,2026,5,2026,78
ind_253ac25950,1. 인력양성,1-4. 반도체 단독형,06. 지역 외 8주 이상 12주 미만 표준현장실습 참여 학생 수,2027,5,2026,78
ind_253ac25950,1. 인력양성,1-4. 반도체 단독형,06. 지역 외 8주 이상 12주 미만 표준현장실습 참여 학생 수,2028,5,2026,78
ind_253ac25950,1. 인력양성,1-4. 반도체 단독형,06. 지역 외 8주 이상 12주 미만 표준현장실습 참여 학생 수,2029,5,2026,78
ind_d0718304f0,1. 인력양성,1-4. 반도체 단독형,06. 지역 내 8주 이상 12주 미만 표준현장실습 참여 학생 수,2025,2,2026,79
ind_d0718304f0,1. 인력양성,1-4. 반도체 단독형,06. 지역 내 8주 이상 12주 미만 표준현장실습 참여 학생 수,2026,3,2026,79
ind_d0718304f0,1. 인력양성,1-4. 반도체 단독형,06. 지역 내 8주 이상 12주 미만 표준현장실습 참여 학생 수,2027,4,2026,79
ind_d0718304f0,1. 인력양성,1-4. 반도체 단독형,06. 지역 내 8주 이상 12주 미만 표준현장실습 참여 학생 수,2028,5,2026,79
ind_d0718304f0,1. 인력양성,1-4. 반도체 단독형,06. 지역 내 8주 이상 12주 미만 표준현장실습 참여 학생 수,2029,6,2026,79
ind_c002216173,1. 인력양성,1-4. 반도체 단독형,07. 지역 외 12주 이상 표준현장실습 참여 학생 수,2025,5,2026,80
ind_c002216173,1. 인력양성,1-4. 반도체 단독형,07. 지역 외 12주 이상 표준현장실습 참여 학생 수,2026,5,2026,80
ind_c002216173,1. 인력양성,1-4. 반도체 단독형,07. 지역 외 12주 이상 표준현장실습 참여 학생 수,2027,5,2026,80
ind_c002216173,1. 인력양성,1-4. 반도체 단독형,07. 지역 외 12주 이상 표준현장실습 참여 학생 수,2028,5,2026,80
ind_c002216173,1. 인력양성,1-4. 반도체 단독형,07. 지역 외 12주 이상 표준현장실습 참여 학생 수,2029,5,2026,80
ind_ed38e2ce36,1. 인력양성,1-4. 반도체 단독형,07. 지역 내 12주 이상 표준현장실습 참여 학생 수,2025,1,2026,81
ind_ed38e2ce36,1. 인력양성,1-4. 반도체 단독형,07. 지역 내 12주 이상 표준현장실습 참여 학생 수,2026,2,2026,81
ind_ed38e2ce36,1. 인력양성,1-4. 반도체 단독형,07. 지역 내 12주 이상 표준현장실습 참여 학생 수,2027,3,2026,81
ind_ed38e2ce36,1. 인력양성,1-4. 반도체 단독형,07. 지역 내 12주 이상 표준현장실습 참여 학생 수,2028,4,2026,81
ind_ed38e2ce36,1. 인력양성,1-4. 반도체 단독형,07. 지역 내 12주 이상 표준현장실습 참여 학생 수,2029,5,2026,81
ind_d2b94234dc,1. 인력양성,1-4. 반도체 단독형,08. 표준현장실습 참여자 중 실습기업 취업자 수,2025,1,2026,82
ind_d2b94234dc,1. 인력양성,1-4. 반도체 단독형,08. 표준현장실습 참여자 중 실습기업 취업자 수,2026,1,2026,82
ind_d2b94234dc,1. 인력양성,1-4. 반도체 단독형,08. 표준현장실습 참여자 중 실습기업 취업자 수,2027,2,2026,82
ind_d2b94234dc,1. 인력양성,1-4. 반도체 단독형,08. 표준현장실습 참여자 중 실습기업 취업자 수,2028,2,2026,82
ind_d2b94234dc,1. 인력양성,1-4. 반도체 단독형,08. 표준현장실습 참여자 중 실습기업 취업자 수,2029,3,2026,82
ind_b5b9c0a14b,1. 인력양성,1-4. 반도체 단독형,(신규) 대학 전체 재학생 수,2025,7950,2026,83
ind_b5b9c0a14b,1. 인력양성,1-4. 반도체 단독형,(신규) 대학 전체 재학생 수,2026,7950,2026,83
ind_b5b9c0a14b,1. 인력양성,1-4. 반도체 단독형,(신규) 대학 전체 재학생 수,2027,7990,2026,83
ind_b5b9c0a14b,1. 인력양성,1-4. 반도체 단독형,(신규) 대학 전체 재학생 수,2028,8030,2026,83
ind_b5b9c0a14b,1. 인력양성,1-4. 반도체 단독형,(신규) 대학 전체 재학생 수,2029,8070,2026,83
ind_958245e113,1. 인력양성,1-4. 반도체 단독형,10. 지역고교생 참여 프로그램 이수자 수,2025,40,2026,85
ind_958245e113,1. 인력양성,1-4. 반도체 단독형,10. 지역고교생 참여 프로그램 이수자 수,2026,45,2026,85
ind_958245e113,1. 인력양성,1-4. 반도체 단독형,10. 지역고교생 참여 프로그램 이수자 수,2027,50,2026,85
ind_958245e113,1. 인력양성,1-4. 반도체 단독형,10. 지역고교생 참여 프로그램 이수자 수,2028,55,2026,85
ind_958245e113,1. 인력양성,1-4. 반도체 단독형,10. 지역고교생 참여 프로그램 이수자 수,2029,60,2026,85
ind_0b5ce22be7,1. 인력양성,1-4. 반도체 단독형,11. 지역고교생 입학자 수,2025,2,2026,86
ind_0b5ce22be7,1. 인력양성,1-4. 반도체 단독형,11. 지역고교생 입학자 수,2026,3,2026,86
ind_0b5ce22be7,1. 인력양성,1-4. 반도체 단독형,11. 지역고교생 입학자 수,2027,4,2026,86
ind_0b5ce22be7,1. 인력양성,1-4. 반도체 단독형,11. 지역고교생 입학자 수,2028,5,2026,86
ind_0b5ce22be7,1. 인력양성,1-4. 반도체 단독형,11. 지역고교생 입학자 수,2029,6,2026,86
ind_795943b0e2,1. 인력양성,1-4. 반도체 단독형,01. 지산학연 특화 교수법 운영 실적,2025,4.4,2026,87
ind_795943b0e2,1. 인력양성,1-4. 반도체 단독형,01. 지산학연 특화 교수법 운영 실적,2026,6.6,2026,87
ind_795943b0e2,1. 인력양성,1-4. 반도체 단독형,01. 지산학연 특화 교수법 운영 실적,2027,8.8,2026,87
ind_795943b0e2,1. 인력양성,1-4. 반도체 단독형,01. 지산학연 특화 교수법 운영 실적,2028,11,2026,87
ind_795943b0e2,1. 인력양성,1-4. 반도체 단독형,01. 지산학연 특화 교수법 운영 실적,2029,13.2,2026,87
ind_de1888c79f,1. 인력양성,1-4. 반도체 단독형,02. 교육과정 개발 실적,2025,1,2026,90
ind_de1888c79f,1. 인력양성,1-4. 반도체 단독형,02. 교육과정 개발 실적,2026,3.1,2026,90
ind_de1888c79f,1. 인력양성,1-4. 반도체 단독형,02. 교육과정 개발 실적,2027,5.5,2026,90
ind_de1888c79f,1. 인력양성,1-4. 반도체 단독형,02. 교육과정 개발 실적,2028,7.2,2026,90
ind_de1888c79f,1. 인력양성,1-4. 반도체 단독형,02. 교육과정 개발 실적,2029,9.6,2026,90
ind_4a61b68079,1. 인력양성,1-4. 반도체 단독형,03. 캡스톤디자인 이수학생 수,2025,421,2026,93
ind_4a61b68079,1. 인력양성,1-4. 반도체 단독형,03. 캡스톤디자인 이수학생 수,2026,430,2026,93
ind_4a61b68079,1. 인력양성,1-4. 반도체 단독형,03. 캡스톤디자인 이수학생 수,2027,440,2026,93
ind_4a61b68079,1. 인력양성,1-4. 반도체 단독형,03. 캡스톤디자인 이수학생 수,2028,450,2026,93
ind_4a61b68079,1. 인력양성,1-4. 반도체 단독형,03. 캡스톤디자인 이수학생 수,2029,460,2026,93
ind_30c5a97f53,1. 인력양성,2-1. 충주시,02. 지역 내 취업자 수,2025,150,2026,98
ind_30c5a97f53,1. 인력양성,2-1. 충주시,02. 지역 내 취업자 수,2026,152,2026,98
ind_30c5a97f53,1. 인력양성,2-1. 충주시,02. 지역 내 취업자 수,2027,154,2026,98
ind_30c5a97f53,1. 인력양성,2-1. 충주시,02. 지역 내 취업자 수,2028,156,2026,98
ind_30c5a97f53,1. 인력양성,2-1. 충주시,02. 지역 내 취업자 수,2029,158,2026,98
ind_19db8e7961,1. 인력양성,2-1. 충주시,03. 지역 외(수도권 제외) 취업자 수,2025,360,2026,99
ind_19db8e7961,1. 인력양성,2-1. 충주시,03. 지역 외(수도권 제외) 취업자 수,2026,361,2026,99
ind_19db8e7961,1. 인력양성,2-1. 충주시,03. 지역 외(수도권 제외) 취업자 수,2027,362,2026,99
ind_19db8e7961,1. 인력양성,2-1. 충주시,03. 지역 외(수도권 제외) 취업자 수,2028,363,2026,99
ind_19db8e7961,1. 인력양성,2-1. 충주시,03. 지역 외(수도권 제외) 취업자 수,2029,364,2026,99
ind_38aa05c190,1. 인력양성,2-1. 충주시,05. 지역 외 4주 이상 8주 미만 표준현장실습 참여 학생 수,2025,7,2026,102
ind_38aa05c190,1. 인력양성,2-1. 충주시,05. 지역 외 4주 이상 8주 미만 표준현장실습 참여 학생 수,2026,7,2026,102
ind_38aa05c190,1. 인력양성,2-1. 충주시,05. 지역 외 4주 이상 8주 미만 표준현장실습 참여 학생 수,2027,7,2026,102
ind_38aa05c190,1. 인력양성,2-1. 충주시,05. 지역 외 4주 이상 8주 미만 표준현장실습 참여 학생 수,2028,7,2026,102
ind_38aa05c190,1. 인력양성,2-1. 충주시,05. 지역 외 4주 이상 8주 미만 표준현장실습 참여 학생 수,2029,7,2026,102
ind_c004df1e7e,1. 인력양성,2-1. 충주시,05. 지역 내 4주 이상 8주 미만 표준현장실습 참여 학생 수,2025,2,2026,103
ind_c004df1e7e,1. 인력양성,2-1. 충주시,05. 지역 내 4주 이상 8주 미만 표준현장실습 참여 학생 수,2026,3,2026,103
ind_c004df1e7e,1. 인력양성,2-1. 충주시,05. 지역 내 4주 이상 8주 미만 표준현장실습 참여 학생 수,2027,4,2026,103
ind_c004df1e7e,1. 인력양성,2-1. 충주시,05. 지역 내 4주 이상 8주 미만 표준현장실습 참여 학생 수,2028,5,2026,103
ind_c004df1e7e,1. 인력양성,2-1. 충주시,05. 지역 내 4주 이상 8주 미만 표준현장실습 참여 학생 수,2029,6,2026,103
ind_4b6783110c,1. 인력양성,2-1. 충주시,06. 지역 외 8주 이상 12주 미만 표준현장실습 참여 학생 수,2025,23,2026,104
ind_4b6783110c,1. 인력양성,2-1. 충주시,06. 지역 외 8주 이상 12주 미만 표준현장실습 참여 학생 수,2026,23,2026,104
ind_4b6783110c,1. 인력양성,2-1. 충주시,06. 지역 외 8주 이상 12주 미만 표준현장실습 참여 학생 수,2027,23,2026,104
ind_4b6783110c,1. 인력양성,2-1. 충주시,06. 지역 외 8주 이상 12주 미만 표준현장실습 참여 학생 수,2028,23,2026,104
ind_4b6783110c,1. 인력양성,2-1. 충주시,06. 지역 외 8주 이상 12주 미만 표준현장실습 참여 학생 수,2029,23,2026,104
ind_6e381457e1,1. 인력양성,2-1. 충주시,06. 지역 내 8주 이상 12주 미만 표준현장실습 참여 학생 수,2025,8,2026,105
ind_6e381457e1,1. 인력양성,2-1. 충주시,06. 지역 내 8주 이상 12주 미만 표준현장실습 참여 학생 수,2026,9,2026,105
ind_6e381457e1,1. 인력양성,2-1. 충주시,06. 지역 내 8주 이상 12주 미만 표준현장실습 참여 학생 수,2027,10,2026,105
ind_6e381457e1,1. 인력양성,2-1. 충주시,06. 지역 내 8주 이상 12주 미만 표준현장실습 참여 학생 수,2028,11,2026,105
ind_6e381457e1,1. 인력양성,2-1. 충주시,06. 지역 내 8주 이상 12주 미만 표준현장실습 참여 학생 수,2029,12,2026,105
ind_fdf498da2a,1. 인력양성,2-1. 충주시,07. 지역 외 12주 이상 표준현장실습 참여 학생 수,2025,22,2026,106
ind_fdf498da2a,1. 인력양성,2-1. 충주시,07. 지역 외 12주 이상 표준현장실습 참여 학생 수,2026,22,2026,106
ind_fdf498da2a,1. 인력양성,2-1. 충주시,07. 지역 외 12주 이상 표준현장실습 참여 학생 수,2027,22,2026,106
ind_fdf498da2a,1. 인력양성,2-1. 충주시,07. 지역 외 12주 이상 표준현장실습 참여 학생 수,2028,22,2026,106
ind_fdf498da2a,1. 인력양성,2-1. 충주시,07. 지역 외 12주 이상 표준현장실습 참여 학생 수,2029,22,2026,106
ind_557b79eb0b,1. 인력양성,2-1. 충주시,07. 지역 내 12주 이상 표준현장실습 참여 학생 수,2025,8,2026,107
ind_557b79eb0b,1. 인력양성,2-1. 충주시,07. 지역 내 12주 이상 표준현장실습 참여 학생 수,2026,9,2026,107
ind_557b79eb0b,1. 인력양성,2-1. 충주시,07. 지역 내 12주 이상 표준현장실습 참여 학생 수,2027,10,2026,107
ind_557b79eb0b,1. 인력양성,2-1. 충주시,07. 지역 내 12주 이상 표준현장실습 참여 학생 수,2028,11,2026,107
ind_557b79eb0b,1. 인력양성,2-1. 충주시,07. 지역 내 12주 이상 표준현장실습 참여 학생 수,2029,12,2026,107
ind_c6a7bb7d9b,1. 인력양성,2-1. 충주시,08. 표준현장실습 참여자 중 실습기업 취업자 수,2025,1,2026,108
ind_c6a7bb7d9b,1. 인력양성,2-1. 충주시,08. 표준현장실습 참여자 중 실습기업 취업자 수,2026,1,2026,108
ind_c6a7bb7d9b,1. 인력양성,2-1. 충주시,08. 표준현장실습 참여자 중 실습기업 취업자 수,2027,2,2026,108
ind_c6a7bb7d9b,1. 인력양성,2-1. 충주시,08. 표준현장실습 참여자 중 실습기업 취업자 수,2028,2,2026,108
ind_c6a7bb7d9b,1. 인력양성,2-1. 충주시,08. 표준현장실습 참여자 중 실습기업 취업자 수,2029,3,2026,108
ind_5d93644893,1. 인력양성,2-1. 충주시,(신규) 대학 전체 재학생 수,2025,7950,2026,109
ind_5d93644893,1. 인력양성,2-1. 충주시,(신규) 대학 전체 재학생 수,2026,7950,2026,109
ind_5d93644893,1. 인력양성,2-1. 충주시,(신규) 대학 전체 재학생 수,2027,7990,2026,109
ind_5d93644893,1. 인력양성,2-1. 충주시,(신규) 대학 전체 재학생 수,2028,8030,2026,109
ind_5d93644893,1. 인력양성,2-1. 충주시,(신규) 대학 전체 재학생 수,2029,8070,2026,109
ind_07cf0e5504,1. 인력양성,2-1. 충주시,10. 지역고교생 참여 프로그램 이수자 수,2025,200,2026,111
ind_07cf0e5504,1. 인력양성,2-1. 충주시,10. 지역고교생 참여 프로그램 이수자 수,2026,210,2026,111
ind_07cf0e5504,1. 인력양성,2-1. 충주시,10. 지역고교생 참여 프로그램 이수자 수,2027,220,2026,111
ind_07cf0e5504,1. 인력양성,2-1. 충주시,10. 지역고교생 참여 프로그램 이수자 수,2028,230,2026,111
ind_07cf0e5504,1. 인력양성,2-1. 충주시,10. 지역고교생 참여 프로그램 이수자 수,2029,240,2026,111
ind_4730e72b07,1. 인력양성,2-1. 충주시,11. 지역고교생 입학자 수,2025,20,2026,112
ind_4730e72b07,1. 인력양성,2-1. 충주시,11. 지역고교생 입학자 수,2026,21,2026,112
ind_4730e72b07,1. 인력양성,2-1. 충주시,11. 지역고교생 입학자 수,2027,22,2026,112
ind_4730e72b07,1. 인력양성,2-1. 충주시,11. 지역고교생 입학자 수,2028,23,2026,112
ind_4730e72b07,1. 인력양성,2-1. 충주시,11. 지역고교생 입학자 수,2029,24,2026,112
ind_3345f8998b,1. 인력양성,2-1. 충주시,01. 지역 정주형 취업역량 강화 실적,2025,3329,2026,113
ind_3345f8998b,1. 인력양성,2-1. 충주시,01. 지역 정주형 취업역량 강화 실적,2026,3495,2026,113
ind_3345f8998b,1. 인력양성,2-1. 충주시,01. 지역 정주형 취업역량 강화 실적,2027,3670,2026,113
ind_3345f8998b,1. 인력양성,2-1. 충주시,01. 지역 정주형 취업역량 강화 실적,2028,3850,2026,113
ind_3345f8998b,1. 인력양성,2-1. 충주시,01. 지역 정주형 취업역량 강화 실적,2029,4050,2026,113
ind_d3b27222a8,1. 인력양성,2-1. 충주시,02. 시군특화 산업 인재양성 프로그램 실적,2025,43,2026,116
ind_d3b27222a8,1. 인력양성,2-1. 충주시,02. 시군특화 산업 인재양성 프로그램 실적,2026,48.1,2026,116
ind_d3b27222a8,1. 인력양성,2-1. 충주시,02. 시군특화 산업 인재양성 프로그램 실적,2027,52.5,2026,116
ind_d3b27222a8,1. 인력양성,2-1. 충주시,02. 시군특화 산업 인재양성 프로그램 실적,2028,56.9,2026,116
ind_d3b27222a8,1. 인력양성,2-1. 충주시,02. 시군특화 산업 인재양성 프로그램 실적,2029,62,2026,116
ind_a374eea002,1. 인력양성,2-1. 충주시,03. 지산학연 공유·협업 기반의 포럼·세미나·교류회·업무협약 등 활동 실적,2025,183.2,2026,119
ind_a374eea002,1. 인력양성,2-1. 충주시,03. 지산학연 공유·협업 기반의 포럼·세미나·교류회·업무협약 등 활동 실적,2026,193.1,2026,119
ind_a374eea002,1. 인력양성,2-1. 충주시,03. 지산학연 공유·협업 기반의 포럼·세미나·교류회·업무협약 등 활동 실적,2027,201.8,2026,119
ind_a374eea002,1. 인력양성,2-1. 충주시,03. 지산학연 공유·협업 기반의 포럼·세미나·교류회·업무협약 등 활동 실적,2028,212,2026,119
ind_a374eea002,1. 인력양성,2-1. 충주시,03. 지산학연 공유·협업 기반의 포럼·세미나·교류회·업무협약 등 활동 실적,2029,222.2,2026,119
ind_ca264ae355,1. 인력양성,2-2. 증평군,02. 지역 내 취업자 수,2025,22,2026,124
ind_ca264ae355,1. 인력양성,2-2. 증평군,02. 지역 내 취업자 수,2026,23,2026,124
ind_ca264ae355,1. 인력양성,2-2. 증평군,02. 지역 내 취업자 수,2027,24,2026,124
ind_ca264ae355,1. 인력양성,2-2. 증평군,02. 지역 내 취업자 수,2028,25,2026,124
ind_ca264ae355,1. 인력양성,2-2. 증평군,02. 지역 내 취업자 수,2029,26,2026,124
ind_2baa0627b1,1. 인력양성,2-2. 증평군,03. 지역 외(수도권 제외) 취업자 수,2025,53,2026,125
ind_2baa0627b1,1. 인력양성,2-2. 증평군,03. 지역 외(수도권 제외) 취업자 수,2026,54,2026,125
ind_2baa0627b1,1. 인력양성,2-2. 증평군,03. 지역 외(수도권 제외) 취업자 수,2027,55,2026,125
ind_2baa0627b1,1. 인력양성,2-2. 증평군,03. 지역 외(수도권 제외) 취업자 수,2028,56,2026,125
ind_2baa0627b1,1. 인력양성,2-2. 증평군,03. 지역 외(수도권 제외) 취업자 수,2029,57,2026,125
ind_c07e9cea98,1. 인력양성,2-2. 증평군,05. 지역 외 4주 이상 8주 미만 표준현장실습 참여 학생 수,2025,1,2026,128
ind_c07e9cea98,1. 인력양성,2-2. 증평군,05. 지역 외 4주 이상 8주 미만 표준현장실습 참여 학생 수,2026,1,2026,128
ind_c07e9cea98,1. 인력양성,2-2. 증평군,05. 지역 외 4주 이상 8주 미만 표준현장실습 참여 학생 수,2027,1,2026,128
ind_c07e9cea98,1. 인력양성,2-2. 증평군,05. 지역 외 4주 이상 8주 미만 표준현장실습 참여 학생 수,2028,1,2026,128
ind_c07e9cea98,1. 인력양성,2-2. 증평군,05. 지역 외 4주 이상 8주 미만 표준현장실습 참여 학생 수,2029,1,2026,128
ind_0417250b7a,1. 인력양성,2-2. 증평군,05. 지역 내 4주 이상 8주 미만 표준현장실습 참여 학생 수,2025,1,2026,129
ind_0417250b7a,1. 인력양성,2-2. 증평군,05. 지역 내 4주 이상 8주 미만 표준현장실습 참여 학생 수,2026,2,2026,129
ind_0417250b7a,1. 인력양성,2-2. 증평군,05. 지역 내 4주 이상 8주 미만 표준현장실습 참여 학생 수,2027,3,2026,129
ind_0417250b7a,1. 인력양성,2-2. 증평군,05. 지역 내 4주 이상 8주 미만 표준현장실습 참여 학생 수,2028,4,2026,129
ind_0417250b7a,1. 인력양성,2-2. 증평군,05. 지역 내 4주 이상 8주 미만 표준현장실습 참여 학생 수,2029,5,2026,129
ind_523ebc0949,1. 인력양성,2-2. 증평군,06. 지역 외 8주 이상 12주 미만 표준현장실습 참여 학생 수,2025,5,2026,130
ind_523ebc0949,1. 인력양성,2-2. 증평군,06. 지역 외 8주 이상 12주 미만 표준현장실습 참여 학생 수,2026,5,2026,130
ind_523ebc0949,1. 인력양성,2-2. 증평군,06. 지역 외 8주 이상 12주 미만 표준현장실습 참여 학생 수,2027,5,2026,130
ind_523ebc0949,1. 인력양성,2-2. 증평군,06. 지역 외 8주 이상 12주 미만 표준현장실습 참여 학생 수,2028,5,2026,130
ind_523ebc0949,1. 인력양성,2-2. 증평군,06. 지역 외 8주 이상 12주 미만 표준현장실습 참여 학생 수,2029,5,2026,130
ind_b881da94d7,1. 인력양성,2-2. 증평군,06. 지역 내 8주 이상 12주 미만 표준현장실습 참여 학생 수,2025,1,2026,131
ind_b881da94d7,1. 인력양성,2-2. 증평군,06. 지역 내 8주 이상 12주 미만 표준현장실습 참여 학생 수,2026,2,2026,131
ind_b881da94d7,1. 인력양성,2-2. 증평군,06. 지역 내 8주 이상 12주 미만 표준현장실습 참여 학생 수,2027,3,2026,131
ind_b881da94d7,1. 인력양성,2-2. 증평군,06. 지역 내 8주 이상 12주 미만 표준현장실습 참여 학생 수,2028,4,2026,131
ind_b881da94d7,1. 인력양성,2-2. 증평군,06. 지역 내 8주 이상 12주 미만 표준현장실습 참여 학생 수,2029,5,2026,131
ind_cc950d9bb8,1. 인력양성,2-2. 증평군,07. 지역 외 12주 이상 표준현장실습 참여 학생 수,2025,5,2026,132
ind_cc950d9bb8,1. 인력양성,2-2. 증평군,07. 지역 외 12주 이상 표준현장실습 참여 학생 수,2026,5,2026,132
ind_cc950d9bb8,1. 인력양성,2-2. 증평군,07. 지역 외 12주 이상 표준현장실습 참여 학생 수,2027,5,2026,132
ind_cc950d9bb8,1. 인력양성,2-2. 증평군,07. 지역 외 12주 이상 표준현장실습 참여 학생 수,2028,5,2026,132
ind_cc950d9bb8,1. 인력양성,2-2. 증평군,07. 지역 외 12주 이상 표준현장실습 참여 학생 수,2029,5,2026,132
ind_c690eb2bee,1. 인력양성,2-2. 증평군,07. 지역 내 12주 이상 표준현장실습 참여 학생 수,2025,1,2026,133
ind_c690eb2bee,1. 인력양성,2-2. 증평군,07. 지역 내 12주 이상 표준현장실습 참여 학생 수,2026,2,2026,133
ind_c690eb2bee,1. 인력양성,2-2. 증평군,07. 지역 내 12주 이상 표준현장실습 참여 학생 수,2027,3,2026,133
ind_c690eb2bee,1. 인력양성,2-2. 증평군,07. 지역 내 12주 이상 표준현장실습 참여 학생 수,2028,4,2026,133
ind_c690eb2bee,1. 인력양성,2-2. 증평군,07. 지역 내 12주 이상 표준현장실습 참여 학생 수,2029,5,2026,133
ind_cd768dd4e6,1. 인력양성,2-2. 증평군,08. 표준현장실습 참여자 중 실습기업 취업자 수,2025,1,2026,134
ind_cd768dd4e6,1. 인력양성,2-2. 증평군,08. 표준현장실습 참여자 중 실습기업 취업자 수,2026,1,2026,134
ind_cd768dd4e6,1. 인력양성,2-2. 증평군,08. 표준현장실습 참여자 중 실습기업 취업자 수,2027,2,2026,134
ind_cd768dd4e6,1. 인력양성,2-2. 증평군,08. 표준현장실습 참여자 중 실습기업 취업자 수,2028,2,2026,134
ind_cd768dd4e6,1. 인력양성,2-2. 증평군,08. 표준현장실습 참여자 중 실습기업 취업자 수,2029,3,2026,134
ind_f505e21427,1. 인력양성,2-2. 증평군,(신규) 대학 전체 재학생 수,2025,7950,2026,135
ind_f505e21427,1. 인력양성,2-2. 증평군,(신규) 대학 전체 재학생 수,2026,7950,2026,135
ind_f505e21427,1. 인력양성,2-2. 증평군,(신규) 대학 전체 재학생 수,2027,7990,2026,135
ind_f505e21427,1. 인력양성,2-2. 증평군,(신규) 대학 전체 재학생 수,2028,8030,2026,135
ind_f505e21427,1. 인력양성,2-2. 증평군,(신규) 대학 전체 재학생 수,2029,8070,2026,135
ind_8eef0310be,1. 인력양성,2-2. 증평군,10. 지역고교생 참여 프로그램 이수자 수,2025,100,2026,137
ind_8eef0310be,1. 인력양성,2-2. 증평군,10. 지역고교생 참여 프로그램 이수자 수,2026,110,2026,137
ind_8eef0310be,1. 인력양성,2-2. 증평군,10. 지역고교생 참여 프로그램 이수자 수,2027,120,2026,137
ind_8eef0310be,1. 인력양성,2-2. 증평군,10. 지역고교생 참여 프로그램 이수자 수,2028,130,2026,137
ind_8eef0310be,1. 인력양성,2-2. 증평군,10. 지역고교생 참여 프로그램 이수자 수,2029,140,2026,137
ind_ec1d539117,1. 인력양성,2-2. 증평군,11. 지역고교생 입학자 수,2025,10,2026,138
ind_ec1d539117,1. 인력양성,2-2. 증평군,11. 지역고교생 입학자 수,2026,11,2026,138
ind_ec1d539117,1. 인력양성,2-2. 증평군,11. 지역고교생 입학자 수,2027,12,2026,138
ind_ec1d539117,1. 인력양성,2-2. 증평군,11. 지역고교생 입학자 수,2028,13,2026,138
ind_ec1d539117,1. 인력양성,2-2. 증평군,11. 지역고교생 입학자 수,2029,14,2026,138
ind_fcca3fe833,1. 인력양성,2-2. 증평군,01. 지역 정주형 취업역량 강화 실적,2025,969,2026,139
ind_fcca3fe833,1. 인력양성,2-2. 증평군,01. 지역 정주형 취업역량 강화 실적,2026,1020,2026,139
ind_fcca3fe833,1. 인력양성,2-2. 증평군,01. 지역 정주형 취업역량 강화 실적,2027,1070,2026,139
ind_fcca3fe833,1. 인력양성,2-2. 증평군,01. 지역 정주형 취업역량 강화 실적,2028,1120,2026,139
ind_fcca3fe833,1. 인력양성,2-2. 증평군,01. 지역 정주형 취업역량 강화 실적,2029,1180,2026,139
ind_67f1003083,1. 인력양성,2-2. 증평군,02. 시군특화 산업 인재양성 프로그램 실적,2025,20.1,2026,142
ind_67f1003083,1. 인력양성,2-2. 증평군,02. 시군특화 산업 인재양성 프로그램 실적,2026,24.5,2026,142
ind_67f1003083,1. 인력양성,2-2. 증평군,02. 시군특화 산업 인재양성 프로그램 실적,2027,28.9,2026,142
ind_67f1003083,1. 인력양성,2-2. 증평군,02. 시군특화 산업 인재양성 프로그램 실적,2028,33.3,2026,142
ind_67f1003083,1. 인력양성,2-2. 증평군,02. 시군특화 산업 인재양성 프로그램 실적,2029,37.7,2026,142
ind_66c19ba4c4,1. 인력양성,2-2. 증평군,03. 지산학연 공유·협업 기반의 포럼·세미나·교류회·업무협약 등 활동 실적,2025,37.9,2026,145
ind_66c19ba4c4,1. 인력양성,2-2. 증평군,03. 지산학연 공유·협업 기반의 포럼·세미나·교류회·업무협약 등 활동 실적,2026,46.7,2026,145
ind_66c19ba4c4,1. 인력양성,2-2. 증평군,03. 지산학연 공유·협업 기반의 포럼·세미나·교류회·업무협약 등 활동 실적,2027,53.9,2026,145
ind_66c19ba4c4,1. 인력양성,2-2. 증평군,03. 지산학연 공유·협업 기반의 포럼·세미나·교류회·업무협약 등 활동 실적,2028,60.9,2026,145
ind_66c19ba4c4,1. 인력양성,2-2. 증평군,03. 지산학연 공유·협업 기반의 포럼·세미나·교류회·업무협약 등 활동 실적,2029,68.1,2026,145
ind_d959a7a011,1. 인력양성,2-3. 오송철도 클러스터,02. 지역 내 취업자 수,2025,5,2026,150
ind_d959a7a011,1. 인력양성,2-3. 오송철도 클러스터,02. 지역 내 취업자 수,2026,6,2026,150
ind_d959a7a011,1. 인력양성,2-3. 오송철도 클러스터,02. 지역 내 취업자 수,2027,7,2026,150
ind_d959a7a011,1. 인력양성,2-3. 오송철도 클러스터,02. 지역 내 취업자 수,2028,8,2026,150
ind_d959a7a011,1. 인력양성,2-3. 오송철도 클러스터,02. 지역 내 취업자 수,2029,9,2026,150
ind_bef4add149,1. 인력양성,2-3. 오송철도 클러스터,03. 지역 외(수도권 제외) 취업자 수,2025,12,2026,151
ind_bef4add149,1. 인력양성,2-3. 오송철도 클러스터,03. 지역 외(수도권 제외) 취업자 수,2026,13,2026,151
ind_bef4add149,1. 인력양성,2-3. 오송철도 클러스터,03. 지역 외(수도권 제외) 취업자 수,2027,14,2026,151
ind_bef4add149,1. 인력양성,2-3. 오송철도 클러스터,03. 지역 외(수도권 제외) 취업자 수,2028,15,2026,151
ind_bef4add149,1. 인력양성,2-3. 오송철도 클러스터,03. 지역 외(수도권 제외) 취업자 수,2029,16,2026,151
ind_be546d77d8,1. 인력양성,2-3. 오송철도 클러스터,05. 지역 외 4주 이상 8주 미만 표준현장실습 참여 학생 수,2025,9,2026,154
ind_be546d77d8,1. 인력양성,2-3. 오송철도 클러스터,05. 지역 외 4주 이상 8주 미만 표준현장실습 참여 학생 수,2026,9,2026,154
ind_be546d77d8,1. 인력양성,2-3. 오송철도 클러스터,05. 지역 외 4주 이상 8주 미만 표준현장실습 참여 학생 수,2027,9,2026,154
ind_be546d77d8,1. 인력양성,2-3. 오송철도 클러스터,05. 지역 외 4주 이상 8주 미만 표준현장실습 참여 학생 수,2028,9,2026,154
ind_be546d77d8,1. 인력양성,2-3. 오송철도 클러스터,05. 지역 외 4주 이상 8주 미만 표준현장실습 참여 학생 수,2029,9,2026,154
ind_b22c0d6d7b,1. 인력양성,2-3. 오송철도 클러스터,05. 지역 내 4주 이상 8주 미만 표준현장실습 참여 학생 수,2025,3,2026,155
ind_b22c0d6d7b,1. 인력양성,2-3. 오송철도 클러스터,05. 지역 내 4주 이상 8주 미만 표준현장실습 참여 학생 수,2026,4,2026,155
ind_b22c0d6d7b,1. 인력양성,2-3. 오송철도 클러스터,05. 지역 내 4주 이상 8주 미만 표준현장실습 참여 학생 수,2027,5,2026,155
ind_b22c0d6d7b,1. 인력양성,2-3. 오송철도 클러스터,05. 지역 내 4주 이상 8주 미만 표준현장실습 참여 학생 수,2028,6,2026,155
ind_b22c0d6d7b,1. 인력양성,2-3. 오송철도 클러스터,05. 지역 내 4주 이상 8주 미만 표준현장실습 참여 학생 수,2029,7,2026,155
ind_24da63182b,1. 인력양성,2-3. 오송철도 클러스터,06. 지역 외 8주 이상 12주 미만 표준현장실습 참여 학생 수,2025,29,2026,156
ind_24da63182b,1. 인력양성,2-3. 오송철도 클러스터,06. 지역 외 8주 이상 12주 미만 표준현장실습 참여 학생 수,2026,29,2026,156
ind_24da63182b,1. 인력양성,2-3. 오송철도 클러스터,06. 지역 외 8주 이상 12주 미만 표준현장실습 참여 학생 수,2027,29,2026,156
ind_24da63182b,1. 인력양성,2-3. 오송철도 클러스터,06. 지역 외 8주 이상 12주 미만 표준현장실습 참여 학생 수,2028,29,2026,156
ind_24da63182b,1. 인력양성,2-3. 오송철도 클러스터,06. 지역 외 8주 이상 12주 미만 표준현장실습 참여 학생 수,2029,29,2026,156
ind_6ce4c3d18a,1. 인력양성,2-3. 오송철도 클러스터,06. 지역 내 8주 이상 12주 미만 표준현장실습 참여 학생 수,2025,10,2026,157
ind_6ce4c3d18a,1. 인력양성,2-3. 오송철도 클러스터,06. 지역 내 8주 이상 12주 미만 표준현장실습 참여 학생 수,2026,11,2026,157
ind_6ce4c3d18a,1. 인력양성,2-3. 오송철도 클러스터,06. 지역 내 8주 이상 12주 미만 표준현장실습 참여 학생 수,2027,12,2026,157
ind_6ce4c3d18a,1. 인력양성,2-3. 오송철도 클러스터,06. 지역 내 8주 이상 12주 미만 표준현장실습 참여 학생 수,2028,13,2026,157
ind_6ce4c3d18a,1. 인력양성,2-3. 오송철도 클러스터,06. 지역 내 8주 이상 12주 미만 표준현장실습 참여 학생 수,2029,14,2026,157
ind_257b22dc87,1. 인력양성,2-3. 오송철도 클러스터,07. 지역 외 12주 이상 표준현장실습 참여 학생 수,2025,30,2026,158
ind_257b22dc87,1. 인력양성,2-3. 오송철도 클러스터,07. 지역 외 12주 이상 표준현장실습 참여 학생 수,2026,30,2026,158
ind_257b22dc87,1. 인력양성,2-3. 오송철도 클러스터,07. 지역 외 12주 이상 표준현장실습 참여 학생 수,2027,30,2026,158
ind_257b22dc87,1. 인력양성,2-3. 오송철도 클러스터,07. 지역 외 12주 이상 표준현장실습 참여 학생 수,2028,30,2026,158
ind_257b22dc87,1. 인력양성,2-3. 오송철도 클러스터,07. 지역 외 12주 이상 표준현장실습 참여 학생 수,2029,30,2026,158
ind_1a83aa4b08,1. 인력양성,2-3. 오송철도 클러스터,07. 지역 내 12주 이상 표준현장실습 참여 학생 수,2025,9,2026,159
ind_1a83aa4b08,1. 인력양성,2-3. 오송철도 클러스터,07. 지역 내 12주 이상 표준현장실습 참여 학생 수,2026,10,2026,159
ind_1a83aa4b08,1. 인력양성,2-3. 오송철도 클러스터,07. 지역 내 12주 이상 표준현장실습 참여 학생 수,2027,11,2026,159
ind_1a83aa4b08,1. 인력양성,2-3. 오송철도 클러스터,07. 지역 내 12주 이상 표준현장실습 참여 학생 수,2028,12,2026,159
ind_1a83aa4b08,1. 인력양성,2-3. 오송철도 클러스터,07. 지역 내 12주 이상 표준현장실습 참여 학생 수,2029,13,2026,159
ind_576ec219c3,1. 인력양성,2-3. 오송철도 클러스터,08. 표준현장실습 참여자 중 실습기업 취업자 수,2025,0,2026,160
ind_576ec219c3,1. 인력양성,2-3. 오송철도 클러스터,08. 표준현장실습 참여자 중 실습기업 취업자 수,2026,1,2026,160
ind_576ec219c3,1. 인력양성,2-3. 오송철도 클러스터,08. 표준현장실습 참여자 중 실습기업 취업자 수,2027,1,2026,160
ind_576ec219c3,1. 인력양성,2-3. 오송철도 클러스터,08. 표준현장실습 참여자 중 실습기업 취업자 수,2028,2,2026,160
ind_576ec219c3,1. 인력양성,2-3. 오송철도 클러스터,08. 표준현장실습 참여자 중 실습기업 취업자 수,2029,2,2026,160
ind_9ddd0c8f3b,1. 인력양성,2-3. 오송철도 클러스터,(신규) 대학 전체 재학생 수,2025,7950,2026,161
ind_9ddd0c8f3b,1. 인력양성,2-3. 오송철도 클러스터,(신규) 대학 전체 재학생 수,2026,7950,2026,161
ind_9ddd0c8f3b,1. 인력양성,2-3. 오송철도 클러스터,(신규) 대학 전체 재학생 수,2027,7990,2026,161
ind_9ddd0c8f3b,1. 인력양성,2-3. 오송철도 클러스터,(신규) 대학 전체 재학생 수,2028,8030,2026,161
ind_9ddd0c8f3b,1. 인력양성,2-3. 오송철도 클러스터,(신규) 대학 전체 재학생 수,2029,8070,2026,161
ind_dd48770328,1. 인력양성,2-3. 오송철도 클러스터,10. 지역고교생 참여 프로그램 이수자 수,2025,40,2026,163
ind_dd48770328,1. 인력양성,2-3. 오송철도 클러스터,10. 지역고교생 참여 프로그램 이수자 수,2026,45,2026,163
ind_dd48770328,1. 인력양성,2-3. 오송철도 클러스터,10. 지역고교생 참여 프로그램 이수자 수,2027,50,2026,163
ind_dd48770328,1. 인력양성,2-3. 오송철도 클러스터,10. 지역고교생 참여 프로그램 이수자 수,2028,55,2026,163
ind_dd48770328,1. 인력양성,2-3. 오송철도 클러스터,10. 지역고교생 참여 프로그램 이수자 수,2029,60,2026,163
ind_07428b9c74,1. 인력양성,2-3. 오송철도 클러스터,11. 지역고교생 입학자 수,2025,2,2026,164
ind_07428b9c74,1. 인력양성,2-3. 오송철도 클러스터,11. 지역고교생 입학자 수,2026,3,2026,164
ind_07428b9c74,1. 인력양성,2-3. 오송철도 클러스터,11. 지역고교생 입학자 수,2027,4,2026,164
ind_07428b9c74,1. 인력양성,2-3. 오송철도 클러스터,11. 지역고교생 입학자 수,2028,5,2026,164
ind_07428b9c74,1. 인력양성,2-3. 오송철도 클러스터,11. 지역고교생 입학자 수,2029,6,2026,164
ind_44e47884a3,1. 인력양성,2-3. 오송철도 클러스터,01. 클러스터 특성화 교과과정 참여학생 수,2025,15,2026,165
ind_44e47884a3,1. 인력양성,2-3. 오송철도 클러스터,01. 클러스터 특성화 교과과정 참여학생 수,2026,20,2026,165
ind_44e47884a3,1. 인력양성,2-3. 오송철도 클러스터,01. 클러스터 특성화 교과과정 참여학생 수,2027,24,2026,165
ind_44e47884a3,1. 인력양성,2-3. 오송철도 클러스터,01. 클러스터 특성화 교과과정 참여학생 수,2028,27,2026,165
ind_44e47884a3,1. 인력양성,2-3. 오송철도 클러스터,01. 클러스터 특성화 교과과정 참여학생 수,2029,30,2026,165
ind_b57983b3c3,1. 인력양성,2-3. 오송철도 클러스터,02. 클러스터 맞춤형 프로그램 운영 실적,2025,5,2026,166
ind_b57983b3c3,1. 인력양성,2-3. 오송철도 클러스터,02. 클러스터 맞춤형 프로그램 운영 실적,2026,7,2026,166
ind_b57983b3c3,1. 인력양성,2-3. 오송철도 클러스터,02. 클러스터 맞춤형 프로그램 운영 실적,2027,9,2026,166
ind_b57983b3c3,1. 인력양성,2-3. 오송철도 클러스터,02. 클러스터 맞춤형 프로그램 운영 실적,2028,11,2026,166
ind_b57983b3c3,1. 인력양성,2-3. 오송철도 클러스터,02. 클러스터 맞춤형 프로그램 운영 실적,2029,12,2026,166
ind_2388f1cb82,1. 인력양성,2-4. 순환경제 클러스터,02. 지역 내 취업자 수,2025,5,2026,168
ind_2388f1cb82,1. 인력양성,2-4. 순환경제 클러스터,02. 지역 내 취업자 수,2026,6,2026,168
ind_2388f1cb82,1. 인력양성,2-4. 순환경제 클러스터,02. 지역 내 취업자 수,2027,7,2026,168
ind_2388f1cb82,1. 인력양성,2-4. 순환경제 클러스터,02. 지역 내 취업자 수,2028,8,2026,168
ind_2388f1cb82,1. 인력양성,2-4. 순환경제 클러스터,02. 지역 내 취업자 수,2029,9,2026,168
ind_b37a26ca9b,1. 인력양성,2-4. 순환경제 클러스터,03. 지역 외(수도권 제외) 취업자 수,2025,12,2026,169
ind_b37a26ca9b,1. 인력양성,2-4. 순환경제 클러스터,03. 지역 외(수도권 제외) 취업자 수,2026,13,2026,169
ind_b37a26ca9b,1. 인력양성,2-4. 순환경제 클러스터,03. 지역 외(수도권 제외) 취업자 수,2027,14,2026,169
ind_b37a26ca9b,1. 인력양성,2-4. 순환경제 클러스터,03. 지역 외(수도권 제외) 취업자 수,2028,15,2026,169
ind_b37a26ca9b,1. 인력양성,2-4. 순환경제 클러스터,03. 지역 외(수도권 제외) 취업자 수,2029,16,2026,169
ind_c426fc2acb,1. 인력양성,2-4. 순환경제 클러스터,05. 지역 외 4주 이상 8주 미만 표준현장실습 참여 학생 수,2025,1,2026,172
ind_c426fc2acb,1. 인력양성,2-4. 순환경제 클러스터,05. 지역 외 4주 이상 8주 미만 표준현장실습 참여 학생 수,2026,1,2026,172
ind_c426fc2acb,1. 인력양성,2-4. 순환경제 클러스터,05. 지역 외 4주 이상 8주 미만 표준현장실습 참여 학생 수,2027,1,2026,172
ind_c426fc2acb,1. 인력양성,2-4. 순환경제 클러스터,05. 지역 외 4주 이상 8주 미만 표준현장실습 참여 학생 수,2028,1,2026,172
ind_c426fc2acb,1. 인력양성,2-4. 순환경제 클러스터,05. 지역 외 4주 이상 8주 미만 표준현장실습 참여 학생 수,2029,1,2026,172
ind_bcc9a9bbd5,1. 인력양성,2-4. 순환경제 클러스터,05. 지역 내 4주 이상 8주 미만 표준현장실습 참여 학생 수,2025,0,2026,173
ind_bcc9a9bbd5,1. 인력양성,2-4. 순환경제 클러스터,05. 지역 내 4주 이상 8주 미만 표준현장실습 참여 학생 수,2026,1,2026,173
ind_bcc9a9bbd5,1. 인력양성,2-4. 순환경제 클러스터,05. 지역 내 4주 이상 8주 미만 표준현장실습 참여 학생 수,2027,2,2026,173
ind_bcc9a9bbd5,1. 인력양성,2-4. 순환경제 클러스터,05. 지역 내 4주 이상 8주 미만 표준현장실습 참여 학생 수,2028,3,2026,173
ind_bcc9a9bbd5,1. 인력양성,2-4. 순환경제 클러스터,05. 지역 내 4주 이상 8주 미만 표준현장실습 참여 학생 수,2029,4,2026,173
ind_30fd380521,1. 인력양성,2-4. 순환경제 클러스터,06. 지역 외 8주 이상 12주 미만 표준현장실습 참여 학생 수,2025,2,2026,174
ind_30fd380521,1. 인력양성,2-4. 순환경제 클러스터,06. 지역 외 8주 이상 12주 미만 표준현장실습 참여 학생 수,2026,2,2026,174
ind_30fd380521,1. 인력양성,2-4. 순환경제 클러스터,06. 지역 외 8주 이상 12주 미만 표준현장실습 참여 학생 수,2027,2,2026,174
ind_30fd380521,1. 인력양성,2-4. 순환경제 클러스터,06. 지역 외 8주 이상 12주 미만 표준현장실습 참여 학생 수,2028,2,2026,174
ind_30fd380521,1. 인력양성,2-4. 순환경제 클러스터,06. 지역 외 8주 이상 12주 미만 표준현장실습 참여 학생 수,2029,2,2026,174
ind_b36675c1ba,1. 인력양성,2-4. 순환경제 클러스터,06. 지역 내 8주 이상 12주 미만 표준현장실습 참여 학생 수,2025,1,2026,175
ind_b36675c1ba,1. 인력양성,2-4. 순환경제 클러스터,06. 지역 내 8주 이상 12주 미만 표준현장실습 참여 학생 수,2026,2,2026,175
ind_b36675c1ba,1. 인력양성,2-4. 순환경제 클러스터,06. 지역 내 8주 이상 12주 미만 표준현장실습 참여 학생 수,2027,3,2026,175
ind_b36675c1ba,1. 인력양성,2-4. 순환경제 클러스터,06. 지역 내 8주 이상 12주 미만 표준현장실습 참여 학생 수,2028,4,2026,175
ind_b36675c1ba,1. 인력양성,2-4. 순환경제 클러스터,06. 지역 내 8주 이상 12주 미만 표준현장실습 참여 학생 수,2029,5,2026,175
ind_88d68a8306,1. 인력양성,2-4. 순환경제 클러스터,07. 지역 외 12주 이상 표준현장실습 참여 학생 수,2025,2,2026,176
ind_88d68a8306,1. 인력양성,2-4. 순환경제 클러스터,07. 지역 외 12주 이상 표준현장실습 참여 학생 수,2026,2,2026,176
ind_88d68a8306,1. 인력양성,2-4. 순환경제 클러스터,07. 지역 외 12주 이상 표준현장실습 참여 학생 수,2027,2,2026,176
ind_88d68a8306,1. 인력양성,2-4. 순환경제 클러스터,07. 지역 외 12주 이상 표준현장실습 참여 학생 수,2028,2,2026,176
ind_88d68a8306,1. 인력양성,2-4. 순환경제 클러스터,07. 지역 외 12주 이상 표준현장실습 참여 학생 수,2029,2,2026,176
ind_3e06f09992,1. 인력양성,2-4. 순환경제 클러스터,07. 지역 내 12주 이상 표준현장실습 참여 학생 수,2025,1,2026,177
ind_3e06f09992,1. 인력양성,2-4. 순환경제 클러스터,07. 지역 내 12주 이상 표준현장실습 참여 학생 수,2026,2,2026,177
ind_3e06f09992,1. 인력양성,2-4. 순환경제 클러스터,07. 지역 내 12주 이상 표준현장실습 참여 학생 수,2027,3,2026,177
ind_3e06f09992,1. 인력양성,2-4. 순환경제 클러스터,07. 지역 내 12주 이상 표준현장실습 참여 학생 수,2028,4,2026,177
ind_3e06f09992,1. 인력양성,2-4. 순환경제 클러스터,07. 지역 내 12주 이상 표준현장실습 참여 학생 수,2029,5,2026,177
ind_52841cd6db,1. 인력양성,2-4. 순환경제 클러스터,08. 표준현장실습 참여자 중 실습기업 취업자 수,2025,0,2026,178
ind_52841cd6db,1. 인력양성,2-4. 순환경제 클러스터,08. 표준현장실습 참여자 중 실습기업 취업자 수,2026,1,2026,178
ind_52841cd6db,1. 인력양성,2-4. 순환경제 클러스터,08. 표준현장실습 참여자 중 실습기업 취업자 수,2027,1,2026,178
ind_52841cd6db,1. 인력양성,2-4. 순환경제 클러스터,08. 표준현장실습 참여자 중 실습기업 취업자 수,2028,2,2026,178
ind_52841cd6db,1. 인력양성,2-4. 순환경제 클러스터,08. 표준현장실습 참여자 중 실습기업 취업자 수,2029,2,2026,178
ind_beb764033f,1. 인력양성,2-4. 순환경제 클러스터,(신규) 대학 전체 재학생 수,2025,7950,2026,179
ind_beb764033f,1. 인력양성,2-4. 순환경제 클러스터,(신규) 대학 전체 재학생 수,2026,7950,2026,179
ind_beb764033f,1. 인력양성,2-4. 순환경제 클러스터,(신규) 대학 전체 재학생 수,2027,7990,2026,179
ind_beb764033f,1. 인력양성,2-4. 순환경제 클러스터,(신규) 대학 전체 재학생 수,2028,8030,2026,179
ind_beb764033f,1. 인력양성,2-4. 순환경제 클러스터,(신규) 대학 전체 재학생 수,2029,8070,2026,179
ind_5465d2117c,1. 인력양성,2-4. 순환경제 클러스터,10. 지역고교생 참여 프로그램 이수자 수,2025,40,2026,181
ind_5465d2117c,1. 인력양성,2-4. 순환경제 클러스터,10. 지역고교생 참여 프로그램 이수자 수,2026,45,2026,181
ind_5465d2117c,1. 인력양성,2-4. 순환경제 클러스터,10. 지역고교생 참여 프로그램 이수자 수,2027,50,2026,181
ind_5465d2117c,1. 인력양성,2-4. 순환경제 클러스터,10. 지역고교생 참여 프로그램 이수자 수,2028,55,2026,181
ind_5465d2117c,1. 인력양성,2-4. 순환경제 클러스터,10. 지역고교생 참여 프로그램 이수자 수,2029,60,2026,181
ind_36d8a9824e,1. 인력양성,2-4. 순환경제 클러스터,11. 지역고교생 입학자 수,2025,2,2026,182
ind_36d8a9824e,1. 인력양성,2-4. 순환경제 클러스터,11. 지역고교생 입학자 수,2026,3,2026,182
ind_36d8a9824e,1. 인력양성,2-4. 순환경제 클러스터,11. 지역고교생 입학자 수,2027,4,2026,182
ind_36d8a9824e,1. 인력양성,2-4. 순환경제 클러스터,11. 지역고교생 입학자 수,2028,5,2026,182
ind_36d8a9824e,1. 인력양성,2-4. 순환경제 클러스터,11. 지역고교생 입학자 수,2029,6,2026,182
ind_aa230c531e,1. 인력양성,2-4. 순환경제 클러스터,01. 클러스터 특성화 교과과정 참여학생 수,2025,27,2026,183
ind_aa230c531e,1. 인력양성,2-4. 순환경제 클러스터,01. 클러스터 특성화 교과과정 참여학생 수,2026,33,2026,183
ind_aa230c531e,1. 인력양성,2-4. 순환경제 클러스터,01. 클러스터 특성화 교과과정 참여학생 수,2027,38,2026,183
ind_aa230c531e,1. 인력양성,2-4. 순환경제 클러스터,01. 클러스터 특성화 교과과정 참여학생 수,2028,44,2026,183
ind_aa230c531e,1. 인력양성,2-4. 순환경제 클러스터,01. 클러스터 특성화 교과과정 참여학생 수,2029,47,2026,183
ind_84c3070d22,1. 인력양성,2-4. 순환경제 클러스터,02. 클러스터 맞춤형 프로그램 운영 실적,2025,8,2026,184
ind_84c3070d22,1. 인력양성,2-4. 순환경제 클러스터,02. 클러스터 맞춤형 프로그램 운영 실적,2026,11,2026,184
ind_84c3070d22,1. 인력양성,2-4. 순환경제 클러스터,02. 클러스터 맞춤형 프로그램 운영 실적,2027,12,2026,184
ind_84c3070d22,1. 인력양성,2-4. 순환경제 클러스터,02. 클러스터 맞춤형 프로그램 운영 실적,2028,14,2026,184
ind_84c3070d22,1. 인력양성,2-4. 순환경제 클러스터,02. 클러스터 맞춤형 프로그램 운영 실적,2029,15,2026,184
ind_d92a782cab,2. 공동연구센터,1-1. AI모빌리티,02. 특허 출원 건수,2025,5,2026,186
ind_d92a782cab,2. 공동연구센터,1-1. AI모빌리티,02. 특허 출원 건수,2026,6,2026,186
ind_d92a782cab,2. 공동연구센터,1-1. AI모빌리티,02. 특허 출원 건수,2027,7,2026,186
ind_d92a782cab,2. 공동연구센터,1-1. AI모빌리티,02. 특허 출원 건수,2028,8,2026,186
ind_d92a782cab,2. 공동연구센터,1-1. AI모빌리티,02. 특허 출원 건수,2029,9,2026,186
ind_58db5e32d7,2. 공동연구센터,1-1. AI모빌리티,03. 국내 특허 등록 건수,2025,0,2026,187
ind_58db5e32d7,2. 공동연구센터,1-1. AI모빌리티,03. 국내 특허 등록 건수,2026,0,2026,187
ind_58db5e32d7,2. 공동연구센터,1-1. AI모빌리티,03. 국내 특허 등록 건수,2027,1,2026,187
ind_58db5e32d7,2. 공동연구센터,1-1. AI모빌리티,03. 국내 특허 등록 건수,2028,2,2026,187
ind_58db5e32d7,2. 공동연구센터,1-1. AI모빌리티,03. 국내 특허 등록 건수,2029,3,2026,187
ind_2c2ca81b2d,2. 공동연구센터,1-1. AI모빌리티,04. 해외 특허 등록 건수,2025,0,2026,188
ind_2c2ca81b2d,2. 공동연구센터,1-1. AI모빌리티,04. 해외 특허 등록 건수,2026,0,2026,188
ind_2c2ca81b2d,2. 공동연구센터,1-1. AI모빌리티,04. 해외 특허 등록 건수,2027,0,2026,188
ind_2c2ca81b2d,2. 공동연구센터,1-1. AI모빌리티,04. 해외 특허 등록 건수,2028,0,2026,188
ind_2c2ca81b2d,2. 공동연구센터,1-1. AI모빌리티,04. 해외 특허 등록 건수,2029,1,2026,188
ind_133db4a797,2. 공동연구센터,1-1. AI모빌리티,05. (SCI(E)급) 논문 게재 건수,2025,0,2026,189
ind_133db4a797,2. 공동연구센터,1-1. AI모빌리티,05. (SCI(E)급) 논문 게재 건수,2026,0,2026,189
ind_133db4a797,2. 공동연구센터,1-1. AI모빌리티,05. (SCI(E)급) 논문 게재 건수,2027,1,2026,189
ind_133db4a797,2. 공동연구센터,1-1. AI모빌리티,05. (SCI(E)급) 논문 게재 건수,2028,1,2026,189
ind_133db4a797,2. 공동연구센터,1-1. AI모빌리티,05. (SCI(E)급) 논문 게재 건수,2029,1,2026,189
ind_5efe68f440,2. 공동연구센터,1-1. AI모빌리티,06. (KCI급) 논문 게재 건수,2025,6,2026,190
ind_5efe68f440,2. 공동연구센터,1-1. AI모빌리티,06. (KCI급) 논문 게재 건수,2026,7,2026,190
ind_5efe68f440,2. 공동연구센터,1-1. AI모빌리티,06. (KCI급) 논문 게재 건수,2027,8,2026,190
ind_5efe68f440,2. 공동연구센터,1-1. AI모빌리티,06. (KCI급) 논문 게재 건수,2028,9,2026,190
ind_5efe68f440,2. 공동연구센터,1-1. AI모빌리티,06. (KCI급) 논문 게재 건수,2029,10,2026,190
ind_88f4e268ce,2. 공동연구센터,1-1. AI모빌리티,07. 기타 지식재산권 등록 건수(디자인권·상표권·실용신안 등),2025,0,2026,191
ind_88f4e268ce,2. 공동연구센터,1-1. AI모빌리티,07. 기타 지식재산권 등록 건수(디자인권·상표권·실용신안 등),2026,0,2026,191
ind_88f4e268ce,2. 공동연구센터,1-1. AI모빌리티,07. 기타 지식재산권 등록 건수(디자인권·상표권·실용신안 등),2027,0,2026,191
ind_88f4e268ce,2. 공동연구센터,1-1. AI모빌리티,07. 기타 지식재산권 등록 건수(디자인권·상표권·실용신안 등),2028,0,2026,191
ind_88f4e268ce,2. 공동연구센터,1-1. AI모빌리티,07. 기타 지식재산권 등록 건수(디자인권·상표권·실용신안 등),2029,0,2026,191
ind_c75c191212,2. 공동연구센터,1-1. AI모빌리티,08. 지산학연 공동연구를 통해 창출한 기술이전 수익,2025,20000,2026,192
ind_c75c191212,2. 공동연구센터,1-1. AI모빌리티,08. 지산학연 공동연구를 통해 창출한 기술이전 수익,2026,25000,2026,192
ind_c75c191212,2. 공동연구센터,1-1. AI모빌리티,08. 지산학연 공동연구를 통해 창출한 기술이전 수익,2027,30000,2026,192
ind_c75c191212,2. 공동연구센터,1-1. AI모빌리티,08. 지산학연 공동연구를 통해 창출한 기술이전 수익,2028,35000,2026,192
ind_c75c191212,2. 공동연구센터,1-1. AI모빌리티,08. 지산학연 공동연구를 통해 창출한 기술이전 수익,2029,40000,2026,192
ind_6fbbc1936f,2. 공동연구센터,1-1. AI모빌리티,09. 지산학연 공동연구를 통해 창출한 기술이전 건수,2025,6,2026,193
ind_6fbbc1936f,2. 공동연구센터,1-1. AI모빌리티,09. 지산학연 공동연구를 통해 창출한 기술이전 건수,2026,7,2026,193
ind_6fbbc1936f,2. 공동연구센터,1-1. AI모빌리티,09. 지산학연 공동연구를 통해 창출한 기술이전 건수,2027,8,2026,193
ind_6fbbc1936f,2. 공동연구센터,1-1. AI모빌리티,09. 지산학연 공동연구를 통해 창출한 기술이전 건수,2028,9,2026,193
ind_6fbbc1936f,2. 공동연구센터,1-1. AI모빌리티,09. 지산학연 공동연구를 통해 창출한 기술이전 건수,2029,10,2026,193
ind_cfcd175b74,2. 공동연구센터,1-1. AI모빌리티,(신규) 대학 전임교원 수(2. 2. 2. 공동연구센터 참여 교원),2025,7,2026,194
ind_cfcd175b74,2. 공동연구센터,1-1. AI모빌리티,(신규) 대학 전임교원 수(2. 2. 2. 공동연구센터 참여 교원),2026,7,2026,194
ind_cfcd175b74,2. 공동연구센터,1-1. AI모빌리티,(신규) 대학 전임교원 수(2. 2. 2. 공동연구센터 참여 교원),2027,7,2026,194
ind_cfcd175b74,2. 공동연구센터,1-1. AI모빌리티,(신규) 대학 전임교원 수(2. 2. 2. 공동연구센터 참여 교원),2028,8,2026,194
ind_cfcd175b74,2. 공동연구센터,1-1. AI모빌리티,(신규) 대학 전임교원 수(2. 2. 2. 공동연구센터 참여 교원),2029,8,2026,194
ind_4112e5fb80,2. 공동연구센터,1-1. AI모빌리티,10. 연구과제 수주 증가율,2026,12,2026,195
ind_5697d25109,2. 공동연구센터,1-1. AI모빌리티,11. 1억 이상 연구과제 수주 건수,2025,1,2026,196
ind_5697d25109,2. 공동연구센터,1-1. AI모빌리티,11. 1억 이상 연구과제 수주 건수,2026,1,2026,196
ind_5697d25109,2. 공동연구센터,1-1. AI모빌리티,11. 1억 이상 연구과제 수주 건수,2027,2,2026,196
ind_5697d25109,2. 공동연구센터,1-1. AI모빌리티,11. 1억 이상 연구과제 수주 건수,2028,2,2026,196
ind_5697d25109,2. 공동연구센터,1-1. AI모빌리티,11. 1억 이상 연구과제 수주 건수,2029,3,2026,196
ind_adc623f813,2. 공동연구센터,1-1. AI모빌리티,12. 1억 미만 연구과제 수주 건수,2025,5,2026,197
ind_adc623f813,2. 공동연구센터,1-1. AI모빌리티,12. 1억 미만 연구과제 수주 건수,2026,6,2026,197
ind_adc623f813,2. 공동연구센터,1-1. AI모빌리티,12. 1억 미만 연구과제 수주 건수,2027,6,2026,197
ind_adc623f813,2. 공동연구센터,1-1. AI모빌리티,12. 1억 미만 연구과제 수주 건수,2028,7,2026,197
ind_adc623f813,2. 공동연구센터,1-1. AI모빌리티,12. 1억 미만 연구과제 수주 건수,2029,7,2026,197
ind_5297c2ee0f,2. 공동연구센터,1-1. AI모빌리티,13. 미래전략산업 학생연구원 참여 증가율,2026,5,2026,198
ind_24abb9bd6e,2. 공동연구센터,1-1. AI모빌리티,14. 미래전략산업 학생연구원(학부) 참여자 수,2025,18,2026,199
ind_24abb9bd6e,2. 공동연구센터,1-1. AI모빌리티,14. 미래전략산업 학생연구원(학부) 참여자 수,2026,19,2026,199
ind_24abb9bd6e,2. 공동연구센터,1-1. AI모빌리티,14. 미래전략산업 학생연구원(학부) 참여자 수,2027,20,2026,199
ind_24abb9bd6e,2. 공동연구센터,1-1. AI모빌리티,14. 미래전략산업 학생연구원(학부) 참여자 수,2028,21,2026,199
ind_24abb9bd6e,2. 공동연구센터,1-1. AI모빌리티,14. 미래전략산업 학생연구원(학부) 참여자 수,2029,22,2026,199
ind_fa4984db4b,2. 공동연구센터,1-1. AI모빌리티,15. 미래전략산업 학생연구원(석사) 참여자 수,2025,4,2026,200
ind_fa4984db4b,2. 공동연구센터,1-1. AI모빌리티,15. 미래전략산업 학생연구원(석사) 참여자 수,2026,4,2026,200
ind_fa4984db4b,2. 공동연구센터,1-1. AI모빌리티,15. 미래전략산업 학생연구원(석사) 참여자 수,2027,5,2026,200
ind_fa4984db4b,2. 공동연구센터,1-1. AI모빌리티,15. 미래전략산업 학생연구원(석사) 참여자 수,2028,5,2026,200
ind_fa4984db4b,2. 공동연구센터,1-1. AI모빌리티,15. 미래전략산업 학생연구원(석사) 참여자 수,2029,6,2026,200
ind_557223d148,2. 공동연구센터,1-1. AI모빌리티,16. 미래전략산업 학생연구원(박사) 참여자 수,2025,0,2026,201
ind_557223d148,2. 공동연구센터,1-1. AI모빌리티,16. 미래전략산업 학생연구원(박사) 참여자 수,2026,0,2026,201
ind_557223d148,2. 공동연구센터,1-1. AI모빌리티,16. 미래전략산업 학생연구원(박사) 참여자 수,2027,1,2026,201
ind_557223d148,2. 공동연구센터,1-1. AI모빌리티,16. 미래전략산업 학생연구원(박사) 참여자 수,2028,2,2026,201
ind_557223d148,2. 공동연구센터,1-1. AI모빌리티,16. 미래전략산업 학생연구원(박사) 참여자 수,2029,2,2026,201
ind_13b898e305,2. 공동연구센터,1-2. 이차전지,02. 특허 출원 건수,2025,10,2026,203
ind_13b898e305,2. 공동연구센터,1-2. 이차전지,02. 특허 출원 건수,2026,11,2026,203
ind_13b898e305,2. 공동연구센터,1-2. 이차전지,02. 특허 출원 건수,2027,12,2026,203
ind_13b898e305,2. 공동연구센터,1-2. 이차전지,02. 특허 출원 건수,2028,13,2026,203
ind_13b898e305,2. 공동연구센터,1-2. 이차전지,02. 특허 출원 건수,2029,14,2026,203
ind_74c94ad44e,2. 공동연구센터,1-2. 이차전지,03. 국내 특허 등록 건수,2025,0,2026,204
ind_74c94ad44e,2. 공동연구센터,1-2. 이차전지,03. 국내 특허 등록 건수,2026,0,2026,204
ind_74c94ad44e,2. 공동연구센터,1-2. 이차전지,03. 국내 특허 등록 건수,2027,1,2026,204
ind_74c94ad44e,2. 공동연구센터,1-2. 이차전지,03. 국내 특허 등록 건수,2028,2,2026,204
ind_74c94ad44e,2. 공동연구센터,1-2. 이차전지,03. 국내 특허 등록 건수,2029,3,2026,204
ind_c12b3b5961,2. 공동연구센터,1-2. 이차전지,04. 해외 특허 등록 건수,2025,0,2026,205
ind_c12b3b5961,2. 공동연구센터,1-2. 이차전지,04. 해외 특허 등록 건수,2026,0,2026,205
ind_c12b3b5961,2. 공동연구센터,1-2. 이차전지,04. 해외 특허 등록 건수,2027,0,2026,205
ind_c12b3b5961,2. 공동연구센터,1-2. 이차전지,04. 해외 특허 등록 건수,2028,0,2026,205
ind_c12b3b5961,2. 공동연구센터,1-2. 이차전지,04. 해외 특허 등록 건수,2029,1,2026,205
ind_3e6fb3f552,2. 공동연구센터,1-2. 이차전지,05. (SCI(E)급) 논문 게재 건수,2025,10,2026,206
ind_3e6fb3f552,2. 공동연구센터,1-2. 이차전지,05. (SCI(E)급) 논문 게재 건수,2026,11,2026,206
ind_3e6fb3f552,2. 공동연구센터,1-2. 이차전지,05. (SCI(E)급) 논문 게재 건수,2027,12,2026,206
ind_3e6fb3f552,2. 공동연구센터,1-2. 이차전지,05. (SCI(E)급) 논문 게재 건수,2028,13,2026,206
ind_3e6fb3f552,2. 공동연구센터,1-2. 이차전지,05. (SCI(E)급) 논문 게재 건수,2029,14,2026,206
ind_97d521b095,2. 공동연구센터,1-2. 이차전지,06. (KCI급) 논문 게재 건수,2025,10,2026,207
ind_97d521b095,2. 공동연구센터,1-2. 이차전지,06. (KCI급) 논문 게재 건수,2026,11,2026,207
ind_97d521b095,2. 공동연구센터,1-2. 이차전지,06. (KCI급) 논문 게재 건수,2027,12,2026,207
ind_97d521b095,2. 공동연구센터,1-2. 이차전지,06. (KCI급) 논문 게재 건수,2028,13,2026,207
ind_97d521b095,2. 공동연구센터,1-2. 이차전지,06. (KCI급) 논문 게재 건수,2029,14,2026,207
ind_f5cc8c143a,2. 공동연구센터,1-2. 이차전지,07. 기타 지식재산권 등록 건수(디자인권·상표권·실용신안 등),2025,0,2026,208
ind_f5cc8c143a,2. 공동연구센터,1-2. 이차전지,07. 기타 지식재산권 등록 건수(디자인권·상표권·실용신안 등),2026,0,2026,208
ind_f5cc8c143a,2. 공동연구센터,1-2. 이차전지,07. 기타 지식재산권 등록 건수(디자인권·상표권·실용신안 등),2027,0,2026,208
ind_f5cc8c143a,2. 공동연구센터,1-2. 이차전지,07. 기타 지식재산권 등록 건수(디자인권·상표권·실용신안 등),2028,0,2026,208
ind_f5cc8c143a,2. 공동연구센터,1-2. 이차전지,07. 기타 지식재산권 등록 건수(디자인권·상표권·실용신안 등),2029,0,2026,208
ind_10b7e4543a,2. 공동연구센터,1-2. 이차전지,08. 지산학연 공동연구를 통해 창출한 기술이전 수익,2025,27000,2026,209
ind_10b7e4543a,2. 공동연구센터,1-2. 이차전지,08. 지산학연 공동연구를 통해 창출한 기술이전 수익,2026,30000,2026,209
ind_10b7e4543a,2. 공동연구센터,1-2. 이차전지,08. 지산학연 공동연구를 통해 창출한 기술이전 수익,2027,33000,2026,209
ind_10b7e4543a,2. 공동연구센터,1-2. 이차전지,08. 지산학연 공동연구를 통해 창출한 기술이전 수익,2028,36000,2026,209
ind_10b7e4543a,2. 공동연구센터,1-2. 이차전지,08. 지산학연 공동연구를 통해 창출한 기술이전 수익,2029,39000,2026,209
ind_012b9a74c6,2. 공동연구센터,1-2. 이차전지,09. 지산학연 공동연구를 통해 창출한 기술이전 건수,2025,9,2026,210
ind_012b9a74c6,2. 공동연구센터,1-2. 이차전지,09. 지산학연 공동연구를 통해 창출한 기술이전 건수,2026,9,2026,210
ind_012b9a74c6,2. 공동연구센터,1-2. 이차전지,09. 지산학연 공동연구를 통해 창출한 기술이전 건수,2027,10,2026,210
ind_012b9a74c6,2. 공동연구센터,1-2. 이차전지,09. 지산학연 공동연구를 통해 창출한 기술이전 건수,2028,10,2026,210
ind_012b9a74c6,2. 공동연구센터,1-2. 이차전지,09. 지산학연 공동연구를 통해 창출한 기술이전 건수,2029,11,2026,210
ind_abcd740c22,2. 공동연구센터,1-2. 이차전지,(신규) 대학 전임교원 수(2. 2. 2. 공동연구센터 참여 교원),2025,13,2026,211
ind_abcd740c22,2. 공동연구센터,1-2. 이차전지,(신규) 대학 전임교원 수(2. 2. 2. 공동연구센터 참여 교원),2026,13,2026,211
ind_abcd740c22,2. 공동연구센터,1-2. 이차전지,(신규) 대학 전임교원 수(2. 2. 2. 공동연구센터 참여 교원),2027,13,2026,211
ind_abcd740c22,2. 공동연구센터,1-2. 이차전지,(신규) 대학 전임교원 수(2. 2. 2. 공동연구센터 참여 교원),2028,14,2026,211
ind_abcd740c22,2. 공동연구센터,1-2. 이차전지,(신규) 대학 전임교원 수(2. 2. 2. 공동연구센터 참여 교원),2029,14,2026,211
ind_1419b000ae,2. 공동연구센터,1-2. 이차전지,11. 1억 이상 연구과제 수주 건수,2025,4,2026,213
ind_1419b000ae,2. 공동연구센터,1-2. 이차전지,11. 1억 이상 연구과제 수주 건수,2026,4,2026,213
ind_1419b000ae,2. 공동연구센터,1-2. 이차전지,11. 1억 이상 연구과제 수주 건수,2027,5,2026,213
ind_1419b000ae,2. 공동연구센터,1-2. 이차전지,11. 1억 이상 연구과제 수주 건수,2028,5,2026,213
ind_1419b000ae,2. 공동연구센터,1-2. 이차전지,11. 1억 이상 연구과제 수주 건수,2029,6,2026,213
ind_4eb2693c58,2. 공동연구센터,1-2. 이차전지,12. 1억 미만 연구과제 수주 건수,2025,8,2026,214
ind_4eb2693c58,2. 공동연구센터,1-2. 이차전지,12. 1억 미만 연구과제 수주 건수,2026,9,2026,214
ind_4eb2693c58,2. 공동연구센터,1-2. 이차전지,12. 1억 미만 연구과제 수주 건수,2027,9,2026,214
ind_4eb2693c58,2. 공동연구센터,1-2. 이차전지,12. 1억 미만 연구과제 수주 건수,2028,10,2026,214
ind_4eb2693c58,2. 공동연구센터,1-2. 이차전지,12. 1억 미만 연구과제 수주 건수,2029,10,2026,214
ind_8efb45176d,2. 공동연구센터,1-2. 이차전지,14. 미래전략산업 학생연구원(학부) 참여자 수,2025,24,2026,216
ind_8efb45176d,2. 공동연구센터,1-2. 이차전지,14. 미래전략산업 학생연구원(학부) 참여자 수,2026,26,2026,216
ind_8efb45176d,2. 공동연구센터,1-2. 이차전지,14. 미래전략산업 학생연구원(학부) 참여자 수,2027,28,2026,216
ind_8efb45176d,2. 공동연구센터,1-2. 이차전지,14. 미래전략산업 학생연구원(학부) 참여자 수,2028,30,2026,216
ind_8efb45176d,2. 공동연구센터,1-2. 이차전지,14. 미래전략산업 학생연구원(학부) 참여자 수,2029,32,2026,216
ind_60ae1e75c4,2. 공동연구센터,1-2. 이차전지,15. 미래전략산업 학생연구원(석사) 참여자 수,2025,10,2026,217
ind_60ae1e75c4,2. 공동연구센터,1-2. 이차전지,15. 미래전략산업 학생연구원(석사) 참여자 수,2026,11,2026,217
ind_60ae1e75c4,2. 공동연구센터,1-2. 이차전지,15. 미래전략산업 학생연구원(석사) 참여자 수,2027,12,2026,217
ind_60ae1e75c4,2. 공동연구센터,1-2. 이차전지,15. 미래전략산업 학생연구원(석사) 참여자 수,2028,13,2026,217
ind_60ae1e75c4,2. 공동연구센터,1-2. 이차전지,15. 미래전략산업 학생연구원(석사) 참여자 수,2029,14,2026,217
ind_c2882065da,2. 공동연구센터,1-2. 이차전지,16. 미래전략산업 학생연구원(박사) 참여자 수,2025,2,2026,218
ind_c2882065da,2. 공동연구센터,1-2. 이차전지,16. 미래전략산업 학생연구원(박사) 참여자 수,2026,2,2026,218
ind_c2882065da,2. 공동연구센터,1-2. 이차전지,16. 미래전략산업 학생연구원(박사) 참여자 수,2027,3,2026,218
ind_c2882065da,2. 공동연구센터,1-2. 이차전지,16. 미래전략산업 학생연구원(박사) 참여자 수,2028,3,2026,218
ind_c2882065da,2. 공동연구센터,1-2. 이차전지,16. 미래전략산업 학생연구원(박사) 참여자 수,2029,3,2026,218
ind_55b21bd7fc,2. 공동연구센터,1-3. 반도체,02. 특허 출원 건수,2025,9,2026,220
ind_55b21bd7fc,2. 공동연구센터,1-3. 반도체,02. 특허 출원 건수,2026,10,2026,220
ind_55b21bd7fc,2. 공동연구센터,1-3. 반도체,02. 특허 출원 건수,2027,11,2026,220
ind_55b21bd7fc,2. 공동연구센터,1-3. 반도체,02. 특허 출원 건수,2028,12,2026,220
ind_55b21bd7fc,2. 공동연구센터,1-3. 반도체,02. 특허 출원 건수,2029,13,2026,220
ind_756660c48c,2. 공동연구센터,1-3. 반도체,03. 국내 특허 등록 건수,2025,0,2026,221
ind_756660c48c,2. 공동연구센터,1-3. 반도체,03. 국내 특허 등록 건수,2026,0,2026,221
ind_756660c48c,2. 공동연구센터,1-3. 반도체,03. 국내 특허 등록 건수,2027,1,2026,221
ind_756660c48c,2. 공동연구센터,1-3. 반도체,03. 국내 특허 등록 건수,2028,2,2026,221
ind_756660c48c,2. 공동연구센터,1-3. 반도체,03. 국내 특허 등록 건수,2029,3,2026,221
ind_68b0e385a4,2. 공동연구센터,1-3. 반도체,04. 해외 특허 등록 건수,2025,0,2026,222
ind_68b0e385a4,2. 공동연구센터,1-3. 반도체,04. 해외 특허 등록 건수,2026,0,2026,222
ind_68b0e385a4,2. 공동연구센터,1-3. 반도체,04. 해외 특허 등록 건수,2027,0,2026,222
ind_68b0e385a4,2. 공동연구센터,1-3. 반도체,04. 해외 특허 등록 건수,2028,0,2026,222
ind_68b0e385a4,2. 공동연구센터,1-3. 반도체,04. 해외 특허 등록 건수,2029,1,2026,222
ind_911104b395,2. 공동연구센터,1-3. 반도체,05. (SCI(E)급) 논문 게재 건수,2025,0,2026,223
ind_911104b395,2. 공동연구센터,1-3. 반도체,05. (SCI(E)급) 논문 게재 건수,2026,0,2026,223
ind_911104b395,2. 공동연구센터,1-3. 반도체,05. (SCI(E)급) 논문 게재 건수,2027,1,2026,223
ind_911104b395,2. 공동연구센터,1-3. 반도체,05. (SCI(E)급) 논문 게재 건수,2028,2,2026,223
ind_911104b395,2. 공동연구센터,1-3. 반도체,05. (SCI(E)급) 논문 게재 건수,2029,3,2026,223
ind_02e02bb648,2. 공동연구센터,1-3. 반도체,06. (KCI급) 논문 게재 건수,2025,9,2026,224
ind_02e02bb648,2. 공동연구센터,1-3. 반도체,06. (KCI급) 논문 게재 건수,2026,10,2026,224
ind_02e02bb648,2. 공동연구센터,1-3. 반도체,06. (KCI급) 논문 게재 건수,2027,11,2026,224
ind_02e02bb648,2. 공동연구센터,1-3. 반도체,06. (KCI급) 논문 게재 건수,2028,12,2026,224
ind_02e02bb648,2. 공동연구센터,1-3. 반도체,06. (KCI급) 논문 게재 건수,2029,13,2026,224
ind_338a1b4ee6,2. 공동연구센터,1-3. 반도체,07. 기타 지식재산권 등록 건수(디자인권·상표권·실용신안 등),2025,0,2026,225
ind_338a1b4ee6,2. 공동연구센터,1-3. 반도체,07. 기타 지식재산권 등록 건수(디자인권·상표권·실용신안 등),2026,0,2026,225
ind_338a1b4ee6,2. 공동연구센터,1-3. 반도체,07. 기타 지식재산권 등록 건수(디자인권·상표권·실용신안 등),2027,0,2026,225
ind_338a1b4ee6,2. 공동연구센터,1-3. 반도체,07. 기타 지식재산권 등록 건수(디자인권·상표권·실용신안 등),2028,0,2026,225
ind_338a1b4ee6,2. 공동연구센터,1-3. 반도체,07. 기타 지식재산권 등록 건수(디자인권·상표권·실용신안 등),2029,0,2026,225
ind_ee81d9446a,2. 공동연구센터,1-3. 반도체,08. 지산학연 공동연구를 통해 창출한 기술이전 수익,2025,20000,2026,226
ind_ee81d9446a,2. 공동연구센터,1-3. 반도체,08. 지산학연 공동연구를 통해 창출한 기술이전 수익,2026,23000,2026,226
ind_ee81d9446a,2. 공동연구센터,1-3. 반도체,08. 지산학연 공동연구를 통해 창출한 기술이전 수익,2027,26000,2026,226
ind_ee81d9446a,2. 공동연구센터,1-3. 반도체,08. 지산학연 공동연구를 통해 창출한 기술이전 수익,2028,29000,2026,226
ind_ee81d9446a,2. 공동연구센터,1-3. 반도체,08. 지산학연 공동연구를 통해 창출한 기술이전 수익,2029,32000,2026,226
ind_af0d8a032f,2. 공동연구센터,1-3. 반도체,09. 지산학연 공동연구를 통해 창출한 기술이전 건수,2025,9,2026,227
ind_af0d8a032f,2. 공동연구센터,1-3. 반도체,09. 지산학연 공동연구를 통해 창출한 기술이전 건수,2026,9,2026,227
ind_af0d8a032f,2. 공동연구센터,1-3. 반도체,09. 지산학연 공동연구를 통해 창출한 기술이전 건수,2027,10,2026,227
ind_af0d8a032f,2. 공동연구센터,1-3. 반도체,09. 지산학연 공동연구를 통해 창출한 기술이전 건수,2028,10,2026,227
ind_af0d8a032f,2. 공동연구센터,1-3. 반도체,09. 지산학연 공동연구를 통해 창출한 기술이전 건수,2029,11,2026,227
ind_354c6a45db,2. 공동연구센터,1-3. 반도체,(신규) 대학 전임교원 수(2. 2. 2. 공동연구센터 참여 교원),2025,11,2026,228
ind_354c6a45db,2. 공동연구센터,1-3. 반도체,(신규) 대학 전임교원 수(2. 2. 2. 공동연구센터 참여 교원),2026,11,2026,228
ind_354c6a45db,2. 공동연구센터,1-3. 반도체,(신규) 대학 전임교원 수(2. 2. 2. 공동연구센터 참여 교원),2027,11,2026,228
ind_354c6a45db,2. 공동연구센터,1-3. 반도체,(신규) 대학 전임교원 수(2. 2. 2. 공동연구센터 참여 교원),2028,12,2026,228
ind_354c6a45db,2. 공동연구센터,1-3. 반도체,(신규) 대학 전임교원 수(2. 2. 2. 공동연구센터 참여 교원),2029,12,2026,228
ind_33f5a53d0c,2. 공동연구센터,1-3. 반도체,11. 1억 이상 연구과제 수주 건수,2025,3,2026,230
ind_33f5a53d0c,2. 공동연구센터,1-3. 반도체,11. 1억 이상 연구과제 수주 건수,2026,3,2026,230
ind_33f5a53d0c,2. 공동연구센터,1-3. 반도체,11. 1억 이상 연구과제 수주 건수,2027,4,2026,230
ind_33f5a53d0c,2. 공동연구센터,1-3. 반도체,11. 1억 이상 연구과제 수주 건수,2028,4,2026,230
ind_33f5a53d0c,2. 공동연구센터,1-3. 반도체,11. 1억 이상 연구과제 수주 건수,2029,5,2026,230
ind_74fe936f82,2. 공동연구센터,1-3. 반도체,12. 1억 미만 연구과제 수주 건수,2025,8,2026,231
ind_74fe936f82,2. 공동연구센터,1-3. 반도체,12. 1억 미만 연구과제 수주 건수,2026,9,2026,231
ind_74fe936f82,2. 공동연구센터,1-3. 반도체,12. 1억 미만 연구과제 수주 건수,2027,9,2026,231
ind_74fe936f82,2. 공동연구센터,1-3. 반도체,12. 1억 미만 연구과제 수주 건수,2028,10,2026,231
ind_74fe936f82,2. 공동연구센터,1-3. 반도체,12. 1억 미만 연구과제 수주 건수,2029,10,2026,231
ind_858e7fbd49,2. 공동연구센터,1-3. 반도체,14. 미래전략산업 학생연구원(학부) 참여자 수,2025,22,2026,233
ind_858e7fbd49,2. 공동연구센터,1-3. 반도체,14. 미래전략산업 학생연구원(학부) 참여자 수,2026,24,2026,233
ind_858e7fbd49,2. 공동연구센터,1-3. 반도체,14. 미래전략산업 학생연구원(학부) 참여자 수,2027,26,2026,233
ind_858e7fbd49,2. 공동연구센터,1-3. 반도체,14. 미래전략산업 학생연구원(학부) 참여자 수,2028,28,2026,233
ind_858e7fbd49,2. 공동연구센터,1-3. 반도체,14. 미래전략산업 학생연구원(학부) 참여자 수,2029,30,2026,233
ind_426c7d1489,2. 공동연구센터,1-3. 반도체,15. 미래전략산업 학생연구원(석사) 참여자 수,2025,5,2026,234
ind_426c7d1489,2. 공동연구센터,1-3. 반도체,15. 미래전략산업 학생연구원(석사) 참여자 수,2026,6,2026,234
ind_426c7d1489,2. 공동연구센터,1-3. 반도체,15. 미래전략산업 학생연구원(석사) 참여자 수,2027,7,2026,234
ind_426c7d1489,2. 공동연구센터,1-3. 반도체,15. 미래전략산업 학생연구원(석사) 참여자 수,2028,8,2026,234
ind_426c7d1489,2. 공동연구센터,1-3. 반도체,15. 미래전략산업 학생연구원(석사) 참여자 수,2029,9,2026,234
ind_42c05f89df,2. 공동연구센터,1-3. 반도체,16. 미래전략산업 학생연구원(박사) 참여자 수,2025,1,2026,235
ind_42c05f89df,2. 공동연구센터,1-3. 반도체,16. 미래전략산업 학생연구원(박사) 참여자 수,2026,1,2026,235
ind_42c05f89df,2. 공동연구센터,1-3. 반도체,16. 미래전략산업 학생연구원(박사) 참여자 수,2027,2,2026,235
ind_42c05f89df,2. 공동연구센터,1-3. 반도체,16. 미래전략산업 학생연구원(박사) 참여자 수,2028,2,2026,235
ind_42c05f89df,2. 공동연구센터,1-3. 반도체,16. 미래전략산업 학생연구원(박사) 참여자 수,2029,3,2026,235
ind_b3637511c8,2. 공동연구센터,1-4. 첨단바이오,02. 특허 출원 건수,2025,13,2026,237
ind_b3637511c8,2. 공동연구센터,1-4. 첨단바이오,02. 특허 출원 건수,2026,14,2026,237
ind_b3637511c8,2. 공동연구센터,1-4. 첨단바이오,02. 특허 출원 건수,2027,15,2026,237
ind_b3637511c8,2. 공동연구센터,1-4. 첨단바이오,02. 특허 출원 건수,2028,16,2026,237
ind_b3637511c8,2. 공동연구센터,1-4. 첨단바이오,02. 특허 출원 건수,2029,17,2026,237
ind_45327acd82,2. 공동연구센터,1-4. 첨단바이오,03. 국내 특허 등록 건수,2025,0,2026,238
ind_45327acd82,2. 공동연구센터,1-4. 첨단바이오,03. 국내 특허 등록 건수,2026,0,2026,238
ind_45327acd82,2. 공동연구센터,1-4. 첨단바이오,03. 국내 특허 등록 건수,2027,3,2026,238
ind_45327acd82,2. 공동연구센터,1-4. 첨단바이오,03. 국내 특허 등록 건수,2028,4,2026,238
ind_45327acd82,2. 공동연구센터,1-4. 첨단바이오,03. 국내 특허 등록 건수,2029,5,2026,238
ind_82dc89ee83,2. 공동연구센터,1-4. 첨단바이오,04. 해외 특허 등록 건수,2025,0,2026,239
ind_82dc89ee83,2. 공동연구센터,1-4. 첨단바이오,04. 해외 특허 등록 건수,2026,0,2026,239
ind_82dc89ee83,2. 공동연구센터,1-4. 첨단바이오,04. 해외 특허 등록 건수,2027,0,2026,239
ind_82dc89ee83,2. 공동연구센터,1-4. 첨단바이오,04. 해외 특허 등록 건수,2028,0,2026,239
ind_82dc89ee83,2. 공동연구센터,1-4. 첨단바이오,04. 해외 특허 등록 건수,2029,1,2026,239
ind_8c9ca7c589,2. 공동연구센터,1-4. 첨단바이오,05. (SCI(E)급) 논문 게재 건수,2025,0,2026,240
ind_8c9ca7c589,2. 공동연구센터,1-4. 첨단바이오,05. (SCI(E)급) 논문 게재 건수,2026,0,2026,240
ind_8c9ca7c589,2. 공동연구센터,1-4. 첨단바이오,05. (SCI(E)급) 논문 게재 건수,2027,1,2026,240
ind_8c9ca7c589,2. 공동연구센터,1-4. 첨단바이오,05. (SCI(E)급) 논문 게재 건수,2028,2,2026,240
ind_8c9ca7c589,2. 공동연구센터,1-4. 첨단바이오,05. (SCI(E)급) 논문 게재 건수,2029,3,2026,240
ind_36083b3611,2. 공동연구센터,1-4. 첨단바이오,06. (KCI급) 논문 게재 건수,2025,13,2026,241
ind_36083b3611,2. 공동연구센터,1-4. 첨단바이오,06. (KCI급) 논문 게재 건수,2026,14,2026,241
ind_36083b3611,2. 공동연구센터,1-4. 첨단바이오,06. (KCI급) 논문 게재 건수,2027,15,2026,241
ind_36083b3611,2. 공동연구센터,1-4. 첨단바이오,06. (KCI급) 논문 게재 건수,2028,16,2026,241
ind_36083b3611,2. 공동연구센터,1-4. 첨단바이오,06. (KCI급) 논문 게재 건수,2029,17,2026,241
ind_1bf9b094ba,2. 공동연구센터,1-4. 첨단바이오,07. 기타 지식재산권 등록 건수(디자인권·상표권·실용신안 등),2025,0,2026,242
ind_1bf9b094ba,2. 공동연구센터,1-4. 첨단바이오,07. 기타 지식재산권 등록 건수(디자인권·상표권·실용신안 등),2026,0,2026,242
ind_1bf9b094ba,2. 공동연구센터,1-4. 첨단바이오,07. 기타 지식재산권 등록 건수(디자인권·상표권·실용신안 등),2027,0,2026,242
ind_1bf9b094ba,2. 공동연구센터,1-4. 첨단바이오,07. 기타 지식재산권 등록 건수(디자인권·상표권·실용신안 등),2028,0,2026,242
ind_1bf9b094ba,2. 공동연구센터,1-4. 첨단바이오,07. 기타 지식재산권 등록 건수(디자인권·상표권·실용신안 등),2029,0,2026,242
ind_569570fcc7,2. 공동연구센터,1-4. 첨단바이오,08. 지산학연 공동연구를 통해 창출한 기술이전 수익,2025,25000,2026,243
ind_569570fcc7,2. 공동연구센터,1-4. 첨단바이오,08. 지산학연 공동연구를 통해 창출한 기술이전 수익,2026,30000,2026,243
ind_569570fcc7,2. 공동연구센터,1-4. 첨단바이오,08. 지산학연 공동연구를 통해 창출한 기술이전 수익,2027,35000,2026,243
ind_569570fcc7,2. 공동연구센터,1-4. 첨단바이오,08. 지산학연 공동연구를 통해 창출한 기술이전 수익,2028,40000,2026,243
ind_569570fcc7,2. 공동연구센터,1-4. 첨단바이오,08. 지산학연 공동연구를 통해 창출한 기술이전 수익,2029,45000,2026,243
ind_1e5c60517e,2. 공동연구센터,1-4. 첨단바이오,09. 지산학연 공동연구를 통해 창출한 기술이전 건수,2025,10,2026,244
ind_1e5c60517e,2. 공동연구센터,1-4. 첨단바이오,09. 지산학연 공동연구를 통해 창출한 기술이전 건수,2026,11,2026,244
ind_1e5c60517e,2. 공동연구센터,1-4. 첨단바이오,09. 지산학연 공동연구를 통해 창출한 기술이전 건수,2027,12,2026,244
ind_1e5c60517e,2. 공동연구센터,1-4. 첨단바이오,09. 지산학연 공동연구를 통해 창출한 기술이전 건수,2028,13,2026,244
ind_1e5c60517e,2. 공동연구센터,1-4. 첨단바이오,09. 지산학연 공동연구를 통해 창출한 기술이전 건수,2029,14,2026,244
ind_f69c3719ae,2. 공동연구센터,1-4. 첨단바이오,(신규) 대학 전임교원 수(2. 2. 2. 공동연구센터 참여 교원),2025,12,2026,245
ind_f69c3719ae,2. 공동연구센터,1-4. 첨단바이오,(신규) 대학 전임교원 수(2. 2. 2. 공동연구센터 참여 교원),2026,12,2026,245
ind_f69c3719ae,2. 공동연구센터,1-4. 첨단바이오,(신규) 대학 전임교원 수(2. 2. 2. 공동연구센터 참여 교원),2027,12,2026,245
ind_f69c3719ae,2. 공동연구센터,1-4. 첨단바이오,(신규) 대학 전임교원 수(2. 2. 2. 공동연구센터 참여 교원),2028,13,2026,245
ind_f69c3719ae,2. 공동연구센터,1-4. 첨단바이오,(신규) 대학 전임교원 수(2. 2. 2. 공동연구센터 참여 교원),2029,13,2026,245
ind_0c528d6173,2. 공동연구센터,1-4. 첨단바이오,11. 1억 이상 연구과제 수주 건수,2025,4,2026,247
ind_0c528d6173,2. 공동연구센터,1-4. 첨단바이오,11. 1억 이상 연구과제 수주 건수,2026,4,2026,247
ind_0c528d6173,2. 공동연구센터,1-4. 첨단바이오,11. 1억 이상 연구과제 수주 건수,2027,5,2026,247
ind_0c528d6173,2. 공동연구센터,1-4. 첨단바이오,11. 1억 이상 연구과제 수주 건수,2028,5,2026,247
ind_0c528d6173,2. 공동연구센터,1-4. 첨단바이오,11. 1억 이상 연구과제 수주 건수,2029,6,2026,247
ind_0b492accf0,2. 공동연구센터,1-4. 첨단바이오,12. 1억 미만 연구과제 수주 건수,2025,11,2026,248
ind_0b492accf0,2. 공동연구센터,1-4. 첨단바이오,12. 1억 미만 연구과제 수주 건수,2026,12,2026,248
ind_0b492accf0,2. 공동연구센터,1-4. 첨단바이오,12. 1억 미만 연구과제 수주 건수,2027,12,2026,248
ind_0b492accf0,2. 공동연구센터,1-4. 첨단바이오,12. 1억 미만 연구과제 수주 건수,2028,13,2026,248
ind_0b492accf0,2. 공동연구센터,1-4. 첨단바이오,12. 1억 미만 연구과제 수주 건수,2029,13,2026,248
ind_202c95b215,2. 공동연구센터,1-4. 첨단바이오,14. 미래전략산업 학생연구원(학부) 참여자 수,2025,30,2026,250
ind_202c95b215,2. 공동연구센터,1-4. 첨단바이오,14. 미래전략산업 학생연구원(학부) 참여자 수,2026,32,2026,250
ind_202c95b215,2. 공동연구센터,1-4. 첨단바이오,14. 미래전략산업 학생연구원(학부) 참여자 수,2027,34,2026,250
ind_202c95b215,2. 공동연구센터,1-4. 첨단바이오,14. 미래전략산업 학생연구원(학부) 참여자 수,2028,36,2026,250
ind_202c95b215,2. 공동연구센터,1-4. 첨단바이오,14. 미래전략산업 학생연구원(학부) 참여자 수,2029,40,2026,250
ind_19a7eba533,2. 공동연구센터,1-4. 첨단바이오,15. 미래전략산업 학생연구원(석사) 참여자 수,2025,14,2026,251
ind_19a7eba533,2. 공동연구센터,1-4. 첨단바이오,15. 미래전략산업 학생연구원(석사) 참여자 수,2026,15,2026,251
ind_19a7eba533,2. 공동연구센터,1-4. 첨단바이오,15. 미래전략산업 학생연구원(석사) 참여자 수,2027,16,2026,251
ind_19a7eba533,2. 공동연구센터,1-4. 첨단바이오,15. 미래전략산업 학생연구원(석사) 참여자 수,2028,17,2026,251
ind_19a7eba533,2. 공동연구센터,1-4. 첨단바이오,15. 미래전략산업 학생연구원(석사) 참여자 수,2029,18,2026,251
ind_9dee3e7d10,2. 공동연구센터,1-4. 첨단바이오,16. 미래전략산업 학생연구원(박사) 참여자 수,2025,2,2026,252
ind_9dee3e7d10,2. 공동연구센터,1-4. 첨단바이오,16. 미래전략산업 학생연구원(박사) 참여자 수,2026,2,2026,252
ind_9dee3e7d10,2. 공동연구센터,1-4. 첨단바이오,16. 미래전략산업 학생연구원(박사) 참여자 수,2027,3,2026,252
ind_9dee3e7d10,2. 공동연구센터,1-4. 첨단바이오,16. 미래전략산업 학생연구원(박사) 참여자 수,2028,4,2026,252
ind_9dee3e7d10,2. 공동연구센터,1-4. 첨단바이오,16. 미래전략산업 학생연구원(박사) 참여자 수,2029,5,2026,252
ind_d8d0e48f0f,2. 공동연구센터,AI첨단제조,02. 특허 출원 건수,2025,0,2026,254
ind_d8d0e48f0f,2. 공동연구센터,AI첨단제조,02. 특허 출원 건수,2026,2,2026,254
ind_d8d0e48f0f,2. 공동연구센터,AI첨단제조,02. 특허 출원 건수,2027,3,2026,254
ind_d8d0e48f0f,2. 공동연구센터,AI첨단제조,02. 특허 출원 건수,2028,3,2026,254
ind_d8d0e48f0f,2. 공동연구센터,AI첨단제조,02. 특허 출원 건수,2029,4,2026,254
ind_bcb03d5d52,2. 공동연구센터,AI첨단제조,03. 국내 특허 등록 건수,2025,0,2026,255
ind_bcb03d5d52,2. 공동연구센터,AI첨단제조,03. 국내 특허 등록 건수,2026,0,2026,255
ind_bcb03d5d52,2. 공동연구센터,AI첨단제조,03. 국내 특허 등록 건수,2027,2,2026,255
ind_bcb03d5d52,2. 공동연구센터,AI첨단제조,03. 국내 특허 등록 건수,2028,3,2026,255
ind_bcb03d5d52,2. 공동연구센터,AI첨단제조,03. 국내 특허 등록 건수,2029,4,2026,255
ind_948f2caa9c,2. 공동연구센터,AI첨단제조,04. 해외 특허 등록 건수,2025,0,2026,256
ind_948f2caa9c,2. 공동연구센터,AI첨단제조,04. 해외 특허 등록 건수,2026,0,2026,256
ind_948f2caa9c,2. 공동연구센터,AI첨단제조,04. 해외 특허 등록 건수,2027,0,2026,256
ind_948f2caa9c,2. 공동연구센터,AI첨단제조,04. 해외 특허 등록 건수,2028,1,2026,256
ind_948f2caa9c,2. 공동연구센터,AI첨단제조,04. 해외 특허 등록 건수,2029,2,2026,256
ind_da7e78b857,2. 공동연구센터,AI첨단제조,05. (SCI(E)급) 논문 게재 건수,2025,0,2026,257
ind_da7e78b857,2. 공동연구센터,AI첨단제조,05. (SCI(E)급) 논문 게재 건수,2026,2,2026,257
ind_da7e78b857,2. 공동연구센터,AI첨단제조,05. (SCI(E)급) 논문 게재 건수,2027,3,2026,257
ind_da7e78b857,2. 공동연구센터,AI첨단제조,05. (SCI(E)급) 논문 게재 건수,2028,4,2026,257
ind_da7e78b857,2. 공동연구센터,AI첨단제조,05. (SCI(E)급) 논문 게재 건수,2029,4,2026,257
ind_53f3f2ba8a,2. 공동연구센터,AI첨단제조,06. (KCI급) 논문 게재 건수,2025,3,2026,258
ind_53f3f2ba8a,2. 공동연구센터,AI첨단제조,06. (KCI급) 논문 게재 건수,2026,4,2026,258
ind_53f3f2ba8a,2. 공동연구센터,AI첨단제조,06. (KCI급) 논문 게재 건수,2027,7,2026,258
ind_53f3f2ba8a,2. 공동연구센터,AI첨단제조,06. (KCI급) 논문 게재 건수,2028,8,2026,258
ind_53f3f2ba8a,2. 공동연구센터,AI첨단제조,06. (KCI급) 논문 게재 건수,2029,10,2026,258
ind_408d09275b,2. 공동연구센터,AI첨단제조,07. 기타 지식재산권 등록 건수(디자인권·상표권·실용신안 등),2025,0,2026,259
ind_408d09275b,2. 공동연구센터,AI첨단제조,07. 기타 지식재산권 등록 건수(디자인권·상표권·실용신안 등),2026,0,2026,259
ind_408d09275b,2. 공동연구센터,AI첨단제조,07. 기타 지식재산권 등록 건수(디자인권·상표권·실용신안 등),2027,0,2026,259
ind_408d09275b,2. 공동연구센터,AI첨단제조,07. 기타 지식재산권 등록 건수(디자인권·상표권·실용신안 등),2028,0,2026,259
ind_408d09275b,2. 공동연구센터,AI첨단제조,07. 기타 지식재산권 등록 건수(디자인권·상표권·실용신안 등),2029,0,2026,259
ind_78ea149040,2. 공동연구센터,AI첨단제조,08. 지산학연 공동연구를 통해 창출한 기술이전 수익,2025,0,2026,260
ind_78ea149040,2. 공동연구센터,AI첨단제조,08. 지산학연 공동연구를 통해 창출한 기술이전 수익,2026,15000,2026,260
ind_78ea149040,2. 공동연구센터,AI첨단제조,08. 지산학연 공동연구를 통해 창출한 기술이전 수익,2027,30000,2026,260
ind_78ea149040,2. 공동연구센터,AI첨단제조,08. 지산학연 공동연구를 통해 창출한 기술이전 수익,2028,30000,2026,260
ind_78ea149040,2. 공동연구센터,AI첨단제조,08. 지산학연 공동연구를 통해 창출한 기술이전 수익,2029,35000,2026,260
ind_fd3cdd933b,2. 공동연구센터,AI첨단제조,09. 지산학연 공동연구를 통해 창출한 기술이전 건수,2025,0,2026,261
ind_fd3cdd933b,2. 공동연구센터,AI첨단제조,09. 지산학연 공동연구를 통해 창출한 기술이전 건수,2026,3,2026,261
ind_fd3cdd933b,2. 공동연구센터,AI첨단제조,09. 지산학연 공동연구를 통해 창출한 기술이전 건수,2027,4,2026,261
ind_fd3cdd933b,2. 공동연구센터,AI첨단제조,09. 지산학연 공동연구를 통해 창출한 기술이전 건수,2028,5,2026,261
ind_fd3cdd933b,2. 공동연구센터,AI첨단제조,09. 지산학연 공동연구를 통해 창출한 기술이전 건수,2029,6,2026,261
ind_8bf52dbf2d,2. 공동연구센터,AI첨단제조,(신규) 대학 전임교원 수(2. 2. 2. 공동연구센터 참여 교원),2025,5,2026,262
ind_8bf52dbf2d,2. 공동연구센터,AI첨단제조,(신규) 대학 전임교원 수(2. 2. 2. 공동연구센터 참여 교원),2026,5,2026,262
ind_8bf52dbf2d,2. 공동연구센터,AI첨단제조,(신규) 대학 전임교원 수(2. 2. 2. 공동연구센터 참여 교원),2027,5,2026,262
ind_8bf52dbf2d,2. 공동연구센터,AI첨단제조,(신규) 대학 전임교원 수(2. 2. 2. 공동연구센터 참여 교원),2028,6,2026,262
ind_8bf52dbf2d,2. 공동연구센터,AI첨단제조,(신규) 대학 전임교원 수(2. 2. 2. 공동연구센터 참여 교원),2029,6,2026,262
ind_6ec076dcef,2. 공동연구센터,AI첨단제조,11. 1억 이상 연구과제 수주 건수,2025,2,2026,264
ind_6ec076dcef,2. 공동연구센터,AI첨단제조,11. 1억 이상 연구과제 수주 건수,2026,2,2026,264
ind_6ec076dcef,2. 공동연구센터,AI첨단제조,11. 1억 이상 연구과제 수주 건수,2027,2,2026,264
ind_6ec076dcef,2. 공동연구센터,AI첨단제조,11. 1억 이상 연구과제 수주 건수,2028,2,2026,264
ind_6ec076dcef,2. 공동연구센터,AI첨단제조,11. 1억 이상 연구과제 수주 건수,2029,3,2026,264
ind_1be8f7dca8,2. 공동연구센터,AI첨단제조,12. 1억 미만 연구과제 수주 건수,2025,3,2026,265
ind_1be8f7dca8,2. 공동연구센터,AI첨단제조,12. 1억 미만 연구과제 수주 건수,2026,4,2026,265
ind_1be8f7dca8,2. 공동연구센터,AI첨단제조,12. 1억 미만 연구과제 수주 건수,2027,5,2026,265
ind_1be8f7dca8,2. 공동연구센터,AI첨단제조,12. 1억 미만 연구과제 수주 건수,2028,5,2026,265
ind_1be8f7dca8,2. 공동연구센터,AI첨단제조,12. 1억 미만 연구과제 수주 건수,2029,5,2026,265
ind_409ed4a36a,2. 공동연구센터,AI첨단제조,14. 미래전략산업 학생연구원(학부) 참여자 수,2025,5,2026,267
ind_409ed4a36a,2. 공동연구센터,AI첨단제조,14. 미래전략산업 학생연구원(학부) 참여자 수,2026,6,2026,267
ind_409ed4a36a,2. 공동연구센터,AI첨단제조,14. 미래전략산업 학생연구원(학부) 참여자 수,2027,7,2026,267
ind_409ed4a36a,2. 공동연구센터,AI첨단제조,14. 미래전략산업 학생연구원(학부) 참여자 수,2028,8,2026,267
ind_409ed4a36a,2. 공동연구센터,AI첨단제조,14. 미래전략산업 학생연구원(학부) 참여자 수,2029,9,2026,267
ind_37112e96d7,2. 공동연구센터,AI첨단제조,15. 미래전략산업 학생연구원(석사) 참여자 수,2025,3,2026,268
ind_37112e96d7,2. 공동연구센터,AI첨단제조,15. 미래전략산업 학생연구원(석사) 참여자 수,2026,4,2026,268
ind_37112e96d7,2. 공동연구센터,AI첨단제조,15. 미래전략산업 학생연구원(석사) 참여자 수,2027,6,2026,268
ind_37112e96d7,2. 공동연구센터,AI첨단제조,15. 미래전략산업 학생연구원(석사) 참여자 수,2028,8,2026,268
ind_37112e96d7,2. 공동연구센터,AI첨단제조,15. 미래전략산업 학생연구원(석사) 참여자 수,2029,8,2026,268
ind_e2caef8896,2. 공동연구센터,AI첨단제조,16. 미래전략산업 학생연구원(박사) 참여자 수,2025,0,2026,269
ind_e2caef8896,2. 공동연구센터,AI첨단제조,16. 미래전략산업 학생연구원(박사) 참여자 수,2026,3,2026,269
ind_e2caef8896,2. 공동연구센터,AI첨단제조,16. 미래전략산업 학생연구원(박사) 참여자 수,2027,4,2026,269
ind_e2caef8896,2. 공동연구센터,AI첨단제조,16. 미래전략산업 학생연구원(박사) 참여자 수,2028,5,2026,269
ind_e2caef8896,2. 공동연구센터,AI첨단제조,16. 미래전략산업 학생연구원(박사) 참여자 수,2029,5,2026,269
ind_1f2f7d1fcb,2. 공동연구센터,AI모빌리티,01. 공동연구센터 운영 실적,2025,51,2026,270
ind_1f2f7d1fcb,2. 공동연구센터,AI모빌리티,01. 공동연구센터 운영 실적,2026,53,2026,270
ind_1f2f7d1fcb,2. 공동연구센터,AI모빌리티,01. 공동연구센터 운영 실적,2027,55,2026,270
ind_1f2f7d1fcb,2. 공동연구센터,AI모빌리티,01. 공동연구센터 운영 실적,2028,57,2026,270
ind_1f2f7d1fcb,2. 공동연구센터,AI모빌리티,01. 공동연구센터 운영 실적,2029,59,2026,270
ind_fbabb7187d,2. 공동연구센터,AI모빌리티,02. 공용장비 확산 지수,2025,38,2026,274
ind_fbabb7187d,2. 공동연구센터,AI모빌리티,02. 공용장비 확산 지수,2026,42,2026,274
ind_fbabb7187d,2. 공동연구센터,AI모빌리티,02. 공용장비 확산 지수,2027,47,2026,274
ind_fbabb7187d,2. 공동연구센터,AI모빌리티,02. 공용장비 확산 지수,2028,54,2026,274
ind_fbabb7187d,2. 공동연구센터,AI모빌리티,02. 공용장비 확산 지수,2029,62,2026,274
ind_e1865f78cb,2. 공동연구센터,AI모빌리티,03. 지산학연 협력 협의체 운영 지수,2025,15,2026,278
ind_e1865f78cb,2. 공동연구센터,AI모빌리티,03. 지산학연 협력 협의체 운영 지수,2026,16,2026,278
ind_e1865f78cb,2. 공동연구센터,AI모빌리티,03. 지산학연 협력 협의체 운영 지수,2027,17,2026,278
ind_e1865f78cb,2. 공동연구센터,AI모빌리티,03. 지산학연 협력 협의체 운영 지수,2028,18,2026,278
ind_e1865f78cb,2. 공동연구센터,AI모빌리티,03. 지산학연 협력 협의체 운영 지수,2029,19,2026,278
ind_bc5f187296,2. 공동연구센터,첨단바이오,01. 애로기술지도 건수,2025,10,2026,281
ind_bc5f187296,2. 공동연구센터,첨단바이오,01. 애로기술지도 건수,2026,12,2026,281
ind_bc5f187296,2. 공동연구센터,첨단바이오,01. 애로기술지도 건수,2027,14,2026,281
ind_bc5f187296,2. 공동연구센터,첨단바이오,01. 애로기술지도 건수,2028,16,2026,281
ind_bc5f187296,2. 공동연구센터,첨단바이오,01. 애로기술지도 건수,2029,18,2026,281
ind_33756a47fc,2. 공동연구센터,첨단바이오,02. 시제품제작지원 건수,2025,2,2026,282
ind_33756a47fc,2. 공동연구센터,첨단바이오,02. 시제품제작지원 건수,2026,2.4,2026,282
ind_33756a47fc,2. 공동연구센터,첨단바이오,02. 시제품제작지원 건수,2027,2.8,2026,282
ind_33756a47fc,2. 공동연구센터,첨단바이오,02. 시제품제작지원 건수,2028,3.2,2026,282
ind_33756a47fc,2. 공동연구센터,첨단바이오,02. 시제품제작지원 건수,2029,3.6,2026,282
ind_0e1dcefda8,2. 공동연구센터,이차전지,01. 애로기술지도 건수,2025,12,2026,283
ind_0e1dcefda8,2. 공동연구센터,이차전지,01. 애로기술지도 건수,2026,14,2026,283
ind_0e1dcefda8,2. 공동연구센터,이차전지,01. 애로기술지도 건수,2027,16,2026,283
ind_0e1dcefda8,2. 공동연구센터,이차전지,01. 애로기술지도 건수,2028,18,2026,283
ind_0e1dcefda8,2. 공동연구센터,이차전지,01. 애로기술지도 건수,2029,20,2026,283
ind_1bce423f44,2. 공동연구센터,이차전지,02. 시제품제작지원 건수,2025,3,2026,284
ind_1bce423f44,2. 공동연구센터,이차전지,02. 시제품제작지원 건수,2026,4,2026,284
ind_1bce423f44,2. 공동연구센터,이차전지,02. 시제품제작지원 건수,2027,4,2026,284
ind_1bce423f44,2. 공동연구센터,이차전지,02. 시제품제작지원 건수,2028,5,2026,284
ind_1bce423f44,2. 공동연구센터,이차전지,02. 시제품제작지원 건수,2029,5,2026,284
ind_926222d498,2. 공동연구센터,반도체,01. 애로기술지도 건수,2025,6,2026,285
ind_926222d498,2. 공동연구센터,반도체,01. 애로기술지도 건수,2026,7,2026,285
ind_926222d498,2. 공동연구센터,반도체,01. 애로기술지도 건수,2027,8,2026,285
ind_926222d498,2. 공동연구센터,반도체,01. 애로기술지도 건수,2028,9,2026,285
ind_926222d498,2. 공동연구센터,반도체,01. 애로기술지도 건수,2029,10,2026,285
ind_2863691797,2. 공동연구센터,반도체,02. 시제품제작지원 건수,2025,2.4,2026,286
ind_2863691797,2. 공동연구센터,반도체,02. 시제품제작지원 건수,2026,2.8,2026,286
ind_2863691797,2. 공동연구센터,반도체,02. 시제품제작지원 건수,2027,3.2,2026,286
ind_2863691797,2. 공동연구센터,반도체,02. 시제품제작지원 건수,2028,3.6,2026,286
ind_2863691797,2. 공동연구센터,반도체,02. 시제품제작지원 건수,2029,4,2026,286
ind_a45aabad04,2. 공동연구센터,AI첨단제조,01. 공동연구센터 운영 실적,2025,5,2026,287
ind_a45aabad04,2. 공동연구센터,AI첨단제조,01. 공동연구센터 운영 실적,2026,6,2026,287
ind_a45aabad04,2. 공동연구센터,AI첨단제조,01. 공동연구센터 운영 실적,2027,7,2026,287
ind_a45aabad04,2. 공동연구센터,AI첨단제조,01. 공동연구센터 운영 실적,2028,8,2026,287
ind_a45aabad04,2. 공동연구센터,AI첨단제조,01. 공동연구센터 운영 실적,2029,9,2026,287
ind_e10845a474,2. 공동연구센터,AI첨단제조,02. 공용장비 확산 지수,2025,6,2026,291
ind_e10845a474,2. 공동연구센터,AI첨단제조,02. 공용장비 확산 지수,2026,8,2026,291
ind_e10845a474,2. 공동연구센터,AI첨단제조,02. 공용장비 확산 지수,2027,10,2026,291
ind_e10845a474,2. 공동연구센터,AI첨단제조,02. 공용장비 확산 지수,2028,12,2026,291
ind_e10845a474,2. 공동연구센터,AI첨단제조,02. 공용장비 확산 지수,2029,14,2026,291
ind_c0b858f0bd,2. 공동연구센터,AI첨단제조,03. 지산학연 협력 협의체 운영 지수,2025,3,2026,295
ind_c0b858f0bd,2. 공동연구센터,AI첨단제조,03. 지산학연 협력 협의체 운영 지수,2026,4,2026,295
ind_c0b858f0bd,2. 공동연구센터,AI첨단제조,03. 지산학연 협력 협의체 운영 지수,2027,4,2026,295
ind_c0b858f0bd,2. 공동연구센터,AI첨단제조,03. 지산학연 협력 협의체 운영 지수,2028,4,2026,295
ind_c0b858f0bd,2. 공동연구센터,AI첨단제조,03. 지산학연 협력 협의체 운영 지수,2029,5,2026,295
ind_0f6b577be5,2.1. 창업지원센터,창업지원센터,02. 지역 학생·교원 창업기업 수,2025,3,2026,299
ind_0f6b577be5,2.1. 창업지원센터,창업지원센터,02. 지역 학생·교원 창업기업 수,2026,3,2026,299
ind_0f6b577be5,2.1. 창업지원센터,창업지원센터,02. 지역 학생·교원 창업기업 수,2027,3,2026,299
ind_0f6b577be5,2.1. 창업지원센터,창업지원센터,02. 지역 학생·교원 창업기업 수,2028,3,2026,299
ind_0f6b577be5,2.1. 창업지원센터,창업지원센터,02. 지역 학생·교원 창업기업 수,2029,4,2026,299
ind_d878abb4f0,2.1. 창업지원센터,창업지원센터,03. 지역 학생·교원 창업기업의 연간 매출액 총계,2025,32200,2026,300
ind_d878abb4f0,2.1. 창업지원센터,창업지원센터,03. 지역 학생·교원 창업기업의 연간 매출액 총계,2026,35400,2026,300
ind_d878abb4f0,2.1. 창업지원센터,창업지원센터,03. 지역 학생·교원 창업기업의 연간 매출액 총계,2027,39100,2026,300
ind_d878abb4f0,2.1. 창업지원센터,창업지원센터,03. 지역 학생·교원 창업기업의 연간 매출액 총계,2028,42400,2026,300
ind_d878abb4f0,2.1. 창업지원센터,창업지원센터,03. 지역 학생·교원 창업기업의 연간 매출액 총계,2029,45000,2026,300
ind_795d68efdf,2.1. 창업지원센터,창업지원센터,01. 창업 프로그램 운영 건수,2025,9,2026,301
ind_795d68efdf,2.1. 창업지원센터,창업지원센터,01. 창업 프로그램 운영 건수,2026,9,2026,301
ind_795d68efdf,2.1. 창업지원센터,창업지원센터,01. 창업 프로그램 운영 건수,2027,9,2026,301
ind_795d68efdf,2.1. 창업지원센터,창업지원센터,01. 창업 프로그램 운영 건수,2028,10,2026,301
ind_795d68efdf,2.1. 창업지원센터,창업지원센터,01. 창업 프로그램 운영 건수,2029,10,2026,301
ind_3bd62e1184,2.1. 창업지원센터,창업지원센터,02. 창업 강좌 이수자 수,2025,1014,2026,302
ind_3bd62e1184,2.1. 창업지원센터,창업지원센터,02. 창업 강좌 이수자 수,2026,1064,2026,302
ind_3bd62e1184,2.1. 창업지원센터,창업지원센터,02. 창업 강좌 이수자 수,2027,1114,2026,302
ind_3bd62e1184,2.1. 창업지원센터,창업지원센터,02. 창업 강좌 이수자 수,2028,1164,2026,302
ind_3bd62e1184,2.1. 창업지원센터,창업지원센터,02. 창업 강좌 이수자 수,2029,1214,2026,302
ind_241fa5ec3e,2.2. 방사광가속기,4세대 방사광 가속기,02. 방사광가속기 연구 관련 학생연구원(학부) 참여자 수,2025,2,2026,304
ind_241fa5ec3e,2.2. 방사광가속기,4세대 방사광 가속기,02. 방사광가속기 연구 관련 학생연구원(학부) 참여자 수,2026,2,2026,304
ind_241fa5ec3e,2.2. 방사광가속기,4세대 방사광 가속기,02. 방사광가속기 연구 관련 학생연구원(학부) 참여자 수,2027,2,2026,304
ind_241fa5ec3e,2.2. 방사광가속기,4세대 방사광 가속기,02. 방사광가속기 연구 관련 학생연구원(학부) 참여자 수,2028,2,2026,304
ind_241fa5ec3e,2.2. 방사광가속기,4세대 방사광 가속기,02. 방사광가속기 연구 관련 학생연구원(학부) 참여자 수,2029,2,2026,304
ind_05375f333e,2.2. 방사광가속기,4세대 방사광 가속기,03. 방사광가속기 연구 관련 학생연구원(석사) 참여자 수,2025,1,2026,305
ind_05375f333e,2.2. 방사광가속기,4세대 방사광 가속기,03. 방사광가속기 연구 관련 학생연구원(석사) 참여자 수,2026,1,2026,305
ind_05375f333e,2.2. 방사광가속기,4세대 방사광 가속기,03. 방사광가속기 연구 관련 학생연구원(석사) 참여자 수,2027,1,2026,305
ind_05375f333e,2.2. 방사광가속기,4세대 방사광 가속기,03. 방사광가속기 연구 관련 학생연구원(석사) 참여자 수,2028,1,2026,305
ind_05375f333e,2.2. 방사광가속기,4세대 방사광 가속기,03. 방사광가속기 연구 관련 학생연구원(석사) 참여자 수,2029,1,2026,305
ind_56cf674201,2.2. 방사광가속기,4세대 방사광 가속기,04. 방사광가속기 연구 관련 학생연구원(박사) 참여자 수,2025,1,2026,306
ind_56cf674201,2.2. 방사광가속기,4세대 방사광 가속기,04. 방사광가속기 연구 관련 학생연구원(박사) 참여자 수,2026,1,2026,306
ind_56cf674201,2.2. 방사광가속기,4세대 방사광 가속기,04. 방사광가속기 연구 관련 학생연구원(박사) 참여자 수,2027,1,2026,306
ind_56cf674201,2.2. 방사광가속기,4세대 방사광 가속기,04. 방사광가속기 연구 관련 학생연구원(박사) 참여자 수,2028,1,2026,306
ind_56cf674201,2.2. 방사광가속기,4세대 방사광 가속기,04. 방사광가속기 연구 관련 학생연구원(박사) 참여자 수,2029,1,2026,306
ind_0f06500385,2.2. 방사광가속기,4세대 방사광 가속기,05. 방사광가속기 관련 석사학위 취득자 수,2025,0,2026,307
ind_0f06500385,2.2. 방사광가속기,4세대 방사광 가속기,05. 방사광가속기 관련 석사학위 취득자 수,2026,2,2026,307
ind_0f06500385,2.2. 방사광가속기,4세대 방사광 가속기,05. 방사광가속기 관련 석사학위 취득자 수,2027,3,2026,307
ind_0f06500385,2.2. 방사광가속기,4세대 방사광 가속기,05. 방사광가속기 관련 석사학위 취득자 수,2028,3,2026,307
ind_0f06500385,2.2. 방사광가속기,4세대 방사광 가속기,05. 방사광가속기 관련 석사학위 취득자 수,2029,3,2026,307
ind_a9076a4900,2.2. 방사광가속기,4세대 방사광 가속기,06. 방사광가속기 관련 박사학위 취득자 수,2025,0,2026,308
ind_a9076a4900,2.2. 방사광가속기,4세대 방사광 가속기,06. 방사광가속기 관련 박사학위 취득자 수,2026,0,2026,308
ind_a9076a4900,2.2. 방사광가속기,4세대 방사광 가속기,06. 방사광가속기 관련 박사학위 취득자 수,2027,1,2026,308
ind_a9076a4900,2.2. 방사광가속기,4세대 방사광 가속기,06. 방사광가속기 관련 박사학위 취득자 수,2028,1,2026,308
ind_a9076a4900,2.2. 방사광가속기,4세대 방사광 가속기,06. 방사광가속기 관련 박사학위 취득자 수,2029,1,2026,308
ind_a204adeab7,2.2. 방사광가속기,4세대 방사광 가속기,01. 방사광가속기 교과목 운영 건수 증가율,2025,0,2026,309
ind_a204adeab7,2.2. 방사광가속기,4세대 방사광 가속기,01. 방사광가속기 교과목 운영 건수 증가율,2026,40,2026,309
ind_a204adeab7,2.2. 방사광가속기,4세대 방사광 가속기,01. 방사광가속기 교과목 운영 건수 증가율,2027,60,2026,309
ind_a204adeab7,2.2. 방사광가속기,4세대 방사광 가속기,01. 방사광가속기 교과목 운영 건수 증가율,2028,80,2026,309
ind_a204adeab7,2.2. 방사광가속기,4세대 방사광 가속기,01. 방사광가속기 교과목 운영 건수 증가율,2029,100,2026,309
ind_9a6500e4e4,2.2. 방사광가속기,4세대 방사광 가속기,방사광가속기 교과목 운영(개설) 건수,2025,0,2026,310
ind_0ab48663a6,2.2. 방사광가속기,4세대 방사광 가속기,02. 방사광가속기 연구논문 건수 증가율,2025,0,2026,311
ind_0ab48663a6,2.2. 방사광가속기,4세대 방사광 가속기,02. 방사광가속기 연구논문 건수 증가율,2026,30,2026,311
ind_0ab48663a6,2.2. 방사광가속기,4세대 방사광 가속기,02. 방사광가속기 연구논문 건수 증가율,2027,100,2026,311
ind_0ab48663a6,2.2. 방사광가속기,4세대 방사광 가속기,02. 방사광가속기 연구논문 건수 증가율,2028,130,2026,311
ind_0ab48663a6,2.2. 방사광가속기,4세대 방사광 가속기,02. 방사광가속기 연구논문 건수 증가율,2029,200,2026,311
ind_08e42dae0c,2.2. 방사광가속기,4세대 방사광 가속기,03. 방사광가속기 분야 산업체 재직자 교육 증가율,2025,0,2026,314
ind_08e42dae0c,2.2. 방사광가속기,4세대 방사광 가속기,03. 방사광가속기 분야 산업체 재직자 교육 증가율,2026,50,2026,314
ind_08e42dae0c,2.2. 방사광가속기,4세대 방사광 가속기,03. 방사광가속기 분야 산업체 재직자 교육 증가율,2027,100,2026,314
ind_08e42dae0c,2.2. 방사광가속기,4세대 방사광 가속기,03. 방사광가속기 분야 산업체 재직자 교육 증가율,2028,150,2026,314
ind_08e42dae0c,2.2. 방사광가속기,4세대 방사광 가속기,03. 방사광가속기 분야 산업체 재직자 교육 증가율,2029,200,2026,314
ind_8fc0a101fa,3. 평생교육,평생직업교육체계 활성화,02. 고등교육기관 재적자 중 성인 학습자(만 30세 이상)의 수,2025,1063,2026,318
ind_8fc0a101fa,3. 평생교육,평생직업교육체계 활성화,02. 고등교육기관 재적자 중 성인 학습자(만 30세 이상)의 수,2026,1113,2026,318
ind_8fc0a101fa,3. 평생교육,평생직업교육체계 활성화,02. 고등교육기관 재적자 중 성인 학습자(만 30세 이상)의 수,2027,1163,2026,318
ind_8fc0a101fa,3. 평생교육,평생직업교육체계 활성화,02. 고등교육기관 재적자 중 성인 학습자(만 30세 이상)의 수,2028,1213,2026,318
ind_8fc0a101fa,3. 평생교육,평생직업교육체계 활성화,02. 고등교육기관 재적자 중 성인 학습자(만 30세 이상)의 수,2029,1263,2026,318
ind_6497eb38a9,3. 평생교육,평생직업교육체계 활성화,(신규) 고등교육기관 재적자 수,2025,0,2026,319
ind_6497eb38a9,3. 평생교육,평생직업교육체계 활성화,(신규) 고등교육기관 재적자 수,2026,11814,2026,319
ind_6497eb38a9,3. 평생교육,평생직업교육체계 활성화,(신규) 고등교육기관 재적자 수,2027,11964,2026,319
ind_6497eb38a9,3. 평생교육,평생직업교육체계 활성화,(신규) 고등교육기관 재적자 수,2028,12114,2026,319
ind_6497eb38a9,3. 평생교육,평생직업교육체계 활성화,(신규) 고등교육기관 재적자 수,2029,12264,2026,319
ind_751912f4fd,3. 평생교육,평생직업교육체계 활성화,04. 성인 학습자 평생직업교육 학위과정 이수자 수,2025,375,2026,321
ind_751912f4fd,3. 평생교육,평생직업교육체계 활성화,04. 성인 학습자 평생직업교육 학위과정 이수자 수,2026,380,2026,321
ind_751912f4fd,3. 평생교육,평생직업교육체계 활성화,04. 성인 학습자 평생직업교육 학위과정 이수자 수,2027,385,2026,321
ind_751912f4fd,3. 평생교육,평생직업교육체계 활성화,04. 성인 학습자 평생직업교육 학위과정 이수자 수,2028,390,2026,321
ind_751912f4fd,3. 평생교육,평생직업교육체계 활성화,04. 성인 학습자 평생직업교육 학위과정 이수자 수,2029,395,2026,321
ind_4a3f11c4f0,3. 평생교육,평생직업교육체계 활성화,05. 성인 학습자 평생직업교육 비학위과정 이수자 수,2025,454,2026,322
ind_4a3f11c4f0,3. 평생교육,평생직업교육체계 활성화,05. 성인 학습자 평생직업교육 비학위과정 이수자 수,2026,575,2026,322
ind_4a3f11c4f0,3. 평생교육,평생직업교육체계 활성화,05. 성인 학습자 평생직업교육 비학위과정 이수자 수,2027,632,2026,322
ind_4a3f11c4f0,3. 평생교육,평생직업교육체계 활성화,05. 성인 학습자 평생직업교육 비학위과정 이수자 수,2028,706,2026,322
ind_4a3f11c4f0,3. 평생교육,평생직업교육체계 활성화,05. 성인 학습자 평생직업교육 비학위과정 이수자 수,2029,808,2026,322
ind_1f40834d05,3. 평생교육,평생직업교육체계 활성화,06. 성인 학습자 평생직업교육 학습자 수,2025,829,2026,323
ind_1f40834d05,3. 평생교육,평생직업교육체계 활성화,06. 성인 학습자 평생직업교육 학습자 수,2026,955,2026,323
ind_1f40834d05,3. 평생교육,평생직업교육체계 활성화,06. 성인 학습자 평생직업교육 학습자 수,2027,1017,2026,323
ind_1f40834d05,3. 평생교육,평생직업교육체계 활성화,06. 성인 학습자 평생직업교육 학습자 수,2028,1096,2026,323
ind_1f40834d05,3. 평생교육,평생직업교육체계 활성화,06. 성인 학습자 평생직업교육 학습자 수,2029,1203,2026,323
ind_15640418f1,3. 평생교육,평생직업교육체계 활성화,01. 성인학습자(재직자) 교육과정 프로그램 만족도,2025,91,2026,324
ind_15640418f1,3. 평생교육,평생직업교육체계 활성화,01. 성인학습자(재직자) 교육과정 프로그램 만족도,2026,92,2026,324
ind_15640418f1,3. 평생교육,평생직업교육체계 활성화,01. 성인학습자(재직자) 교육과정 프로그램 만족도,2027,93,2026,324
ind_15640418f1,3. 평생교육,평생직업교육체계 활성화,01. 성인학습자(재직자) 교육과정 프로그램 만족도,2028,94,2026,324
ind_15640418f1,3. 평생교육,평생직업교육체계 활성화,01. 성인학습자(재직자) 교육과정 프로그램 만족도,2029,95,2026,324
ind_977ed33e60,3. 평생교육,평생직업교육체계 활성화,02. 성인학습자(재직자) 대상 교육운영 건수,2025,14,2026,325
ind_977ed33e60,3. 평생교육,평생직업교육체계 활성화,02. 성인학습자(재직자) 대상 교육운영 건수,2026,16,2026,325
ind_977ed33e60,3. 평생교육,평생직업교육체계 활성화,02. 성인학습자(재직자) 대상 교육운영 건수,2027,18,2026,325
ind_977ed33e60,3. 평생교육,평생직업교육체계 활성화,02. 성인학습자(재직자) 대상 교육운영 건수,2028,20,2026,325
ind_977ed33e60,3. 평생교육,평생직업교육체계 활성화,02. 성인학습자(재직자) 대상 교육운영 건수,2029,22,2026,325
ind_88b1c19c5a,3. 평생교육,평생직업교육체계 활성화,03. 성인학습자(재직자) 대상 교육 참여산업체 수,2025,16,2026,326
ind_88b1c19c5a,3. 평생교육,평생직업교육체계 활성화,03. 성인학습자(재직자) 대상 교육 참여산업체 수,2026,18,2026,326
ind_88b1c19c5a,3. 평생교육,평생직업교육체계 활성화,03. 성인학습자(재직자) 대상 교육 참여산업체 수,2027,20,2026,326
ind_88b1c19c5a,3. 평생교육,평생직업교육체계 활성화,03. 성인학습자(재직자) 대상 교육 참여산업체 수,2028,22,2026,326
ind_88b1c19c5a,3. 평생교육,평생직업교육체계 활성화,03. 성인학습자(재직자) 대상 교육 참여산업체 수,2029,24,2026,326
ind_f5187c9850,4. 지역현안해결,K-유학생,03. 지역 외 4주 이상 8주 미만 표준현장실습 참여 학생 수,2025,0,2026,332
ind_f5187c9850,4. 지역현안해결,K-유학생,03. 지역 외 4주 이상 8주 미만 표준현장실습 참여 학생 수,2026,2,2026,332
ind_f5187c9850,4. 지역현안해결,K-유학생,03. 지역 외 4주 이상 8주 미만 표준현장실습 참여 학생 수,2027,3,2026,332
ind_f5187c9850,4. 지역현안해결,K-유학생,03. 지역 외 4주 이상 8주 미만 표준현장실습 참여 학생 수,2028,4,2026,332
ind_f5187c9850,4. 지역현안해결,K-유학생,03. 지역 외 4주 이상 8주 미만 표준현장실습 참여 학생 수,2029,5,2026,332
ind_6439ee100a,4. 지역현안해결,K-유학생,03. 지역 내 4주 이상 8주 미만 표준현장실습 참여 유학생 수,2029,1,2026,333
ind_faf286c2b7,4. 지역현안해결,K-유학생,04. 지역 외 8주 이상 12주 미만 표준현장실습 참여 유학생 수,2025,0,2026,334
ind_faf286c2b7,4. 지역현안해결,K-유학생,04. 지역 외 8주 이상 12주 미만 표준현장실습 참여 유학생 수,2026,1,2026,334
ind_faf286c2b7,4. 지역현안해결,K-유학생,04. 지역 외 8주 이상 12주 미만 표준현장실습 참여 유학생 수,2027,2,2026,334
ind_faf286c2b7,4. 지역현안해결,K-유학생,04. 지역 외 8주 이상 12주 미만 표준현장실습 참여 유학생 수,2028,2,2026,334
ind_faf286c2b7,4. 지역현안해결,K-유학생,04. 지역 외 8주 이상 12주 미만 표준현장실습 참여 유학생 수,2029,2,2026,334
ind_d1751b9ba7,4. 지역현안해결,K-유학생,04. 지역 내 4주 이상 12주 미만 표준현장실습 참여 유학생 수,2029,1,2026,335
ind_5a98b2cebd,4. 지역현안해결,K-유학생,05. 지역 외 12주 이상 표준현장실습 참여 유학생 수,2025,0,2026,336
ind_5a98b2cebd,4. 지역현안해결,K-유학생,05. 지역 외 12주 이상 표준현장실습 참여 유학생 수,2026,0,2026,336
ind_5a98b2cebd,4. 지역현안해결,K-유학생,05. 지역 외 12주 이상 표준현장실습 참여 유학생 수,2027,0,2026,336
ind_5a98b2cebd,4. 지역현안해결,K-유학생,05. 지역 외 12주 이상 표준현장실습 참여 유학생 수,2028,0,2026,336
ind_5a98b2cebd,4. 지역현안해결,K-유학생,05. 지역 외 12주 이상 표준현장실습 참여 유학생 수,2029,1,2026,336
ind_cd6fc3507a,4. 지역현안해결,K-유학생,05. 지역 내 12주 이상 표준현장실습 참여 유학생 수,2029,1,2026,337
ind_546479555e,4. 지역현안해결,K-유학생,06. 표준현장실습 참여 유학생 중 실습기업에 취업한 유학생 수,2025,0,2026,338
ind_546479555e,4. 지역현안해결,K-유학생,06. 표준현장실습 참여 유학생 중 실습기업에 취업한 유학생 수,2026,0,2026,338
ind_546479555e,4. 지역현안해결,K-유학생,06. 표준현장실습 참여 유학생 중 실습기업에 취업한 유학생 수,2027,1,2026,338
ind_546479555e,4. 지역현안해결,K-유학생,06. 표준현장실습 참여 유학생 중 실습기업에 취업한 유학생 수,2028,2,2026,338
ind_546479555e,4. 지역현안해결,K-유학생,06. 표준현장실습 참여 유학생 중 실습기업에 취업한 유학생 수,2029,3,2026,338
ind_5930ab4992,4. 지역현안해결,K-유학생,(신규) 대학 전체 유학생 수,2025,41,2026,339
ind_5930ab4992,4. 지역현안해결,K-유학생,(신규) 대학 전체 유학생 수,2026,42,2026,339
ind_5930ab4992,4. 지역현안해결,K-유학생,(신규) 대학 전체 유학생 수,2027,44,2026,339
ind_5930ab4992,4. 지역현안해결,K-유학생,(신규) 대학 전체 유학생 수,2028,45,2026,339
ind_5930ab4992,4. 지역현안해결,K-유학생,(신규) 대학 전체 유학생 수,2029,46,2026,339
ind_bed6101d8b,4. 지역현안해결,K-유학생,01. 유학생 유치 인원 증가율,2025,3,2026,340
ind_bed6101d8b,4. 지역현안해결,K-유학생,01. 유학생 유치 인원 증가율,2026,6,2026,340
ind_bed6101d8b,4. 지역현안해결,K-유학생,01. 유학생 유치 인원 증가율,2027,9,2026,340
ind_bed6101d8b,4. 지역현안해결,K-유학생,01. 유학생 유치 인원 증가율,2028,12,2026,340
ind_bed6101d8b,4. 지역현안해결,K-유학생,01. 유학생 유치 인원 증가율,2029,15,2026,340
ind_ded9314790,4. 지역현안해결,K-유학생,03. 유학생 유지 증가율,2025,3,2026,342
ind_ded9314790,4. 지역현안해결,K-유학생,03. 유학생 유지 증가율,2026,6,2026,342
ind_ded9314790,4. 지역현안해결,K-유학생,03. 유학생 유지 증가율,2027,9,2026,342
ind_ded9314790,4. 지역현안해결,K-유학생,03. 유학생 유지 증가율,2028,12,2026,342
ind_ded9314790,4. 지역현안해결,K-유학생,03. 유학생 유지 증가율,2029,15,2026,342
ind_f5040aaba8,4. 지역현안해결,생활연구소,03. 정책 반영 건수,2025,1,2026,348
ind_f5040aaba8,4. 지역현안해결,생활연구소,03. 정책 반영 건수,2026,1,2026,348
ind_f5040aaba8,4. 지역현안해결,생활연구소,03. 정책 반영 건수,2027,1,2026,348
ind_f5040aaba8,4. 지역현안해결,생활연구소,03. 정책 반영 건수,2028,2,2026,348
ind_f5040aaba8,4. 지역현안해결,생활연구소,03. 정책 반영 건수,2029,2,2026,348
ind_d1d8ec18c5,4. 지역현안해결,생활연구소,04. 정책 반영 및 후속 사업 추진 건수,2025,1,2026,349
ind_d1d8ec18c5,4. 지역현안해결,생활연구소,04. 정책 반영 및 후속 사업 추진 건수,2026,1,2026,349
ind_d1d8ec18c5,4. 지역현안해결,생활연구소,04. 정책 반영 및 후속 사업 추진 건수,2027,1,2026,349
ind_d1d8ec18c5,4. 지역현안해결,생활연구소,04. 정책 반영 및 후속 사업 추진 건수,2028,1,2026,349
ind_d1d8ec18c5,4. 지역현안해결,생활연구소,04. 정책 반영 및 후속 사업 추진 건수,2029,2,2026,349
ind_62b5435c5a,4. 지역현안해결,생활연구소,01. 충북생활연구소 실시 프로그램 건수 증가율,2026,25,2026,350
ind_62b5435c5a,4. 지역현안해결,생활연구소,01. 충북생활연구소 실시 프로그램 건수 증가율,2027,50,2026,350
ind_62b5435c5a,4. 지역현안해결,생활연구소,01. 충북생활연구소 실시 프로그램 건수 증가율,2028,75,2026,350
ind_62b5435c5a,4. 지역현안해결,생활연구소,01. 충북생활연구소 실시 프로그램 건수 증가율,2029,100,2026,350
ind_920ada96ad,4. 지역현안해결,생활연구소,운영 프로그램의 개수,2026,1,2026,351
ind_920ada96ad,4. 지역현안해결,생활연구소,운영 프로그램의 개수,2027,2,2026,351
ind_920ada96ad,4. 지역현안해결,생활연구소,운영 프로그램의 개수,2028,2,2026,351
ind_920ada96ad,4. 지역현안해결,생활연구소,운영 프로그램의 개수,2029,2,2026,351
ind_4d04e4469d,4. 지역현안해결,생활연구소,02. 충북생활연구소 프로그램 참여시민 만족도,2025,60,2026,352
ind_4d04e4469d,4. 지역현안해결,생활연구소,02. 충북생활연구소 프로그램 참여시민 만족도,2026,65,2026,352
ind_4d04e4469d,4. 지역현안해결,생활연구소,02. 충북생활연구소 프로그램 참여시민 만족도,2027,70,2026,352
ind_4d04e4469d,4. 지역현안해결,생활연구소,02. 충북생활연구소 프로그램 참여시민 만족도,2028,75,2026,352
ind_4d04e4469d,4. 지역현안해결,생활연구소,02. 충북생활연구소 프로그램 참여시민 만족도,2029,80,2026,352
ind_e6ca2c3ad0,4. 지역현안해결,늘봄,사업 참여자 만족도 점수 합계(100점 환산),2025,70,2026,354
ind_e6ca2c3ad0,4. 지역현안해결,늘봄,사업 참여자 만족도 점수 합계(100점 환산),2026,75,2026,354
ind_e6ca2c3ad0,4. 지역현안해결,늘봄,사업 참여자 만족도 점수 합계(100점 환산),2027,80,2026,354
ind_e6ca2c3ad0,4. 지역현안해결,늘봄,사업 참여자 만족도 점수 합계(100점 환산),2028,85,2026,354
ind_e6ca2c3ad0,4. 지역현안해결,늘봄,사업 참여자 만족도 점수 합계(100점 환산),2029,90,2026,354
ind_7e036a657b,4. 지역현안해결,늘봄,만족도 참여자 수,2025,141,2026,355
ind_7e036a657b,4. 지역현안해결,늘봄,만족도 참여자 수,2026,141,2026,355
ind_7e036a657b,4. 지역현안해결,늘봄,만족도 참여자 수,2027,141,2026,355
ind_7e036a657b,4. 지역현안해결,늘봄,만족도 참여자 수,2028,141,2026,355
ind_7e036a657b,4. 지역현안해결,늘봄,만족도 참여자 수,2029,141,2026,355
ind_ff3f0770b2,4. 지역현안해결,늘봄,03. 늘봄학교 참여자의 학부모 만족도(100점 만점의 평균),2025,80,2026,357
ind_ff3f0770b2,4. 지역현안해결,늘봄,03. 늘봄학교 참여자의 학부모 만족도(100점 만점의 평균),2026,84,2026,357
ind_ff3f0770b2,4. 지역현안해결,늘봄,03. 늘봄학교 참여자의 학부모 만족도(100점 만점의 평균),2027,86,2026,357
ind_ff3f0770b2,4. 지역현안해결,늘봄,03. 늘봄학교 참여자의 학부모 만족도(100점 만점의 평균),2028,88,2026,357
ind_ff3f0770b2,4. 지역현안해결,늘봄,03. 늘봄학교 참여자의 학부모 만족도(100점 만점의 평균),2029,90,2026,357
ind_b5caf30d26,4. 지역현안해결,늘봄,늘봄학교 만족도 조사 참여자 수,2025,17,2026,358
ind_b5caf30d26,4. 지역현안해결,늘봄,늘봄학교 만족도 조사 참여자 수,2026,17,2026,358
ind_b5caf30d26,4. 지역현안해결,늘봄,늘봄학교 만족도 조사 참여자 수,2027,17,2026,358
ind_b5caf30d26,4. 지역현안해결,늘봄,늘봄학교 만족도 조사 참여자 수,2028,17,2026,358
ind_b5caf30d26,4. 지역현안해결,늘봄,늘봄학교 만족도 조사 참여자 수,2029,17,2026,358
ind_575b06feaf,4. 지역현안해결,늘봄,늘봄강사 취업자 수,2025,0,2026,360
ind_575b06feaf,4. 지역현안해결,늘봄,늘봄강사 취업자 수,2026,2,2026,360
ind_575b06feaf,4. 지역현안해결,늘봄,늘봄강사 취업자 수,2027,2,2026,360
ind_575b06feaf,4. 지역현안해결,늘봄,늘봄강사 취업자 수,2028,3,2026,360
ind_575b06feaf,4. 지역현안해결,늘봄,늘봄강사 취업자 수,2029,4,2026,360
ind_caa1f8f629,4. 지역현안해결,늘봄,늘봄강사 교육과정 이수자 수,2025,40,2026,361
ind_caa1f8f629,4. 지역현안해결,늘봄,늘봄강사 교육과정 이수자 수,2026,40,2026,361
ind_caa1f8f629,4. 지역현안해결,늘봄,늘봄강사 교육과정 이수자 수,2027,38,2026,361
ind_caa1f8f629,4. 지역현안해결,늘봄,늘봄강사 교육과정 이수자 수,2028,55,2026,361
ind_caa1f8f629,4. 지역현안해결,늘봄,늘봄강사 교육과정 이수자 수,2029,71,2026,361
ind_e564edf00d,4. 지역현안해결,늘봄,01. 프로그램 개발 및 고도화 누적 차시,2025,150,2026,362
ind_e564edf00d,4. 지역현안해결,늘봄,01. 프로그램 개발 및 고도화 누적 차시,2026,240,2026,362
ind_e564edf00d,4. 지역현안해결,늘봄,01. 프로그램 개발 및 고도화 누적 차시,2027,300,2026,362
ind_e564edf00d,4. 지역현안해결,늘봄,01. 프로그램 개발 및 고도화 누적 차시,2028,360,2026,362
ind_e564edf00d,4. 지역현안해결,늘봄,01. 프로그램 개발 및 고도화 누적 차시,2029,360,2026,362
ind_90c0b39ad3,4. 지역현안해결,늘봄,02. 프로그램 운영 누적 차시,2025,-,2026,363
ind_90c0b39ad3,4. 지역현안해결,늘봄,02. 프로그램 운영 누적 차시,2026,60,2026,363
ind_90c0b39ad3,4. 지역현안해결,늘봄,02. 프로그램 운영 누적 차시,2027,120,2026,363
ind_90c0b39ad3,4. 지역현안해결,늘봄,02. 프로그램 운영 누적 차시,2028,240,2026,363
ind_90c0b39ad3,4. 지역현안해결,늘봄,02. 프로그램 운영 누적 차시,2029,480,2026,363
