indicator_id,parent_indicator_id,project_name,task_name,indicator_scope,source_scope_name,is_regional_aggregate,indicator_level,calculation_mode,formula_type,source_level_name,source_level_confidence,children_count,indicator_name,normalized_indicator_name,unit,owner,source_weight,baseline_value,note,source_excel_row,source_2025_l_formula,formula_parent_row_2025,formula_children_rows_2025,formula_referenced_by_parent_rows_2025,formula_level_confidence,formula_type_from_2025_l,review_note
ind_cf44c0cc5a,,1. 인력양성,1-1. 공유대학,PROJECT,지역 전체,False,PARENT,AUTO_FROM_CHILDREN,RATIO,상위지표,EXPLICIT,2,01. 지역 정주 취업률,지역 정주 취업률,%,취업성공지원과,,,,5,,,,,NO_2025_L_FORMULA_EVIDENCE,,
ind_a9e26120c0,ind_cf44c0cc5a,1. 인력양성,1-1. 공유대학,PROJECT,지역 전체,False,CHILD,,DIRECT,하위지표,EXPLICIT,0,02. 지역 내 취업자 수,지역 내 취업자 수,명,취업성공지원과,,6,,6,,,,,NO_2025_L_FORMULA_EVIDENCE,,
ind_0c96c8e43a,ind_cf44c0cc5a,1. 인력양성,1-1. 공유대학,PROJECT,지역 전체,False,CHILD,,DIRECT,하위지표,EXPLICIT,0,03. 지역 외(수도권 제외) 취업자 수,지역 외(수도권 제외) 취업자 수,명,취업성공지원과,,14,,7,,,,,NO_2025_L_FORMULA_EVIDENCE,,
ind_55d02fa5bf,,1. 인력양성,1-1. 공유대학,PROJECT,지역 전체,False,PARENT,DIRECT_INPUT,DIRECT,상위지표,EXPLICIT,0,(신규) 대학 전체 졸업자 수,대학 전체 졸업자 수,명,대학본부,,2162,신규,8,,,,,NO_2025_L_FORMULA_EVIDENCE,,
ind_889fa0188a,,1. 인력양성,1-1. 공유대학,CHUNGBUK,단위과제 자율,False,PARENT,AUTO_FROM_CHILDREN,GROWTH_RATE,상위지표,EXPLICIT,8,04. 공유대학 참여 증가율,공유대학 참여 증가율,%,허소영,,,,9,,,,,NO_2025_L_FORMULA_EVIDENCE,,
ind_4bd51efe1a,ind_889fa0188a,1. 인력양성,1-1. 공유대학,CHUNGBUK,단위과제 자율,False,CHILD,,DIRECT,하위지표,EXPLICIT,0,05. 공동교육과정 이수자 수,공동교육과정 이수자 수,명,허소영,,295,,10,,,,,NO_2025_L_FORMULA_EVIDENCE,,
ind_a8e27580f6,ind_889fa0188a,1. 인력양성,1-1. 공유대학,CHUNGBUK,단위과제 자율,False,CHILD,,DIRECT,하위지표,EXPLICIT,0,06. 산학실무교과목 수,산학실무교과목 수,수,허소영,,1,,11,,,,,NO_2025_L_FORMULA_EVIDENCE,,
ind_c2a722f087,ind_889fa0188a,1. 인력양성,1-1. 공유대학,CHUNGBUK,단위과제 자율,False,CHILD,,DIRECT,하위지표,EXPLICIT,0,07. 표준현장실습 참여자 수,표준현장실습 참여자 수,명,허소영,,5,,12,,,,,NO_2025_L_FORMULA_EVIDENCE,,
ind_10009f96c7,ind_889fa0188a,1. 인력양성,1-1. 공유대학,CHUNGBUK,단위과제 자율,False,CHILD,,DIRECT,하위지표,EXPLICIT,0,(신규) 공유대학 참여자 수,공유대학 참여자 수,명,허소영,,114,신규,13,,,,,NO_2025_L_FORMULA_EVIDENCE,,
ind_c6a15c44b1,ind_889fa0188a,1. 인력양성,1-1. 공유대학,CHUNGBUK,단위과제 자율,False,CHILD,,DIRECT,하위지표,EXPLICIT,0,(신규) 공유대학 교과목 수,공유대학 교과목 수,명,허소영,,100,신규,14,,,,,NO_2025_L_FORMULA_EVIDENCE,,
ind_dfd083c0ae,ind_889fa0188a,1. 인력양성,1-1. 공유대학,UNIVERSITY,대학 자율,False,CHILD,,DIRECT,하위지표,EXPLICIT,0,01. 타 대학 학점교류 수강 건수,타 대학 학점교류 수강 건수,건,허소영,1,195,,15,,,,,NO_2025_L_FORMULA_EVIDENCE,,
ind_6ced62e054,ind_889fa0188a,1. 인력양성,1-1. 공유대학,UNIVERSITY,대학 자율,False,CHILD,,DIRECT,하위지표,EXPLICIT,0,02. 실무교과목 이수 학생 수,실무교과목 이수 학생 수,명,허소영,1,38,,16,,,,,NO_2025_L_FORMULA_EVIDENCE,,
ind_bcb77dd788,ind_889fa0188a,1. 인력양성,1-1. 공유대학,UNIVERSITY,대학 자율,False,CHILD,,DIRECT,하위지표,EXPLICIT,0,03. 산업체 인력참여자 수,산업체 인력참여자 수,명,허소영,1,5,,17,,,,,NO_2025_L_FORMULA_EVIDENCE,,
ind_ac9ff6541e,,1. 인력양성,1-2. 이차전지 단독형,PROJECT,지역 전체,False,PARENT,AUTO_FROM_CHILDREN,RATIO,상위지표,EXPLICIT,2,01. 지역 정주 취업률,지역 정주 취업률,%,취업성공지원과,,,,18,,,,,NO_2025_L_FORMULA_EVIDENCE,,
ind_ecda8a8df5,ind_ac9ff6541e,1. 인력양성,1-2. 이차전지 단독형,PROJECT,지역 전체,False,CHILD,,DIRECT,하위지표,EXPLICIT,0,02. 지역 내 취업자 수,지역 내 취업자 수,명,취업성공지원과,,10,,19,,,,,NO_2025_L_FORMULA_EVIDENCE,,
ind_e87bd551d4,ind_ac9ff6541e,1. 인력양성,1-2. 이차전지 단독형,PROJECT,지역 전체,False,CHILD,,DIRECT,하위지표,EXPLICIT,0,03. 지역 외(수도권 제외) 취업자 수,지역 외(수도권 제외) 취업자 수,명,취업성공지원과,,24,,20,,,,,NO_2025_L_FORMULA_EVIDENCE,,
ind_7391ca3bee,,1. 인력양성,1-2. 이차전지 단독형,CHUNGBUK,"지역 전체, 단위과제 자율",True,PARENT,DIRECT_INPUT,DIRECT,상위지표,EXPLICIT,0,04. 지역 외 표준현장실습 참여 학생 증가율,지역 외 표준현장실습 참여 학생 증가율,%,조은미,,,,21,,,,,NO_2025_L_FORMULA_EVIDENCE,,
ind_cb5cbba563,,1. 인력양성,1-2. 이차전지 단독형,CHUNGBUK,"지역 전체, 단위과제 자율",True,PARENT,AUTO_FROM_CHILDREN,GROWTH_RATE,상위지표,EXPLICIT,8,04. 지역 내 표준현장실습 참여 학생 증가율,지역 내 표준현장실습 참여 학생 증가율,%,조은미,,,,22,,,,,NO_2025_L_FORMULA_EVIDENCE,,
ind_929050356f,ind_cb5cbba563,1. 인력양성,1-2. 이차전지 단독형,CHUNGBUK,"지역 전체, 단위과제 자율",True,CHILD,,DIRECT,하위지표,EXPLICIT,0,05. 지역 외 4주 이상 8주 미만 표준현장실습 참여 학생 수,지역 외 4주 이상 8주 미만 표준현장실습 참여 학생 수,명,조은미,,1,,23,,,,,NO_2025_L_FORMULA_EVIDENCE,,
ind_40ece2c055,ind_cb5cbba563,1. 인력양성,1-2. 이차전지 단독형,CHUNGBUK,"지역 전체, 단위과제 자율",True,CHILD,,DIRECT,하위지표,EXPLICIT,0,05. 지역 내 4주 이상 8주 미만 표준현장실습 참여 학생 수,지역 내 4주 이상 8주 미만 표준현장실습 참여 학생 수,명,조은미,,1,,24,,,,,NO_2025_L_FORMULA_EVIDENCE,,
ind_ee7ab0d187,ind_cb5cbba563,1. 인력양성,1-2. 이차전지 단독형,CHUNGBUK,"지역 전체, 단위과제 자율",True,CHILD,,DIRECT,하위지표,EXPLICIT,0,06. 지역 외 8주 이상 12주 미만 표준현장실습 참여 학생 수,지역 외 8주 이상 12주 미만 표준현장실습 참여 학생 수,명,조은미,,6,,25,,,,,NO_2025_L_FORMULA_EVIDENCE,,
ind_fe5511690a,ind_cb5cbba563,1. 인력양성,1-2. 이차전지 단독형,CHUNGBUK,"지역 전체, 단위과제 자율",True,CHILD,,DIRECT,하위지표,EXPLICIT,0,06. 지역 내 8주 이상 12주 미만 표준현장실습 참여 학생 수,지역 내 8주 이상 12주 미만 표준현장실습 참여 학생 수,명,조은미,,2,,26,,,,,NO_2025_L_FORMULA_EVIDENCE,,
ind_d6609f5535,ind_cb5cbba563,1. 인력양성,1-2. 이차전지 단독형,CHUNGBUK,"지역 전체, 단위과제 자율",True,CHILD,,DIRECT,하위지표,EXPLICIT,0,07. 지역 외 12주 이상 표준현장실습 참여 학생 수,지역 외 12주 이상 표준현장실습 참여 학생 수,명,조은미,,5,,27,,,,,NO_2025_L_FORMULA_EVIDENCE,,
ind_28d77a3833,ind_cb5cbba563,1. 인력양성,1-2. 이차전지 단독형,CHUNGBUK,"지역 전체, 단위과제 자율",True,CHILD,,DIRECT,하위지표,EXPLICIT,0,07. 지역 내 12주 이상 표준현장실습 참여 학생 수,지역 내 12주 이상 표준현장실습 참여 학생 수,명,조은미,,2,,28,,,,,NO_2025_L_FORMULA_EVIDENCE,,
ind_eb1981ebf8,ind_cb5cbba563,1. 인력양성,1-2. 이차전지 단독형,CHUNGBUK,"지역 전체, 단위과제 자율",True,CHILD,,DIRECT,하위지표,EXPLICIT,0,08. 표준현장실습 참여자 중 실습기업 취업자 수,표준현장실습 참여자 중 실습기업 취업자 수,명,조은미,,-,,29,,,,,NO_2025_L_FORMULA_EVIDENCE,,
ind_98ddfb266b,ind_cb5cbba563,1. 인력양성,1-2. 이차전지 단독형,CHUNGBUK,"지역 전체, 단위과제 자율",True,CHILD,,DIRECT,하위지표,EXPLICIT,0,(신규) 대학 전체 재학생 수,대학 전체 재학생 수,명,대학본부,,7950,신규,30,,,,,NO_2025_L_FORMULA_EVIDENCE,,
ind_9ceb4666d9,,1. 인력양성,1-2. 이차전지 단독형,CHUNGBUK,"지역 전체, 단위과제 자율",True,PARENT,AUTO_FROM_CHILDREN,GROWTH_RATE,상위지표,EXPLICIT,3,09. 지역고교 출신 입학생 증가율,지역고교 출신 입학생 증가율,%,,,,,31,,,,,NO_2025_L_FORMULA_EVIDENCE,,
ind_3b806a8833,ind_9ceb4666d9,1. 인력양성,1-2. 이차전지 단독형,CHUNGBUK,"지역 전체, 단위과제 자율",True,CHILD,,DIRECT,하위지표,EXPLICIT,0,10. 지역고교생 참여 프로그램 이수자 수,지역고교생 참여 프로그램 이수자 수,명,윤아롱,,37,,32,,,,,NO_2025_L_FORMULA_EVIDENCE,,
ind_e50136dbcf,ind_9ceb4666d9,1. 인력양성,1-2. 이차전지 단독형,PROJECT,지역 전체,False,CHILD,,DIRECT,하위지표,EXPLICIT,0,11. 지역고교생 입학자 수,지역고교생 입학자 수,명,입학과,,2,,33,,,,,NO_2025_L_FORMULA_EVIDENCE,,
ind_2f78ebd098,ind_9ceb4666d9,1. 인력양성,1-2. 이차전지 단독형,PROJECT,지역 전체,False,CHILD,,DIRECT,하위지표,EXPLICIT,0,(신규) 대학 전체 입학자 수,대학 전체 입학자 수,명,대학본부,,2117,신규,34,,,,,NO_2025_L_FORMULA_EVIDENCE,,
ind_04ecf68b92,,1. 인력양성,1-2. 이차전지 단독형,UNIVERSITY,대학 자율,False,PARENT,AUTO_FROM_CHILDREN,WEIGHTED_SUM,상위지표,FORMULA_2025_L,2,01. 지산학연 특화 교수법 운영 실적,지산학연 특화 교수법 운영 실적,값,배하은,,12.3,,35,L36*O36+L37*O37,35,36;37,,FORMULA_PARENT,WEIGHTED_SUM,
ind_324fb24034,ind_04ecf68b92,1. 인력양성,1-2. 이차전지 단독형,UNIVERSITY,대학 자율,False,CHILD,,DIRECT,하위지표,FORMULA_2025_L,0,특화 교수법 적용 교과 운영 건수,특화 교수법 적용 교과 운영 건수,건,배하은,0.7,,,36,,,,35,FORMULA_CHILD,,
ind_d49ed61de8,ind_04ecf68b92,1. 인력양성,1-2. 이차전지 단독형,UNIVERSITY,대학 자율,False,CHILD,,DIRECT,하위지표,FORMULA_2025_L,0,특화 교수법 적용 교과 이수 학생 수,특화 교수법 적용 교과 이수 학생 수,명,배하은,0.3,,,37,,,,35,FORMULA_CHILD,,
ind_25ac353144,,1. 인력양성,1-2. 이차전지 단독형,UNIVERSITY,대학 자율,False,PARENT,AUTO_FROM_CHILDREN,WEIGHTED_SUM,상위지표,FORMULA_2025_L,2,02. 교육과정 개발 실적,교육과정 개발 실적,값,허소영,,0,,38,L39*O39+L40*O40,38,39;40,,FORMULA_PARENT,WEIGHTED_SUM,
ind_51dde78272,ind_25ac353144,1. 인력양성,1-2. 이차전지 단독형,UNIVERSITY,대학 자율,False,CHILD,,DIRECT,하위지표,FORMULA_2025_L,0,교육과정 관련 산관학협의체 운영 건수,교육과정 관련 산관학협의체 운영 건수,건,허소영,1,,,39,,,,38,FORMULA_CHILD,,
ind_db945663a5,ind_25ac353144,1. 인력양성,1-2. 이차전지 단독형,UNIVERSITY,대학 자율,False,CHILD,,DIRECT,하위지표,FORMULA_2025_L,0,교과목 개편 및 개발 건수,교과목 개편 및 개발 건수,건,허소영,2,,,40,,,,38,FORMULA_CHILD,,
ind_50274365d6,,1. 인력양성,1-2. 이차전지 단독형,UNIVERSITY,대학 자율,False,PARENT,AUTO_FROM_CHILDREN,WEIGHTED_SUM,상위지표,FORMULA_2025_L,3,03. 캡스톤디자인 이수학생 수,캡스톤디자인 이수학생 수,값,김민지,,63,,41,(L42*O42)+(L43*O43)+(L44*O44),41,42;43;44,,FORMULA_PARENT,WEIGHTED_SUM,
ind_dab2dd6ac6,ind_50274365d6,1. 인력양성,1-2. 이차전지 단독형,UNIVERSITY,대학 자율,False,CHILD,,DIRECT,하위지표,FORMULA_2025_L,0,교수중심형 캡스톤디자인 이수학생 수,교수중심형 캡스톤디자인 이수학생 수,명,김민지,1,,,42,,,,41,FORMULA_CHILD,,
ind_7117fe466b,ind_50274365d6,1. 인력양성,1-2. 이차전지 단독형,UNIVERSITY,대학 자율,False,CHILD,,DIRECT,하위지표,FORMULA_2025_L,0,기업연계 기반 캡스톤디자인 이수학생 수,기업연계 기반 캡스톤디자인 이수학생 수,명,김민지,1.5,,,43,,,,41,FORMULA_CHILD,,
ind_76dfb70468,ind_50274365d6,1. 인력양성,1-2. 이차전지 단독형,UNIVERSITY,대학 자율,False,CHILD,,DIRECT,하위지표,FORMULA_2025_L,0,글로벌 기반 캡스톤디자인 이수학생 수,글로벌 기반 캡스톤디자인 이수학생 수,명,김민지,2,,,44,,,,41,FORMULA_CHILD,,
ind_8d62b19258,,1. 인력양성,1-3. 바이오 단독형,PROJECT,지역 전체,False,PARENT,AUTO_FROM_CHILDREN,RATIO,상위지표,EXPLICIT,2,01. 지역 정주 취업률,지역 정주 취업률,%,취업성공지원과,,,,45,,,,,NO_2025_L_FORMULA_EVIDENCE,,
ind_9f383b4889,ind_8d62b19258,1. 인력양성,1-3. 바이오 단독형,PROJECT,지역 전체,False,CHILD,,DIRECT,하위지표,EXPLICIT,0,02. 지역 내 취업자 수,지역 내 취업자 수,명,취업성공지원과,,6,,46,,,,,NO_2025_L_FORMULA_EVIDENCE,,
ind_8526071799,ind_8d62b19258,1. 인력양성,1-3. 바이오 단독형,PROJECT,지역 전체,False,CHILD,,DIRECT,하위지표,EXPLICIT,0,03. 지역 외(수도권 제외) 취업자 수,지역 외(수도권 제외) 취업자 수,명,취업성공지원과,,14,,47,,,,,NO_2025_L_FORMULA_EVIDENCE,,
ind_bed2a3bd07,,1. 인력양성,1-3. 바이오 단독형,CHUNGBUK,"지역 전체, 단위과제 자율",True,PARENT,DIRECT_INPUT,DIRECT,상위지표,EXPLICIT,0,04. 지역 외 표준현장실습 참여 학생 증가율,지역 외 표준현장실습 참여 학생 증가율,%,조은미,,,,48,,,,,NO_2025_L_FORMULA_EVIDENCE,,
ind_ba464a9d1e,,1. 인력양성,1-3. 바이오 단독형,CHUNGBUK,"지역 전체, 단위과제 자율",True,PARENT,AUTO_FROM_CHILDREN,GROWTH_RATE,상위지표,EXPLICIT,8,04. 지역 내 표준현장실습 참여 학생 증가율,지역 내 표준현장실습 참여 학생 증가율,%,조은미,,,,49,,,,,NO_2025_L_FORMULA_EVIDENCE,,
ind_7f14e76c1b,ind_ba464a9d1e,1. 인력양성,1-3. 바이오 단독형,CHUNGBUK,"지역 전체, 단위과제 자율",True,CHILD,,DIRECT,하위지표,EXPLICIT,0,05. 지역 외 4주 이상 8주 미만 표준현장실습 참여 학생 수,지역 외 4주 이상 8주 미만 표준현장실습 참여 학생 수,명,조은미,,1,,50,,,,,NO_2025_L_FORMULA_EVIDENCE,,
ind_754c43db41,ind_ba464a9d1e,1. 인력양성,1-3. 바이오 단독형,CHUNGBUK,"지역 전체, 단위과제 자율",True,CHILD,,DIRECT,하위지표,EXPLICIT,0,05. 지역 내 4주 이상 8주 미만 표준현장실습 참여 학생 수,지역 내 4주 이상 8주 미만 표준현장실습 참여 학생 수,명,조은미,,1,,51,,,,,NO_2025_L_FORMULA_EVIDENCE,,
ind_427fa3beba,ind_ba464a9d1e,1. 인력양성,1-3. 바이오 단독형,CHUNGBUK,"지역 전체, 단위과제 자율",True,CHILD,,DIRECT,하위지표,EXPLICIT,0,06. 지역 외 8주 이상 12주 미만 표준현장실습 참여 학생 수,지역 외 8주 이상 12주 미만 표준현장실습 참여 학생 수,명,조은미,,5,,52,,,,,NO_2025_L_FORMULA_EVIDENCE,,
ind_33b5d0c032,ind_ba464a9d1e,1. 인력양성,1-3. 바이오 단독형,CHUNGBUK,"지역 전체, 단위과제 자율",True,CHILD,,DIRECT,하위지표,EXPLICIT,0,06. 지역 내 8주 이상 12주 미만 표준현장실습 참여 학생 수,지역 내 8주 이상 12주 미만 표준현장실습 참여 학생 수,명,조은미,,2,,53,,,,,NO_2025_L_FORMULA_EVIDENCE,,
ind_b41b07e837,ind_ba464a9d1e,1. 인력양성,1-3. 바이오 단독형,CHUNGBUK,"지역 전체, 단위과제 자율",True,CHILD,,DIRECT,하위지표,EXPLICIT,0,07. 지역 외 12주 이상 표준현장실습 참여 학생 수,지역 외 12주 이상 표준현장실습 참여 학생 수,명,조은미,,5,,54,,,,,NO_2025_L_FORMULA_EVIDENCE,,
ind_fcf034942d,ind_ba464a9d1e,1. 인력양성,1-3. 바이오 단독형,CHUNGBUK,"지역 전체, 단위과제 자율",True,CHILD,,DIRECT,하위지표,EXPLICIT,0,07. 지역 내 12주 이상 표준현장실습 참여 학생 수,지역 내 12주 이상 표준현장실습 참여 학생 수,명,조은미,,1,,55,,,,,NO_2025_L_FORMULA_EVIDENCE,,
ind_e9745c19f0,ind_ba464a9d1e,1. 인력양성,1-3. 바이오 단독형,CHUNGBUK,"지역 전체, 단위과제 자율",True,CHILD,,DIRECT,하위지표,EXPLICIT,0,08. 표준현장실습 참여자 중 실습기업 취업자 수,표준현장실습 참여자 중 실습기업 취업자 수,명,조은미,,1,,56,,,,,NO_2025_L_FORMULA_EVIDENCE,,
ind_31b6ee26d3,ind_ba464a9d1e,1. 인력양성,1-3. 바이오 단독형,CHUNGBUK,"지역 전체, 단위과제 자율",True,CHILD,,DIRECT,하위지표,EXPLICIT,0,(신규) 대학 전체 재학생 수,대학 전체 재학생 수,명,대학본부,,7950,신규,57,,,,,NO_2025_L_FORMULA_EVIDENCE,,
ind_56a7d27459,,1. 인력양성,1-3. 바이오 단독형,CHUNGBUK,"지역 전체, 단위과제 자율",True,PARENT,AUTO_FROM_CHILDREN,GROWTH_RATE,상위지표,EXPLICIT,2,09. 지역고교 출신 입학생 증가율,지역고교 출신 입학생 증가율,%,,,,,58,,,,,NO_2025_L_FORMULA_EVIDENCE,,
ind_af1b4af73f,ind_56a7d27459,1. 인력양성,1-3. 바이오 단독형,CHUNGBUK,"지역 전체, 단위과제 자율",True,CHILD,,DIRECT,하위지표,EXPLICIT,0,10. 지역고교생 참여 프로그램 이수자 수,지역고교생 참여 프로그램 이수자 수,명,윤아롱,,40,,59,,,,,NO_2025_L_FORMULA_EVIDENCE,,
ind_79360ff0b6,ind_56a7d27459,1. 인력양성,1-3. 바이오 단독형,PROJECT,지역 전체,False,CHILD,,DIRECT,하위지표,EXPLICIT,0,11. 지역고교생 입학자 수,지역고교생 입학자 수,명,입학과,,2,,60,,,,,NO_2025_L_FORMULA_EVIDENCE,,
ind_7e134ac1f0,,1. 인력양성,1-3. 바이오 단독형,UNIVERSITY,대학 자율,False,PARENT,AUTO_FROM_CHILDREN,WEIGHTED_SUM,상위지표,FORMULA_2025_L,2,01. 지산학연 특화 교수법 운영 실적,지산학연 특화 교수법 운영 실적,값,배하은,,46.1,,61,L62*O62+L63*O63,61,62;63,,FORMULA_PARENT,WEIGHTED_SUM,
ind_ab5a0c3bda,ind_7e134ac1f0,1. 인력양성,1-3. 바이오 단독형,UNIVERSITY,대학 자율,False,CHILD,,DIRECT,하위지표,FORMULA_2025_L,0,특화 교수법 적용 교과 운영 건수,특화 교수법 적용 교과 운영 건수,건,배하은,0.7,,,62,,,,61,FORMULA_CHILD,,
ind_dcb9605937,ind_7e134ac1f0,1. 인력양성,1-3. 바이오 단독형,UNIVERSITY,대학 자율,False,CHILD,,DIRECT,하위지표,FORMULA_2025_L,0,특화 교수법 적용 교과 이수 학생 수,특화 교수법 적용 교과 이수 학생 수,명,배하은,0.3,,,63,,,,61,FORMULA_CHILD,,
ind_30eb9ffdc8,,1. 인력양성,1-3. 바이오 단독형,UNIVERSITY,대학 자율,False,PARENT,AUTO_FROM_CHILDREN,WEIGHTED_SUM,상위지표,FORMULA_2025_L,2,02. 교육과정 개발 실적,교육과정 개발 실적,값,허소영,,1,,64,L65*O65+L66*O66,64,65;66,,FORMULA_PARENT,WEIGHTED_SUM,
ind_440941a5a0,ind_30eb9ffdc8,1. 인력양성,1-3. 바이오 단독형,UNIVERSITY,대학 자율,False,CHILD,,DIRECT,하위지표,FORMULA_2025_L,0,교육과정 관련 산관학협의체 운영 건수,교육과정 관련 산관학협의체 운영 건수,건,허소영,1,,,65,,,,64,FORMULA_CHILD,,
ind_800e68ac30,ind_30eb9ffdc8,1. 인력양성,1-3. 바이오 단독형,UNIVERSITY,대학 자율,False,CHILD,,DIRECT,하위지표,FORMULA_2025_L,0,교과목 개편 및 개발 건수,교과목 개편 및 개발 건수,건,허소영,2,,,66,,,,64,FORMULA_CHILD,,
ind_ef7ccee874,,1. 인력양성,1-3. 바이오 단독형,UNIVERSITY,대학 자율,False,PARENT,AUTO_FROM_CHILDREN,WEIGHTED_SUM,상위지표,FORMULA_2025_L,0,03. 캡스톤디자인 이수학생 수,캡스톤디자인 이수학생 수,값,김민지,,707,,67,(L68*O68)+(L69*O69)+(L70*O70),67,68;69;70,,FORMULA_PARENT,WEIGHTED_SUM,
ind_751ab6ef07,ind_ef7ccee874,1. 인력양성,1-3. 바이오 단독형,UNIVERSITY,대학 자율,False,CHILD,,DIRECT,하위지표,FORMULA_2025_L,0,교수중심형 캡스톤디자인 이수학생 수,교수중심형 캡스톤디자인 이수학생 수,명,김민지,1,,,68,,,,67,FORMULA_CHILD,,
ind_adf951ec79,ind_ef7ccee874,1. 인력양성,1-3. 바이오 단독형,UNIVERSITY,대학 자율,False,CHILD,,DIRECT,하위지표,FORMULA_2025_L,0,기업연계 기반 캡스톤디자인 이수학생 수,기업연계 기반 캡스톤디자인 이수학생 수,명,김민지,1.5,,,69,,,,67,FORMULA_CHILD,,
ind_c7f79a2da3,ind_ef7ccee874,1. 인력양성,1-3. 바이오 단독형,UNIVERSITY,대학 자율,False,CHILD,,DIRECT,하위지표,FORMULA_2025_L,0,글로벌 기반 캡스톤디자인 이수학생 수,글로벌 기반 캡스톤디자인 이수학생 수,명,김민지,2,,,70,,,,67,FORMULA_CHILD,,
ind_7e3b84b35b,,1. 인력양성,1-4. 반도체 단독형,PROJECT,지역 전체,False,PARENT,AUTO_FROM_CHILDREN,RATIO,,INFERRED_NO_2025_L_FORMULA,2,01. 지역 정주 취업률,지역 정주 취업률,%,취업성공지원과,,,,71,,,,,NO_2025_L_FORMULA_EVIDENCE,,2025시트 L열 계산식으로는 상위/하위 관계가 직접 확인되지 않아 기존 행순서 기반 추정값 유지
ind_907a8d56c5,ind_7e3b84b35b,1. 인력양성,1-4. 반도체 단독형,PROJECT,지역 전체,False,CHILD,,DIRECT,,INFERRED_NO_2025_L_FORMULA,0,02. 지역 내 취업자 수,지역 내 취업자 수,명,취업성공지원과,,6,,72,,,,,NO_2025_L_FORMULA_EVIDENCE,,2025시트 L열 계산식으로는 상위/하위 관계가 직접 확인되지 않아 기존 행순서 기반 추정값 유지
ind_959cef5090,ind_7e3b84b35b,1. 인력양성,1-4. 반도체 단독형,PROJECT,지역 전체,False,CHILD,,DIRECT,,INFERRED_NO_2025_L_FORMULA,0,03. 지역 외(수도권 제외) 취업자 수,지역 외(수도권 제외) 취업자 수,명,취업성공지원과,,14,,73,,,,,NO_2025_L_FORMULA_EVIDENCE,,2025시트 L열 계산식으로는 상위/하위 관계가 직접 확인되지 않아 기존 행순서 기반 추정값 유지
ind_56058b252a,,1. 인력양성,1-4. 반도체 단독형,CHUNGBUK,"지역 전체, 단위과제 자율",True,PARENT,DIRECT_INPUT,DIRECT,,INFERRED_NO_2025_L_FORMULA,0,04. 지역 외 표준현장실습 참여 학생 증가율,지역 외 표준현장실습 참여 학생 증가율,%,조은미,,,,74,,,,,NO_2025_L_FORMULA_EVIDENCE,,2025시트 L열 계산식으로는 상위/하위 관계가 직접 확인되지 않아 기존 행순서 기반 추정값 유지
ind_72f7cadfb4,,1. 인력양성,1-4. 반도체 단독형,CHUNGBUK,"지역 전체, 단위과제 자율",True,PARENT,AUTO_FROM_CHILDREN,GROWTH_RATE,,INFERRED_NO_2025_L_FORMULA,6,04. 지역 내 표준현장실습 참여 학생 증가율,지역 내 표준현장실습 참여 학생 증가율,%,조은미,,,,75,,,,,NO_2025_L_FORMULA_EVIDENCE,,2025시트 L열 계산식으로는 상위/하위 관계가 직접 확인되지 않아 기존 행순서 기반 추정값 유지
ind_68795755bd,ind_72f7cadfb4,1. 인력양성,1-4. 반도체 단독형,CHUNGBUK,"지역 전체, 단위과제 자율",True,CHILD,,DIRECT,,INFERRED_NO_2025_L_FORMULA,0,05. 지역 외 4주 이상 8주 미만 표준현장실습 참여 학생 수,지역 외 4주 이상 8주 미만 표준현장실습 참여 학생 수,명,조은미,,1,,76,,,,,NO_2025_L_FORMULA_EVIDENCE,,2025시트 L열 계산식으로는 상위/하위 관계가 직접 확인되지 않아 기존 행순서 기반 추정값 유지
ind_ea41ba272e,ind_72f7cadfb4,1. 인력양성,1-4. 반도체 단독형,CHUNGBUK,"지역 전체, 단위과제 자율",True,CHILD,,DIRECT,,INFERRED_NO_2025_L_FORMULA,0,05. 지역 내 4주 이상 8주 미만 표준현장실습 참여 학생 수,지역 내 4주 이상 8주 미만 표준현장실습 참여 학생 수,명,조은미,,1,,77,,,,,NO_2025_L_FORMULA_EVIDENCE,,2025시트 L열 계산식으로는 상위/하위 관계가 직접 확인되지 않아 기존 행순서 기반 추정값 유지
ind_253ac25950,ind_72f7cadfb4,1. 인력양성,1-4. 반도체 단독형,CHUNGBUK,"지역 전체, 단위과제 자율",True,CHILD,,DIRECT,,INFERRED_NO_2025_L_FORMULA,0,06. 지역 외 8주 이상 12주 미만 표준현장실습 참여 학생 수,지역 외 8주 이상 12주 미만 표준현장실습 참여 학생 수,명,조은미,,5,,78,,,,,NO_2025_L_FORMULA_EVIDENCE,,2025시트 L열 계산식으로는 상위/하위 관계가 직접 확인되지 않아 기존 행순서 기반 추정값 유지
ind_d0718304f0,ind_72f7cadfb4,1. 인력양성,1-4. 반도체 단독형,CHUNGBUK,"지역 전체, 단위과제 자율",True,CHILD,,DIRECT,,INFERRED_NO_2025_L_FORMULA,0,06. 지역 내 8주 이상 12주 미만 표준현장실습 참여 학생 수,지역 내 8주 이상 12주 미만 표준현장실습 참여 학생 수,명,조은미,,2,,79,,,,,NO_2025_L_FORMULA_EVIDENCE,,2025시트 L열 계산식으로는 상위/하위 관계가 직접 확인되지 않아 기존 행순서 기반 추정값 유지
ind_c002216173,ind_72f7cadfb4,1. 인력양성,1-4. 반도체 단독형,CHUNGBUK,"지역 전체, 단위과제 자율",True,CHILD,,DIRECT,,INFERRED_NO_2025_L_FORMULA,0,07. 지역 외 12주 이상 표준현장실습 참여 학생 수,지역 외 12주 이상 표준현장실습 참여 학생 수,명,조은미,,5,,80,,,,,NO_2025_L_FORMULA_EVIDENCE,,2025시트 L열 계산식으로는 상위/하위 관계가 직접 확인되지 않아 기존 행순서 기반 추정값 유지
ind_ed38e2ce36,ind_72f7cadfb4,1. 인력양성,1-4. 반도체 단독형,CHUNGBUK,"지역 전체, 단위과제 자율",True,CHILD,,DIRECT,,INFERRED_NO_2025_L_FORMULA,0,07. 지역 내 12주 이상 표준현장실습 참여 학생 수,지역 내 12주 이상 표준현장실습 참여 학생 수,명,조은미,,1,,81,,,,,NO_2025_L_FORMULA_EVIDENCE,,2025시트 L열 계산식으로는 상위/하위 관계가 직접 확인되지 않아 기존 행순서 기반 추정값 유지
ind_d2b94234dc,,1. 인력양성,1-4. 반도체 단독형,CHUNGBUK,"지역 전체, 단위과제 자율",True,PARENT,AUTO_FROM_CHILDREN,SUM,,INFERRED_NO_2025_L_FORMULA,1,08. 표준현장실습 참여자 중 실습기업 취업자 수,표준현장실습 참여자 중 실습기업 취업자 수,명,조은미,,-,,82,,,,,NO_2025_L_FORMULA_EVIDENCE,,2025시트 L열 계산식으로는 상위/하위 관계가 직접 확인되지 않아 기존 행순서 기반 추정값 유지
ind_b5b9c0a14b,ind_d2b94234dc,1. 인력양성,1-4. 반도체 단독형,CHUNGBUK,"지역 전체, 단위과제 자율",True,CHILD,,DIRECT,,INFERRED_NO_2025_L_FORMULA,0,(신규) 대학 전체 재학생 수,대학 전체 재학생 수,명,대학본부,,7950,신규,83,,,,,NO_2025_L_FORMULA_EVIDENCE,,2025시트 L열 계산식으로는 상위/하위 관계가 직접 확인되지 않아 기존 행순서 기반 추정값 유지
ind_635d965248,,1. 인력양성,1-4. 반도체 단독형,CHUNGBUK,"지역 전체, 단위과제 자율",True,PARENT,AUTO_FROM_CHILDREN,GROWTH_RATE,,INFERRED_NO_2025_L_FORMULA,2,09. 지역고교 출신 입학생 증가율,지역고교 출신 입학생 증가율,%,,,,,84,,,,,NO_2025_L_FORMULA_EVIDENCE,,2025시트 L열 계산식으로는 상위/하위 관계가 직접 확인되지 않아 기존 행순서 기반 추정값 유지
ind_958245e113,ind_635d965248,1. 인력양성,1-4. 반도체 단독형,CHUNGBUK,"지역 전체, 단위과제 자율",True,CHILD,,DIRECT,,INFERRED_NO_2025_L_FORMULA,0,10. 지역고교생 참여 프로그램 이수자 수,지역고교생 참여 프로그램 이수자 수,명,윤아롱,,37,,85,,,,,NO_2025_L_FORMULA_EVIDENCE,,2025시트 L열 계산식으로는 상위/하위 관계가 직접 확인되지 않아 기존 행순서 기반 추정값 유지
ind_0b5ce22be7,ind_635d965248,1. 인력양성,1-4. 반도체 단독형,PROJECT,지역 전체,False,CHILD,,DIRECT,,INFERRED_NO_2025_L_FORMULA,0,11. 지역고교생 입학자 수,지역고교생 입학자 수,명,입학과,,2,,86,,,,,NO_2025_L_FORMULA_EVIDENCE,,2025시트 L열 계산식으로는 상위/하위 관계가 직접 확인되지 않아 기존 행순서 기반 추정값 유지
ind_795943b0e2,,1. 인력양성,1-4. 반도체 단독형,UNIVERSITY,대학 자율,False,PARENT,AUTO_FROM_CHILDREN,WEIGHTED_SUM,상위지표,FORMULA_2025_L,2,01. 지산학연 특화 교수법 운영 실적,지산학연 특화 교수법 운영 실적,값,배하은,,2.2,,87,L88*O88+L89*O89,87,88;89,,FORMULA_PARENT,WEIGHTED_SUM,
ind_6faf9fa577,ind_795943b0e2,1. 인력양성,1-4. 반도체 단독형,UNIVERSITY,대학 자율,False,CHILD,,DIRECT,하위지표,FORMULA_2025_L,0,특화 교수법 적용 교과 운영 건수,특화 교수법 적용 교과 운영 건수,건,배하은,0.7,,,88,,,,87,FORMULA_CHILD,,
ind_ecaae9eda5,ind_795943b0e2,1. 인력양성,1-4. 반도체 단독형,UNIVERSITY,대학 자율,False,CHILD,,DIRECT,하위지표,FORMULA_2025_L,0,특화 교수법 적용 교과 이수 학생 수,특화 교수법 적용 교과 이수 학생 수,명,배하은,0.3,,,89,,,,87,FORMULA_CHILD,,
ind_de1888c79f,,1. 인력양성,1-4. 반도체 단독형,UNIVERSITY,대학 자율,False,PARENT,AUTO_FROM_CHILDREN,WEIGHTED_SUM,상위지표,FORMULA_2025_L,2,02. 교육과정 개발 실적,교육과정 개발 실적,값,허소영,,0,,90,L91*O91+L92*O92,90,91;92,,FORMULA_PARENT,WEIGHTED_SUM,
ind_80a1dc6bea,ind_de1888c79f,1. 인력양성,1-4. 반도체 단독형,UNIVERSITY,대학 자율,False,CHILD,,DIRECT,하위지표,FORMULA_2025_L,0,교육과정 관련 산관학협의체 운영 건수,교육과정 관련 산관학협의체 운영 건수,건,허소영,1,,,91,,,,90,FORMULA_CHILD,,
ind_de814d7305,ind_de1888c79f,1. 인력양성,1-4. 반도체 단독형,UNIVERSITY,대학 자율,False,CHILD,,DIRECT,하위지표,FORMULA_2025_L,0,교과목 개편 및 개발 건수,교과목 개편 및 개발 건수,건,허소영,2,,,92,,,,90,FORMULA_CHILD,,
ind_4a61b68079,,1. 인력양성,1-4. 반도체 단독형,UNIVERSITY,대학 자율,False,PARENT,AUTO_FROM_CHILDREN,WEIGHTED_SUM,상위지표,FORMULA_2025_L,0,03. 캡스톤디자인 이수학생 수,캡스톤디자인 이수학생 수,값,김민지,,420.5,,93,(L94*O94)+(L95*O95)+(L96*O96),93,94;95;96,,FORMULA_PARENT,WEIGHTED_SUM,
ind_71b3b9bb6f,ind_4a61b68079,1. 인력양성,1-4. 반도체 단독형,UNIVERSITY,대학 자율,False,CHILD,,DIRECT,하위지표,FORMULA_2025_L,0,교수중심형 캡스톤디자인 이수학생 수,교수중심형 캡스톤디자인 이수학생 수,명,김민지,1,,,94,,,,93,FORMULA_CHILD,,
ind_7a2d97d005,ind_4a61b68079,1. 인력양성,1-4. 반도체 단독형,UNIVERSITY,대학 자율,False,CHILD,,DIRECT,하위지표,FORMULA_2025_L,0,기업연계 기반 캡스톤디자인 이수학생 수,기업연계 기반 캡스톤디자인 이수학생 수,명,김민지,1.5,,,95,,,,93,FORMULA_CHILD,,
ind_5f5f789df6,ind_4a61b68079,1. 인력양성,1-4. 반도체 단독형,UNIVERSITY,대학 자율,False,CHILD,,DIRECT,하위지표,FORMULA_2025_L,0,글로벌 기반 캡스톤디자인 이수학생 수,글로벌 기반 캡스톤디자인 이수학생 수,명,김민지,2,,,96,,,,93,FORMULA_CHILD,,
ind_5700e36bb2,,1. 인력양성,2-1. 충주시,PROJECT,지역 전체,False,PARENT,AUTO_FROM_CHILDREN,RATIO,,INFERRED_NO_2025_L_FORMULA,2,01. 지역 정주 취업률,지역 정주 취업률,%,취업성공지원과,,,,97,,,,,NO_2025_L_FORMULA_EVIDENCE,,2025시트 L열 계산식으로는 상위/하위 관계가 직접 확인되지 않아 기존 행순서 기반 추정값 유지
ind_30c5a97f53,ind_5700e36bb2,1. 인력양성,2-1. 충주시,PROJECT,지역 전체,False,CHILD,,DIRECT,,INFERRED_NO_2025_L_FORMULA,0,02. 지역 내 취업자 수,지역 내 취업자 수,명,취업성공지원과,,150,,98,,,,,NO_2025_L_FORMULA_EVIDENCE,,2025시트 L열 계산식으로는 상위/하위 관계가 직접 확인되지 않아 기존 행순서 기반 추정값 유지
ind_19db8e7961,ind_5700e36bb2,1. 인력양성,2-1. 충주시,PROJECT,지역 전체,False,CHILD,,DIRECT,,INFERRED_NO_2025_L_FORMULA,0,03. 지역 외(수도권 제외) 취업자 수,지역 외(수도권 제외) 취업자 수,명,취업성공지원과,,360,,99,,,,,NO_2025_L_FORMULA_EVIDENCE,,2025시트 L열 계산식으로는 상위/하위 관계가 직접 확인되지 않아 기존 행순서 기반 추정값 유지
ind_aba1607b3f,,1. 인력양성,2-1. 충주시,PROJECT,지역 전체,False,PARENT,DIRECT_INPUT,DIRECT,,INFERRED_NO_2025_L_FORMULA,0,04. 지역 외 표준현장실습 참여 학생 증가율,지역 외 표준현장실습 참여 학생 증가율,%,조은미,,,,100,,,,,NO_2025_L_FORMULA_EVIDENCE,,2025시트 L열 계산식으로는 상위/하위 관계가 직접 확인되지 않아 기존 행순서 기반 추정값 유지
ind_94caf10298,,1. 인력양성,2-1. 충주시,PROJECT,지역 전체,False,PARENT,AUTO_FROM_CHILDREN,GROWTH_RATE,,INFERRED_NO_2025_L_FORMULA,6,04. 지역 내 표준현장실습 참여 학생 증가율,지역 내 표준현장실습 참여 학생 증가율,%,조은미,,,,101,,,,,NO_2025_L_FORMULA_EVIDENCE,,2025시트 L열 계산식으로는 상위/하위 관계가 직접 확인되지 않아 기존 행순서 기반 추정값 유지
ind_38aa05c190,ind_94caf10298,1. 인력양성,2-1. 충주시,CHUNGBUK,"지역 전체, 단위과제 자율",True,CHILD,,DIRECT,,INFERRED_NO_2025_L_FORMULA,0,05. 지역 외 4주 이상 8주 미만 표준현장실습 참여 학생 수,지역 외 4주 이상 8주 미만 표준현장실습 참여 학생 수,명,조은미,,7,,102,,,,,NO_2025_L_FORMULA_EVIDENCE,,2025시트 L열 계산식으로는 상위/하위 관계가 직접 확인되지 않아 기존 행순서 기반 추정값 유지
ind_c004df1e7e,ind_94caf10298,1. 인력양성,2-1. 충주시,CHUNGBUK,"지역 전체, 단위과제 자율",True,CHILD,,DIRECT,,INFERRED_NO_2025_L_FORMULA,0,05. 지역 내 4주 이상 8주 미만 표준현장실습 참여 학생 수,지역 내 4주 이상 8주 미만 표준현장실습 참여 학생 수,명,조은미,,2,,103,,,,,NO_2025_L_FORMULA_EVIDENCE,,2025시트 L열 계산식으로는 상위/하위 관계가 직접 확인되지 않아 기존 행순서 기반 추정값 유지
ind_4b6783110c,ind_94caf10298,1. 인력양성,2-1. 충주시,CHUNGBUK,"지역 전체, 단위과제 자율",True,CHILD,,DIRECT,,INFERRED_NO_2025_L_FORMULA,0,06. 지역 외 8주 이상 12주 미만 표준현장실습 참여 학생 수,지역 외 8주 이상 12주 미만 표준현장실습 참여 학생 수,명,조은미,,23,,104,,,,,NO_2025_L_FORMULA_EVIDENCE,,2025시트 L열 계산식으로는 상위/하위 관계가 직접 확인되지 않아 기존 행순서 기반 추정값 유지
ind_6e381457e1,ind_94caf10298,1. 인력양성,2-1. 충주시,CHUNGBUK,"지역 전체, 단위과제 자율",True,CHILD,,DIRECT,,INFERRED_NO_2025_L_FORMULA,0,06. 지역 내 8주 이상 12주 미만 표준현장실습 참여 학생 수,지역 내 8주 이상 12주 미만 표준현장실습 참여 학생 수,명,조은미,,8,,105,,,,,NO_2025_L_FORMULA_EVIDENCE,,2025시트 L열 계산식으로는 상위/하위 관계가 직접 확인되지 않아 기존 행순서 기반 추정값 유지
ind_fdf498da2a,ind_94caf10298,1. 인력양성,2-1. 충주시,CHUNGBUK,"지역 전체, 단위과제 자율",True,CHILD,,DIRECT,,INFERRED_NO_2025_L_FORMULA,0,07. 지역 외 12주 이상 표준현장실습 참여 학생 수,지역 외 12주 이상 표준현장실습 참여 학생 수,명,조은미,,22,,106,,,,,NO_2025_L_FORMULA_EVIDENCE,,2025시트 L열 계산식으로는 상위/하위 관계가 직접 확인되지 않아 기존 행순서 기반 추정값 유지
ind_557b79eb0b,ind_94caf10298,1. 인력양성,2-1. 충주시,CHUNGBUK,"지역 전체, 단위과제 자율",True,CHILD,,DIRECT,,INFERRED_NO_2025_L_FORMULA,0,07. 지역 내 12주 이상 표준현장실습 참여 학생 수,지역 내 12주 이상 표준현장실습 참여 학생 수,명,조은미,,8,,107,,,,,NO_2025_L_FORMULA_EVIDENCE,,2025시트 L열 계산식으로는 상위/하위 관계가 직접 확인되지 않아 기존 행순서 기반 추정값 유지
ind_c6a7bb7d9b,,1. 인력양성,2-1. 충주시,CHUNGBUK,"지역 전체, 단위과제 자율",True,PARENT,AUTO_FROM_CHILDREN,SUM,,INFERRED_NO_2025_L_FORMULA,1,08. 표준현장실습 참여자 중 실습기업 취업자 수,표준현장실습 참여자 중 실습기업 취업자 수,명,조은미,,-,,108,,,,,NO_2025_L_FORMULA_EVIDENCE,,2025시트 L열 계산식으로는 상위/하위 관계가 직접 확인되지 않아 기존 행순서 기반 추정값 유지
ind_5d93644893,ind_c6a7bb7d9b,1. 인력양성,2-1. 충주시,CHUNGBUK,"지역 전체, 단위과제 자율",True,CHILD,,DIRECT,,INFERRED_NO_2025_L_FORMULA,0,(신규) 대학 전체 재학생 수,대학 전체 재학생 수,명,대학본부,,7950,신규,109,,,,,NO_2025_L_FORMULA_EVIDENCE,,2025시트 L열 계산식으로는 상위/하위 관계가 직접 확인되지 않아 기존 행순서 기반 추정값 유지
ind_19445ac2a2,,1. 인력양성,2-1. 충주시,CHUNGBUK,"지역 전체, 단위과제 자율",True,PARENT,AUTO_FROM_CHILDREN,GROWTH_RATE,,INFERRED_NO_2025_L_FORMULA,2,09. 지역고교 출신 입학생 증가율,지역고교 출신 입학생 증가율,%,,,,,110,,,,,NO_2025_L_FORMULA_EVIDENCE,,2025시트 L열 계산식으로는 상위/하위 관계가 직접 확인되지 않아 기존 행순서 기반 추정값 유지
ind_07cf0e5504,ind_19445ac2a2,1. 인력양성,2-1. 충주시,CHUNGBUK,"지역 전체, 단위과제 자율",True,CHILD,,DIRECT,,INFERRED_NO_2025_L_FORMULA,0,10. 지역고교생 참여 프로그램 이수자 수,지역고교생 참여 프로그램 이수자 수,명,윤아롱,,195,,111,,,,,NO_2025_L_FORMULA_EVIDENCE,,2025시트 L열 계산식으로는 상위/하위 관계가 직접 확인되지 않아 기존 행순서 기반 추정값 유지
ind_4730e72b07,ind_19445ac2a2,1. 인력양성,2-1. 충주시,PROJECT,지역 전체,False,CHILD,,DIRECT,,INFERRED_NO_2025_L_FORMULA,0,11. 지역고교생 입학자 수,지역고교생 입학자 수,명,입학과,,20,,112,,,,,NO_2025_L_FORMULA_EVIDENCE,,2025시트 L열 계산식으로는 상위/하위 관계가 직접 확인되지 않아 기존 행순서 기반 추정값 유지
ind_3345f8998b,,1. 인력양성,2-1. 충주시,UNIVERSITY,대학 자율,False,PARENT,AUTO_FROM_CHILDREN,WEIGHTED_SUM,,INFERRED_NO_2025_L_FORMULA,2,01. 지역 정주형 취업역량 강화 실적,지역 정주형 취업역량 강화 실적,값,배하은,,3329,,113,,,,,NO_2025_L_FORMULA_EVIDENCE,,2025시트 L열 계산식으로는 상위/하위 관계가 직접 확인되지 않아 기존 행순서 기반 추정값 유지
ind_2f0374bd89,ind_3345f8998b,1. 인력양성,2-1. 충주시,UNIVERSITY,대학 자율,False,CHILD,,DIRECT,,INFERRED_NO_2025_L_FORMULA,0,취업프로그램 이수학생 수,취업프로그램 이수학생 수,명,배하은,1,,,114,,,,,NO_2025_L_FORMULA_EVIDENCE,,2025시트 L열 계산식으로는 상위/하위 관계가 직접 확인되지 않아 기존 행순서 기반 추정값 유지
ind_86151ef491,ind_3345f8998b,1. 인력양성,2-1. 충주시,UNIVERSITY,대학 자율,False,CHILD,,DIRECT,,INFERRED_NO_2025_L_FORMULA,0,지역 일자리 창출 관련 박람회 참여자 수,지역 일자리 창출 관련 박람회 참여자 수,명,배하은,1,,,115,,,,,NO_2025_L_FORMULA_EVIDENCE,,2025시트 L열 계산식으로는 상위/하위 관계가 직접 확인되지 않아 기존 행순서 기반 추정값 유지
ind_d3b27222a8,,1. 인력양성,2-1. 충주시,UNIVERSITY,대학 자율,False,PARENT,AUTO_FROM_CHILDREN,WEIGHTED_SUM,,INFERRED_NO_2025_L_FORMULA,2,02. 시군특화 산업 인재양성 프로그램 실적,시군특화 산업 인재양성 프로그램 실적,값,배하은,,37.4,,116,,,,,NO_2025_L_FORMULA_EVIDENCE,,2025시트 L열 계산식으로는 상위/하위 관계가 직접 확인되지 않아 기존 행순서 기반 추정값 유지
ind_168972d7cb,ind_d3b27222a8,1. 인력양성,2-1. 충주시,UNIVERSITY,대학 자율,False,CHILD,,DIRECT,,INFERRED_NO_2025_L_FORMULA,0,시군특화 산업 관련 인재양성 프로그램 운영 건수,시군특화 산업 관련 인재양성 프로그램 운영 건수,건,배하은,0.7,,,117,,,,,NO_2025_L_FORMULA_EVIDENCE,,2025시트 L열 계산식으로는 상위/하위 관계가 직접 확인되지 않아 기존 행순서 기반 추정값 유지
ind_1b555ad315,ind_d3b27222a8,1. 인력양성,2-1. 충주시,UNIVERSITY,대학 자율,False,CHILD,,DIRECT,,INFERRED_NO_2025_L_FORMULA,0,시군특화 산업 관련 인재 양성 프로그램 이수학생 수,시군특화 산업 관련 인재 양성 프로그램 이수학생 수,명,배하은,0.3,,,118,,,,,NO_2025_L_FORMULA_EVIDENCE,,2025시트 L열 계산식으로는 상위/하위 관계가 직접 확인되지 않아 기존 행순서 기반 추정값 유지
ind_a374eea002,,1. 인력양성,2-1. 충주시,UNIVERSITY,대학 자율,False,PARENT,AUTO_FROM_CHILDREN,WEIGHTED_SUM,,INFERRED_NO_2025_L_FORMULA,3,03. 지산학연 공유·협업 기반의 포럼·세미나·교류회·업무협약 등 활동 실적,지산학연 공유·협업 기반의 포럼·세미나·교류회·업무협약 등 활동 실적,값,배하은,,183.2,,119,,,,,NO_2025_L_FORMULA_EVIDENCE,,2025시트 L열 계산식으로는 상위/하위 관계가 직접 확인되지 않아 기존 행순서 기반 추정값 유지
ind_e1f28e6e5c,ind_a374eea002,1. 인력양성,2-1. 충주시,UNIVERSITY,대학 자율,False,CHILD,,DIRECT,,INFERRED_NO_2025_L_FORMULA,0,지산학연 공유･협업 기반의 포럼･세미나･교류회 개최 건수,지산학연 공유･협업 기반의 포럼･세미나･교류회 개최 건수,건,배하은,0.5,,,120,,,,,NO_2025_L_FORMULA_EVIDENCE,,2025시트 L열 계산식으로는 상위/하위 관계가 직접 확인되지 않아 기존 행순서 기반 추정값 유지
ind_662fbccaca,ind_a374eea002,1. 인력양성,2-1. 충주시,UNIVERSITY,대학 자율,False,CHILD,,DIRECT,,INFERRED_NO_2025_L_FORMULA,0,지산학연 공유･협업 기반의 포럼･세미나･교류회 참여자 수,지산학연 공유･협업 기반의 포럼･세미나･교류회 참여자 수,명,배하은,0.3,,,121,,,,,NO_2025_L_FORMULA_EVIDENCE,,2025시트 L열 계산식으로는 상위/하위 관계가 직접 확인되지 않아 기존 행순서 기반 추정값 유지
ind_bec07254c3,ind_a374eea002,1. 인력양성,2-1. 충주시,UNIVERSITY,대학 자율,False,CHILD,,DIRECT,,INFERRED_NO_2025_L_FORMULA,0,지산학연 공유･협업 기반의 업무협약 건수,지산학연 공유･협업 기반의 업무협약 건수,건,배하은,0.2,,,122,,,,,NO_2025_L_FORMULA_EVIDENCE,,2025시트 L열 계산식으로는 상위/하위 관계가 직접 확인되지 않아 기존 행순서 기반 추정값 유지
ind_097f532923,,1. 인력양성,2-2. 증평군,PROJECT,지역 전체,False,PARENT,AUTO_FROM_CHILDREN,RATIO,,INFERRED_NO_2025_L_FORMULA,2,01. 지역 정주 취업률,지역 정주 취업률,%,취업성공지원과,,,,123,,,,,NO_2025_L_FORMULA_EVIDENCE,,2025시트 L열 계산식으로는 상위/하위 관계가 직접 확인되지 않아 기존 행순서 기반 추정값 유지
ind_ca264ae355,ind_097f532923,1. 인력양성,2-2. 증평군,PROJECT,지역 전체,False,CHILD,,DIRECT,,INFERRED_NO_2025_L_FORMULA,0,02. 지역 내 취업자 수,지역 내 취업자 수,명,취업성공지원과,,22,,124,,,,,NO_2025_L_FORMULA_EVIDENCE,,2025시트 L열 계산식으로는 상위/하위 관계가 직접 확인되지 않아 기존 행순서 기반 추정값 유지
ind_2baa0627b1,ind_097f532923,1. 인력양성,2-2. 증평군,PROJECT,지역 전체,False,CHILD,,DIRECT,,INFERRED_NO_2025_L_FORMULA,0,03. 지역 외(수도권 제외) 취업자 수,지역 외(수도권 제외) 취업자 수,명,취업성공지원과,,53,,125,,,,,NO_2025_L_FORMULA_EVIDENCE,,2025시트 L열 계산식으로는 상위/하위 관계가 직접 확인되지 않아 기존 행순서 기반 추정값 유지
ind_7315a18593,,1. 인력양성,2-2. 증평군,CHUNGBUK,"지역 전체, 단위과제 자율",True,PARENT,DIRECT_INPUT,DIRECT,,INFERRED_NO_2025_L_FORMULA,0,04. 지역 외 표준현장실습 참여 학생 증가율,지역 외 표준현장실습 참여 학생 증가율,%,조은미,,,,126,,,,,NO_2025_L_FORMULA_EVIDENCE,,2025시트 L열 계산식으로는 상위/하위 관계가 직접 확인되지 않아 기존 행순서 기반 추정값 유지
ind_05fb79b00b,,1. 인력양성,2-2. 증평군,CHUNGBUK,"지역 전체, 단위과제 자율",True,PARENT,AUTO_FROM_CHILDREN,GROWTH_RATE,,INFERRED_NO_2025_L_FORMULA,6,04. 지역 내 표준현장실습 참여 학생 증가율,지역 내 표준현장실습 참여 학생 증가율,%,조은미,,,,127,,,,,NO_2025_L_FORMULA_EVIDENCE,,2025시트 L열 계산식으로는 상위/하위 관계가 직접 확인되지 않아 기존 행순서 기반 추정값 유지
ind_c07e9cea98,ind_05fb79b00b,1. 인력양성,2-2. 증평군,CHUNGBUK,"지역 전체, 단위과제 자율",True,CHILD,,DIRECT,,INFERRED_NO_2025_L_FORMULA,0,05. 지역 외 4주 이상 8주 미만 표준현장실습 참여 학생 수,지역 외 4주 이상 8주 미만 표준현장실습 참여 학생 수,명,조은미,,1,,128,,,,,NO_2025_L_FORMULA_EVIDENCE,,2025시트 L열 계산식으로는 상위/하위 관계가 직접 확인되지 않아 기존 행순서 기반 추정값 유지
ind_0417250b7a,ind_05fb79b00b,1. 인력양성,2-2. 증평군,CHUNGBUK,"지역 전체, 단위과제 자율",True,CHILD,,DIRECT,,INFERRED_NO_2025_L_FORMULA,0,05. 지역 내 4주 이상 8주 미만 표준현장실습 참여 학생 수,지역 내 4주 이상 8주 미만 표준현장실습 참여 학생 수,명,조은미,,1,,129,,,,,NO_2025_L_FORMULA_EVIDENCE,,2025시트 L열 계산식으로는 상위/하위 관계가 직접 확인되지 않아 기존 행순서 기반 추정값 유지
ind_523ebc0949,ind_05fb79b00b,1. 인력양성,2-2. 증평군,CHUNGBUK,"지역 전체, 단위과제 자율",True,CHILD,,DIRECT,,INFERRED_NO_2025_L_FORMULA,0,06. 지역 외 8주 이상 12주 미만 표준현장실습 참여 학생 수,지역 외 8주 이상 12주 미만 표준현장실습 참여 학생 수,명,조은미,,5,,130,,,,,NO_2025_L_FORMULA_EVIDENCE,,2025시트 L열 계산식으로는 상위/하위 관계가 직접 확인되지 않아 기존 행순서 기반 추정값 유지
ind_b881da94d7,ind_05fb79b00b,1. 인력양성,2-2. 증평군,CHUNGBUK,"지역 전체, 단위과제 자율",True,CHILD,,DIRECT,,INFERRED_NO_2025_L_FORMULA,0,06. 지역 내 8주 이상 12주 미만 표준현장실습 참여 학생 수,지역 내 8주 이상 12주 미만 표준현장실습 참여 학생 수,명,조은미,,1,,131,,,,,NO_2025_L_FORMULA_EVIDENCE,,2025시트 L열 계산식으로는 상위/하위 관계가 직접 확인되지 않아 기존 행순서 기반 추정값 유지
ind_cc950d9bb8,ind_05fb79b00b,1. 인력양성,2-2. 증평군,CHUNGBUK,"지역 전체, 단위과제 자율",True,CHILD,,DIRECT,,INFERRED_NO_2025_L_FORMULA,0,07. 지역 외 12주 이상 표준현장실습 참여 학생 수,지역 외 12주 이상 표준현장실습 참여 학생 수,명,조은미,,5,,132,,,,,NO_2025_L_FORMULA_EVIDENCE,,2025시트 L열 계산식으로는 상위/하위 관계가 직접 확인되지 않아 기존 행순서 기반 추정값 유지
ind_c690eb2bee,ind_05fb79b00b,1. 인력양성,2-2. 증평군,CHUNGBUK,"지역 전체, 단위과제 자율",True,CHILD,,DIRECT,,INFERRED_NO_2025_L_FORMULA,0,07. 지역 내 12주 이상 표준현장실습 참여 학생 수,지역 내 12주 이상 표준현장실습 참여 학생 수,명,조은미,,1,,133,,,,,NO_2025_L_FORMULA_EVIDENCE,,2025시트 L열 계산식으로는 상위/하위 관계가 직접 확인되지 않아 기존 행순서 기반 추정값 유지
ind_cd768dd4e6,,1. 인력양성,2-2. 증평군,CHUNGBUK,"지역 전체, 단위과제 자율",True,PARENT,AUTO_FROM_CHILDREN,SUM,,INFERRED_NO_2025_L_FORMULA,1,08. 표준현장실습 참여자 중 실습기업 취업자 수,표준현장실습 참여자 중 실습기업 취업자 수,명,조은미,,-,,134,,,,,NO_2025_L_FORMULA_EVIDENCE,,2025시트 L열 계산식으로는 상위/하위 관계가 직접 확인되지 않아 기존 행순서 기반 추정값 유지
ind_f505e21427,ind_cd768dd4e6,1. 인력양성,2-2. 증평군,CHUNGBUK,"지역 전체, 단위과제 자율",True,CHILD,,DIRECT,,INFERRED_NO_2025_L_FORMULA,0,(신규) 대학 전체 재학생 수,대학 전체 재학생 수,명,대학본부,,7950,신규,135,,,,,NO_2025_L_FORMULA_EVIDENCE,,2025시트 L열 계산식으로는 상위/하위 관계가 직접 확인되지 않아 기존 행순서 기반 추정값 유지
ind_6495c6bc40,,1. 인력양성,2-2. 증평군,CHUNGBUK,"지역 전체, 단위과제 자율",True,PARENT,AUTO_FROM_CHILDREN,GROWTH_RATE,,INFERRED_NO_2025_L_FORMULA,2,09. 지역고교 출신 입학생 증가율,지역고교 출신 입학생 증가율,%,대학본부,,,,136,,,,,NO_2025_L_FORMULA_EVIDENCE,,2025시트 L열 계산식으로는 상위/하위 관계가 직접 확인되지 않아 기존 행순서 기반 추정값 유지
ind_8eef0310be,ind_6495c6bc40,1. 인력양성,2-2. 증평군,CHUNGBUK,"지역 전체, 단위과제 자율",True,CHILD,,DIRECT,,INFERRED_NO_2025_L_FORMULA,0,10. 지역고교생 참여 프로그램 이수자 수,지역고교생 참여 프로그램 이수자 수,명,윤아롱,,94,,137,,,,,NO_2025_L_FORMULA_EVIDENCE,,2025시트 L열 계산식으로는 상위/하위 관계가 직접 확인되지 않아 기존 행순서 기반 추정값 유지
ind_ec1d539117,ind_6495c6bc40,1. 인력양성,2-2. 증평군,PROJECT,지역 전체,False,CHILD,,DIRECT,,INFERRED_NO_2025_L_FORMULA,0,11. 지역고교생 입학자 수,지역고교생 입학자 수,명,입학과,,10,,138,,,,,NO_2025_L_FORMULA_EVIDENCE,,2025시트 L열 계산식으로는 상위/하위 관계가 직접 확인되지 않아 기존 행순서 기반 추정값 유지
ind_fcca3fe833,,1. 인력양성,2-2. 증평군,UNIVERSITY,대학 자율,False,PARENT,AUTO_FROM_CHILDREN,WEIGHTED_SUM,,INFERRED_NO_2025_L_FORMULA,2,01. 지역 정주형 취업역량 강화 실적,지역 정주형 취업역량 강화 실적,값,김지연,,969,,139,,,,,NO_2025_L_FORMULA_EVIDENCE,,2025시트 L열 계산식으로는 상위/하위 관계가 직접 확인되지 않아 기존 행순서 기반 추정값 유지
ind_5cf8e75c71,ind_fcca3fe833,1. 인력양성,2-2. 증평군,UNIVERSITY,대학 자율,False,CHILD,,DIRECT,,INFERRED_NO_2025_L_FORMULA,0,취업프로그램 이수학생 수,취업프로그램 이수학생 수,명,김지연,1,,,140,,,,,NO_2025_L_FORMULA_EVIDENCE,,2025시트 L열 계산식으로는 상위/하위 관계가 직접 확인되지 않아 기존 행순서 기반 추정값 유지
ind_d91b484e5f,ind_fcca3fe833,1. 인력양성,2-2. 증평군,UNIVERSITY,대학 자율,False,CHILD,,DIRECT,,INFERRED_NO_2025_L_FORMULA,0,지역 일자리 창출 관련 박람회 참여자 수,지역 일자리 창출 관련 박람회 참여자 수,명,김지연,1,,,141,,,,,NO_2025_L_FORMULA_EVIDENCE,,2025시트 L열 계산식으로는 상위/하위 관계가 직접 확인되지 않아 기존 행순서 기반 추정값 유지
ind_67f1003083,,1. 인력양성,2-2. 증평군,UNIVERSITY,대학 자율,False,PARENT,AUTO_FROM_CHILDREN,WEIGHTED_SUM,,INFERRED_NO_2025_L_FORMULA,2,02. 시군특화 산업 인재양성 프로그램 실적,시군특화 산업 인재양성 프로그램 실적,값,김지연,,3.7,,142,,,,,NO_2025_L_FORMULA_EVIDENCE,,2025시트 L열 계산식으로는 상위/하위 관계가 직접 확인되지 않아 기존 행순서 기반 추정값 유지
ind_f686038618,ind_67f1003083,1. 인력양성,2-2. 증평군,UNIVERSITY,대학 자율,False,CHILD,,DIRECT,,INFERRED_NO_2025_L_FORMULA,0,시군특화 산업 관련 인재양성 프로그램 운영 건수,시군특화 산업 관련 인재양성 프로그램 운영 건수,건,김지연,0.7,,,143,,,,,NO_2025_L_FORMULA_EVIDENCE,,2025시트 L열 계산식으로는 상위/하위 관계가 직접 확인되지 않아 기존 행순서 기반 추정값 유지
ind_9cd2cf8861,ind_67f1003083,1. 인력양성,2-2. 증평군,UNIVERSITY,대학 자율,False,CHILD,,DIRECT,,INFERRED_NO_2025_L_FORMULA,0,시군특화 산업 관련 인재 양성 프로그램 이수학생 수,시군특화 산업 관련 인재 양성 프로그램 이수학생 수,명,김지연,0.3,,,144,,,,,NO_2025_L_FORMULA_EVIDENCE,,2025시트 L열 계산식으로는 상위/하위 관계가 직접 확인되지 않아 기존 행순서 기반 추정값 유지
ind_66c19ba4c4,,1. 인력양성,2-2. 증평군,UNIVERSITY,대학 자율,False,PARENT,AUTO_FROM_CHILDREN,WEIGHTED_SUM,,INFERRED_NO_2025_L_FORMULA,3,03. 지산학연 공유·협업 기반의 포럼·세미나·교류회·업무협약 등 활동 실적,지산학연 공유·협업 기반의 포럼·세미나·교류회·업무협약 등 활동 실적,값,김지연,,37.9,,145,,,,,NO_2025_L_FORMULA_EVIDENCE,,2025시트 L열 계산식으로는 상위/하위 관계가 직접 확인되지 않아 기존 행순서 기반 추정값 유지
ind_0bd2116404,ind_66c19ba4c4,1. 인력양성,2-2. 증평군,UNIVERSITY,대학 자율,False,CHILD,,DIRECT,,INFERRED_NO_2025_L_FORMULA,0,지산학연 공유･협업 기반의 포럼･세미나･교류회 개최 건수,지산학연 공유･협업 기반의 포럼･세미나･교류회 개최 건수,건,김지연,0.5,,,146,,,,,NO_2025_L_FORMULA_EVIDENCE,,2025시트 L열 계산식으로는 상위/하위 관계가 직접 확인되지 않아 기존 행순서 기반 추정값 유지
ind_615442abd9,ind_66c19ba4c4,1. 인력양성,2-2. 증평군,UNIVERSITY,대학 자율,False,CHILD,,DIRECT,,INFERRED_NO_2025_L_FORMULA,0,지산학연 공유･협업 기반의 포럼･세미나･교류회 참여자 수,지산학연 공유･협업 기반의 포럼･세미나･교류회 참여자 수,명,김지연,0.3,,,147,,,,,NO_2025_L_FORMULA_EVIDENCE,,2025시트 L열 계산식으로는 상위/하위 관계가 직접 확인되지 않아 기존 행순서 기반 추정값 유지
ind_1e16669738,ind_66c19ba4c4,1. 인력양성,2-2. 증평군,UNIVERSITY,대학 자율,False,CHILD,,DIRECT,,INFERRED_NO_2025_L_FORMULA,0,지산학연 공유･협업 기반의 업무협약 건수,지산학연 공유･협업 기반의 업무협약 건수,건,김지연,0.2,,,148,,,,,NO_2025_L_FORMULA_EVIDENCE,,2025시트 L열 계산식으로는 상위/하위 관계가 직접 확인되지 않아 기존 행순서 기반 추정값 유지
ind_973a5dff11,,1. 인력양성,2-3. 오송철도 클러스터,PROJECT,지역 전체,False,PARENT,AUTO_FROM_CHILDREN,WEIGHTED_SUM,상위지표,FORMULA_2025_L,2,01. 지역 정주 취업률,지역 정주 취업률,%,취업성공지원과,,,,149,L150*O150+L151*O151,149,150;151,,FORMULA_PARENT,WEIGHTED_SUM,
ind_d959a7a011,ind_973a5dff11,1. 인력양성,2-3. 오송철도 클러스터,PROJECT,지역 전체,False,CHILD,,DIRECT,하위지표,FORMULA_2025_L,0,02. 지역 내 취업자 수,지역 내 취업자 수,명,취업성공지원과,,5,,150,,,,149,FORMULA_CHILD,,
ind_bef4add149,ind_973a5dff11,1. 인력양성,2-3. 오송철도 클러스터,PROJECT,지역 전체,False,CHILD,,DIRECT,하위지표,FORMULA_2025_L,0,03. 지역 외(수도권 제외) 취업자 수,지역 외(수도권 제외) 취업자 수,명,취업성공지원과,,12,,151,,,,149,FORMULA_CHILD,,
ind_ea8788c244,,1. 인력양성,2-3. 오송철도 클러스터,CHUNGBUK,"지역 전체, 단위과제 자율",True,PARENT,AUTO_FROM_CHILDREN,WEIGHTED_SUM,상위지표,FORMULA_2025_L,0,04. 지역 외 표준현장실습 참여 학생 증가율,지역 외 표준현장실습 참여 학생 증가율,%,조은미,,,,152,L153*O153+L154*O154,152,153;154,,FORMULA_PARENT,WEIGHTED_SUM,
ind_d40a48d011,ind_ea8788c244,1. 인력양성,2-3. 오송철도 클러스터,CHUNGBUK,"지역 전체, 단위과제 자율",True,CHILD,,DIRECT,하위지표,FORMULA_2025_L,6,04. 지역 내 표준현장실습 참여 학생 증가율,지역 내 표준현장실습 참여 학생 증가율,%,조은미,,,,153,,,,152,FORMULA_CHILD,,
ind_be546d77d8,ind_ea8788c244,1. 인력양성,2-3. 오송철도 클러스터,CHUNGBUK,"지역 전체, 단위과제 자율",True,CHILD,,DIRECT,하위지표,FORMULA_2025_L,0,05. 지역 외 4주 이상 8주 미만 표준현장실습 참여 학생 수,지역 외 4주 이상 8주 미만 표준현장실습 참여 학생 수,명,조은미,,9,,154,,,,152,FORMULA_CHILD,,
ind_b22c0d6d7b,ind_d40a48d011,1. 인력양성,2-3. 오송철도 클러스터,CHUNGBUK,"지역 전체, 단위과제 자율",True,PARENT,AUTO_FROM_CHILDREN,WEIGHTED_SUM,상위지표,FORMULA_2025_L,0,05. 지역 내 4주 이상 8주 미만 표준현장실습 참여 학생 수,지역 내 4주 이상 8주 미만 표준현장실습 참여 학생 수,명,조은미,,3,,155,L156*O156+L157*O157+L158*O158,155,156;157;158,,FORMULA_PARENT,WEIGHTED_SUM,
ind_24da63182b,ind_b22c0d6d7b,1. 인력양성,2-3. 오송철도 클러스터,CHUNGBUK,"지역 전체, 단위과제 자율",True,CHILD,,DIRECT,하위지표,FORMULA_2025_L,0,06. 지역 외 8주 이상 12주 미만 표준현장실습 참여 학생 수,지역 외 8주 이상 12주 미만 표준현장실습 참여 학생 수,명,조은미,,29,,156,,,,155,FORMULA_CHILD,,
ind_6ce4c3d18a,ind_b22c0d6d7b,1. 인력양성,2-3. 오송철도 클러스터,CHUNGBUK,"지역 전체, 단위과제 자율",True,CHILD,,DIRECT,하위지표,FORMULA_2025_L,0,06. 지역 내 8주 이상 12주 미만 표준현장실습 참여 학생 수,지역 내 8주 이상 12주 미만 표준현장실습 참여 학생 수,명,조은미,,10,,157,,,,155,FORMULA_CHILD,,
ind_257b22dc87,ind_b22c0d6d7b,1. 인력양성,2-3. 오송철도 클러스터,CHUNGBUK,"지역 전체, 단위과제 자율",True,CHILD,,DIRECT,하위지표,FORMULA_2025_L,0,07. 지역 외 12주 이상 표준현장실습 참여 학생 수,지역 외 12주 이상 표준현장실습 참여 학생 수,명,조은미,,30,,158,,,,155,FORMULA_CHILD,,
ind_1a83aa4b08,ind_d40a48d011,1. 인력양성,2-3. 오송철도 클러스터,CHUNGBUK,"지역 전체, 단위과제 자율",True,CHILD,,DIRECT,,INFERRED_NO_2025_L_FORMULA,0,07. 지역 내 12주 이상 표준현장실습 참여 학생 수,지역 내 12주 이상 표준현장실습 참여 학생 수,명,조은미,,9,,159,,,,,NO_2025_L_FORMULA_EVIDENCE,,2025시트 L열 계산식으로는 상위/하위 관계가 직접 확인되지 않아 기존 행순서 기반 추정값 유지
ind_576ec219c3,,1. 인력양성,2-3. 오송철도 클러스터,CHUNGBUK,"지역 전체, 단위과제 자율",True,PARENT,AUTO_FROM_CHILDREN,SUM,,INFERRED_NO_2025_L_FORMULA,1,08. 표준현장실습 참여자 중 실습기업 취업자 수,표준현장실습 참여자 중 실습기업 취업자 수,명,조은미,,-,,160,,,,,NO_2025_L_FORMULA_EVIDENCE,,2025시트 L열 계산식으로는 상위/하위 관계가 직접 확인되지 않아 기존 행순서 기반 추정값 유지
ind_9ddd0c8f3b,ind_576ec219c3,1. 인력양성,2-3. 오송철도 클러스터,CHUNGBUK,"지역 전체, 단위과제 자율",True,CHILD,,DIRECT,,INFERRED_NO_2025_L_FORMULA,0,(신규) 대학 전체 재학생 수,대학 전체 재학생 수,명,대학본부,,7950,신규,161,,,,,NO_2025_L_FORMULA_EVIDENCE,,2025시트 L열 계산식으로는 상위/하위 관계가 직접 확인되지 않아 기존 행순서 기반 추정값 유지
ind_a86b7bc0f8,,1. 인력양성,2-3. 오송철도 클러스터,CHUNGBUK,"지역 전체, 단위과제 자율",True,PARENT,AUTO_FROM_CHILDREN,GROWTH_RATE,,INFERRED_NO_2025_L_FORMULA,4,09. 지역고교 출신 입학생 증가율,지역고교 출신 입학생 증가율,%,,,,,162,,,,,NO_2025_L_FORMULA_EVIDENCE,,2025시트 L열 계산식으로는 상위/하위 관계가 직접 확인되지 않아 기존 행순서 기반 추정값 유지
ind_dd48770328,ind_a86b7bc0f8,1. 인력양성,2-3. 오송철도 클러스터,CHUNGBUK,"지역 전체, 단위과제 자율",True,CHILD,,DIRECT,,INFERRED_NO_2025_L_FORMULA,0,10. 지역고교생 참여 프로그램 이수자 수,지역고교생 참여 프로그램 이수자 수,명,박수민,,34,,163,,,,,NO_2025_L_FORMULA_EVIDENCE,,2025시트 L열 계산식으로는 상위/하위 관계가 직접 확인되지 않아 기존 행순서 기반 추정값 유지
ind_07428b9c74,ind_a86b7bc0f8,1. 인력양성,2-3. 오송철도 클러스터,PROJECT,지역 전체,False,CHILD,,DIRECT,,INFERRED_NO_2025_L_FORMULA,0,11. 지역고교생 입학자 수,지역고교생 입학자 수,명,입학과,,2,,164,,,,,NO_2025_L_FORMULA_EVIDENCE,,2025시트 L열 계산식으로는 상위/하위 관계가 직접 확인되지 않아 기존 행순서 기반 추정값 유지
ind_44e47884a3,ind_a86b7bc0f8,1. 인력양성,2-3. 오송철도 클러스터,UNIVERSITY,대학 자율,False,CHILD,,DIRECT,,INFERRED_NO_2025_L_FORMULA,0,01. 클러스터 특성화 교과과정 참여학생 수,클러스터 특성화 교과과정 참여학생 수,명,박수민,,-,,165,,,,,NO_2025_L_FORMULA_EVIDENCE,,2025시트 L열 계산식으로는 상위/하위 관계가 직접 확인되지 않아 기존 행순서 기반 추정값 유지
ind_b57983b3c3,ind_a86b7bc0f8,1. 인력양성,2-3. 오송철도 클러스터,UNIVERSITY,대학 자율,False,CHILD,,DIRECT,,INFERRED_NO_2025_L_FORMULA,0,02. 클러스터 맞춤형 프로그램 운영 실적,클러스터 맞춤형 프로그램 운영 실적,건,박수민,,-,,166,,,,,NO_2025_L_FORMULA_EVIDENCE,,2025시트 L열 계산식으로는 상위/하위 관계가 직접 확인되지 않아 기존 행순서 기반 추정값 유지
ind_e5884aa5e3,,1. 인력양성,2-4. 순환경제 클러스터,PROJECT,지역 전체,False,PARENT,AUTO_FROM_CHILDREN,RATIO,,INFERRED_NO_2025_L_FORMULA,2,01. 지역 정주 취업률,지역 정주 취업률,%,취업성공지원과,,,,167,,,,,NO_2025_L_FORMULA_EVIDENCE,,2025시트 L열 계산식으로는 상위/하위 관계가 직접 확인되지 않아 기존 행순서 기반 추정값 유지
ind_2388f1cb82,ind_e5884aa5e3,1. 인력양성,2-4. 순환경제 클러스터,PROJECT,지역 전체,False,CHILD,,DIRECT,,INFERRED_NO_2025_L_FORMULA,0,02. 지역 내 취업자 수,지역 내 취업자 수,명,취업성공지원과,,5,,168,,,,,NO_2025_L_FORMULA_EVIDENCE,,2025시트 L열 계산식으로는 상위/하위 관계가 직접 확인되지 않아 기존 행순서 기반 추정값 유지
ind_b37a26ca9b,ind_e5884aa5e3,1. 인력양성,2-4. 순환경제 클러스터,PROJECT,지역 전체,False,CHILD,,DIRECT,,INFERRED_NO_2025_L_FORMULA,0,03. 지역 외(수도권 제외) 취업자 수,지역 외(수도권 제외) 취업자 수,명,취업성공지원과,,12,,169,,,,,NO_2025_L_FORMULA_EVIDENCE,,2025시트 L열 계산식으로는 상위/하위 관계가 직접 확인되지 않아 기존 행순서 기반 추정값 유지
ind_5de0de25f6,,1. 인력양성,2-4. 순환경제 클러스터,CHUNGBUK,"지역 전체, 단위과제 자율",True,PARENT,DIRECT_INPUT,DIRECT,,INFERRED_NO_2025_L_FORMULA,0,04. 지역 외 표준현장실습 참여 학생 증가율,지역 외 표준현장실습 참여 학생 증가율,%,조은미,,,,170,,,,,NO_2025_L_FORMULA_EVIDENCE,,2025시트 L열 계산식으로는 상위/하위 관계가 직접 확인되지 않아 기존 행순서 기반 추정값 유지
ind_ea15f09c18,,1. 인력양성,2-4. 순환경제 클러스터,CHUNGBUK,"지역 전체, 단위과제 자율",True,PARENT,AUTO_FROM_CHILDREN,GROWTH_RATE,,INFERRED_NO_2025_L_FORMULA,6,04. 지역 내 표준현장실습 참여 학생 증가율,지역 내 표준현장실습 참여 학생 증가율,%,조은미,,,,171,,,,,NO_2025_L_FORMULA_EVIDENCE,,2025시트 L열 계산식으로는 상위/하위 관계가 직접 확인되지 않아 기존 행순서 기반 추정값 유지
ind_c426fc2acb,ind_ea15f09c18,1. 인력양성,2-4. 순환경제 클러스터,CHUNGBUK,"지역 전체, 단위과제 자율",True,CHILD,,DIRECT,,INFERRED_NO_2025_L_FORMULA,0,05. 지역 외 4주 이상 8주 미만 표준현장실습 참여 학생 수,지역 외 4주 이상 8주 미만 표준현장실습 참여 학생 수,명,조은미,,1,,172,,,,,NO_2025_L_FORMULA_EVIDENCE,,2025시트 L열 계산식으로는 상위/하위 관계가 직접 확인되지 않아 기존 행순서 기반 추정값 유지
ind_bcc9a9bbd5,ind_ea15f09c18,1. 인력양성,2-4. 순환경제 클러스터,CHUNGBUK,"지역 전체, 단위과제 자율",True,CHILD,,DIRECT,,INFERRED_NO_2025_L_FORMULA,0,05. 지역 내 4주 이상 8주 미만 표준현장실습 참여 학생 수,지역 내 4주 이상 8주 미만 표준현장실습 참여 학생 수,명,조은미,,1,,173,,,,,NO_2025_L_FORMULA_EVIDENCE,,2025시트 L열 계산식으로는 상위/하위 관계가 직접 확인되지 않아 기존 행순서 기반 추정값 유지
ind_30fd380521,ind_ea15f09c18,1. 인력양성,2-4. 순환경제 클러스터,CHUNGBUK,"지역 전체, 단위과제 자율",True,CHILD,,DIRECT,,INFERRED_NO_2025_L_FORMULA,0,06. 지역 외 8주 이상 12주 미만 표준현장실습 참여 학생 수,지역 외 8주 이상 12주 미만 표준현장실습 참여 학생 수,명,조은미,,2,,174,,,,,NO_2025_L_FORMULA_EVIDENCE,,2025시트 L열 계산식으로는 상위/하위 관계가 직접 확인되지 않아 기존 행순서 기반 추정값 유지
ind_b36675c1ba,ind_ea15f09c18,1. 인력양성,2-4. 순환경제 클러스터,CHUNGBUK,"지역 전체, 단위과제 자율",True,PARENT,AUTO_FROM_CHILDREN,WEIGHTED_SUM,상위지표,FORMULA_2025_L,0,06. 지역 내 8주 이상 12주 미만 표준현장실습 참여 학생 수,지역 내 8주 이상 12주 미만 표준현장실습 참여 학생 수,명,조은미,,1,,175,L176*O176+L177*O177,175,176;177,,FORMULA_PARENT,WEIGHTED_SUM,
ind_88d68a8306,ind_b36675c1ba,1. 인력양성,2-4. 순환경제 클러스터,CHUNGBUK,"지역 전체, 단위과제 자율",True,CHILD,,DIRECT,하위지표,FORMULA_2025_L,0,07. 지역 외 12주 이상 표준현장실습 참여 학생 수,지역 외 12주 이상 표준현장실습 참여 학생 수,명,조은미,,2,,176,,,,175,FORMULA_CHILD,,
ind_3e06f09992,ind_b36675c1ba,1. 인력양성,2-4. 순환경제 클러스터,CHUNGBUK,"지역 전체, 단위과제 자율",True,CHILD,,DIRECT,하위지표,FORMULA_2025_L,0,07. 지역 내 12주 이상 표준현장실습 참여 학생 수,지역 내 12주 이상 표준현장실습 참여 학생 수,명,조은미,,1,,177,,,,175,FORMULA_CHILD,,
ind_52841cd6db,,1. 인력양성,2-4. 순환경제 클러스터,CHUNGBUK,"지역 전체, 단위과제 자율",True,PARENT,AUTO_FROM_CHILDREN,WEIGHTED_SUM,상위지표,FORMULA_2025_L,1,08. 표준현장실습 참여자 중 실습기업 취업자 수,표준현장실습 참여자 중 실습기업 취업자 수,명,조은미,,-,,178,L179*O179+L180*O180,178,179;180,,FORMULA_PARENT,WEIGHTED_SUM,
ind_beb764033f,ind_52841cd6db,1. 인력양성,2-4. 순환경제 클러스터,CHUNGBUK,"지역 전체, 단위과제 자율",True,CHILD,,DIRECT,하위지표,FORMULA_2025_L,0,(신규) 대학 전체 재학생 수,대학 전체 재학생 수,명,대학본부,,7950,신규,179,,,,178,FORMULA_CHILD,,
ind_a68c54da0c,ind_52841cd6db,1. 인력양성,2-4. 순환경제 클러스터,CHUNGBUK,"지역 전체, 단위과제 자율",True,CHILD,,DIRECT,하위지표,FORMULA_2025_L,4,09. 지역고교 출신 입학생 증가율,지역고교 출신 입학생 증가율,%,대학본부,,,,180,,,,178,FORMULA_CHILD,,
ind_5465d2117c,ind_a68c54da0c,1. 인력양성,2-4. 순환경제 클러스터,CHUNGBUK,"지역 전체, 단위과제 자율",True,PARENT,AUTO_FROM_CHILDREN,WEIGHTED_SUM,상위지표,FORMULA_2025_L,0,10. 지역고교생 참여 프로그램 이수자 수,지역고교생 참여 프로그램 이수자 수,명,이종건,,34,,181,L182*O182+L183*O183+L184*O184,181,182;183;184,,FORMULA_PARENT,WEIGHTED_SUM,
ind_36d8a9824e,ind_5465d2117c,1. 인력양성,2-4. 순환경제 클러스터,PROJECT,지역 전체,False,CHILD,,DIRECT,하위지표,FORMULA_2025_L,0,11. 지역고교생 입학자 수,지역고교생 입학자 수,명,입학과,,2,,182,,,,181,FORMULA_CHILD,,
ind_aa230c531e,ind_5465d2117c,1. 인력양성,2-4. 순환경제 클러스터,UNIVERSITY,대학 자율,False,CHILD,,DIRECT,하위지표,FORMULA_2025_L,0,01. 클러스터 특성화 교과과정 참여학생 수,클러스터 특성화 교과과정 참여학생 수,명,이종건,,-,,183,,,,181,FORMULA_CHILD,,
ind_84c3070d22,ind_5465d2117c,1. 인력양성,2-4. 순환경제 클러스터,UNIVERSITY,대학 자율,False,CHILD,,DIRECT,하위지표,FORMULA_2025_L,0,02. 클러스터 맞춤형 프로그램 운영 실적,클러스터 맞춤형 프로그램 운영 실적,건,이종건,,-,,184,,,,181,FORMULA_CHILD,,
ind_92e08c17c3,,2. 공동연구센터,1-1. AI모빌리티,CHUNGBUK,단위과제 자율,False,PARENT,AUTO_FROM_CHILDREN,GROWTH_RATE,,INFERRED_NO_2025_L_FORMULA,7,01. 지산학연 공동연구 증가율,지산학연 공동연구 증가율,,,,,,185,,,,,NO_2025_L_FORMULA_EVIDENCE,,2025시트 L열 계산식으로는 상위/하위 관계가 직접 확인되지 않아 기존 행순서 기반 추정값 유지
ind_d92a782cab,ind_92e08c17c3,2. 공동연구센터,1-1. AI모빌리티,CHUNGBUK,단위과제 자율,False,CHILD,,DIRECT,,INFERRED_NO_2025_L_FORMULA,0,02. 특허 출원 건수,특허 출원 건수,건,정은제,0.1,4,,186,,,,,NO_2025_L_FORMULA_EVIDENCE,,2025시트 L열 계산식으로는 상위/하위 관계가 직접 확인되지 않아 기존 행순서 기반 추정값 유지
ind_58db5e32d7,ind_92e08c17c3,2. 공동연구센터,1-1. AI모빌리티,CHUNGBUK,단위과제 자율,False,CHILD,,DIRECT,,INFERRED_NO_2025_L_FORMULA,0,03. 국내 특허 등록 건수,국내 특허 등록 건수,건,정은제,0.2,-,,187,,,,,NO_2025_L_FORMULA_EVIDENCE,,2025시트 L열 계산식으로는 상위/하위 관계가 직접 확인되지 않아 기존 행순서 기반 추정값 유지
ind_2c2ca81b2d,ind_92e08c17c3,2. 공동연구센터,1-1. AI모빌리티,CHUNGBUK,단위과제 자율,False,CHILD,,DIRECT,,INFERRED_NO_2025_L_FORMULA,0,04. 해외 특허 등록 건수,해외 특허 등록 건수,건,정은제,0.3,1,,188,,,,,NO_2025_L_FORMULA_EVIDENCE,,2025시트 L열 계산식으로는 상위/하위 관계가 직접 확인되지 않아 기존 행순서 기반 추정값 유지
ind_133db4a797,ind_92e08c17c3,2. 공동연구센터,1-1. AI모빌리티,CHUNGBUK,단위과제 자율,False,CHILD,,DIRECT,,INFERRED_NO_2025_L_FORMULA,0,05. (SCI(E)급) 논문 게재 건수,(SCI(E)급) 논문 게재 건수,건,정은제,0.25,1,,189,,,,,NO_2025_L_FORMULA_EVIDENCE,,2025시트 L열 계산식으로는 상위/하위 관계가 직접 확인되지 않아 기존 행순서 기반 추정값 유지
ind_5efe68f440,ind_92e08c17c3,2. 공동연구센터,1-1. AI모빌리티,CHUNGBUK,단위과제 자율,False,CHILD,,DIRECT,,INFERRED_NO_2025_L_FORMULA,0,06. (KCI급) 논문 게재 건수,(KCI급) 논문 게재 건수,건,정은제,0.1,9,,190,,,,,NO_2025_L_FORMULA_EVIDENCE,,2025시트 L열 계산식으로는 상위/하위 관계가 직접 확인되지 않아 기존 행순서 기반 추정값 유지
ind_88f4e268ce,ind_92e08c17c3,2. 공동연구센터,1-1. AI모빌리티,CHUNGBUK,단위과제 자율,False,CHILD,,DIRECT,,INFERRED_NO_2025_L_FORMULA,0,07. 기타 지식재산권 등록 건수(디자인권·상표권·실용신안 등),기타 지식재산권 등록 건수(디자인권·상표권·실용신안 등),건,정은제,0.05,1,,191,,,,,NO_2025_L_FORMULA_EVIDENCE,,2025시트 L열 계산식으로는 상위/하위 관계가 직접 확인되지 않아 기존 행순서 기반 추정값 유지
ind_c75c191212,ind_92e08c17c3,2. 공동연구센터,1-1. AI모빌리티,CHUNGBUK,단위과제 자율,False,CHILD,,DIRECT,,INFERRED_NO_2025_L_FORMULA,0,08. 지산학연 공동연구를 통해 창출한 기술이전 수익,지산학연 공동연구를 통해 창출한 기술이전 수익,천원,정은제,0.5,17050,,192,,,,,NO_2025_L_FORMULA_EVIDENCE,,2025시트 L열 계산식으로는 상위/하위 관계가 직접 확인되지 않아 기존 행순서 기반 추정값 유지
ind_6fbbc1936f,,2. 공동연구센터,1-1. AI모빌리티,CHUNGBUK,단위과제 자율,False,PARENT,AUTO_FROM_CHILDREN,SUM,,INFERRED_NO_2025_L_FORMULA,1,09. 지산학연 공동연구를 통해 창출한 기술이전 건수,지산학연 공동연구를 통해 창출한 기술이전 건수,건,정은제,0.5,7,,193,,,,,NO_2025_L_FORMULA_EVIDENCE,,2025시트 L열 계산식으로는 상위/하위 관계가 직접 확인되지 않아 기존 행순서 기반 추정값 유지
ind_cfcd175b74,ind_6fbbc1936f,2. 공동연구센터,1-1. AI모빌리티,CHUNGBUK,단위과제 자율,False,CHILD,,DIRECT,,INFERRED_NO_2025_L_FORMULA,0,(신규) 대학 전임교원 수(2. 2. 2. 공동연구센터 참여 교원),대학 전임교원 수(2. 2. 2. 공동연구센터 참여 교원),명,,,1,325(7),194,,,,,NO_2025_L_FORMULA_EVIDENCE,,2025시트 L열 계산식으로는 상위/하위 관계가 직접 확인되지 않아 기존 행순서 기반 추정값 유지
ind_4112e5fb80,,2. 공동연구센터,1-1. AI모빌리티,CHUNGBUK,단위과제 자율,False,PARENT,AUTO_FROM_CHILDREN,GROWTH_RATE,,INFERRED_NO_2025_L_FORMULA,2,10. 연구과제 수주 증가율,연구과제 수주 증가율,,,,,,195,,,,,NO_2025_L_FORMULA_EVIDENCE,,2025시트 L열 계산식으로는 상위/하위 관계가 직접 확인되지 않아 기존 행순서 기반 추정값 유지
ind_5697d25109,ind_4112e5fb80,2. 공동연구센터,1-1. AI모빌리티,CHUNGBUK,단위과제 자율,False,CHILD,,DIRECT,,INFERRED_NO_2025_L_FORMULA,0,11. 1억 이상 연구과제 수주 건수,1억 이상 연구과제 수주 건수,건,정은제,,1,,196,,,,,NO_2025_L_FORMULA_EVIDENCE,,2025시트 L열 계산식으로는 상위/하위 관계가 직접 확인되지 않아 기존 행순서 기반 추정값 유지
ind_adc623f813,ind_4112e5fb80,2. 공동연구센터,1-1. AI모빌리티,CHUNGBUK,단위과제 자율,False,CHILD,,DIRECT,,INFERRED_NO_2025_L_FORMULA,0,12. 1억 미만 연구과제 수주 건수,1억 미만 연구과제 수주 건수,건,정은제,,7,,197,,,,,NO_2025_L_FORMULA_EVIDENCE,,2025시트 L열 계산식으로는 상위/하위 관계가 직접 확인되지 않아 기존 행순서 기반 추정값 유지
ind_5297c2ee0f,,2. 공동연구센터,1-1. AI모빌리티,CHUNGBUK,단위과제 자율,False,PARENT,AUTO_FROM_CHILDREN,GROWTH_RATE,,INFERRED_NO_2025_L_FORMULA,3,13. 미래전략산업 학생연구원 참여 증가율,미래전략산업 학생연구원 참여 증가율,,,,,,198,,,,,NO_2025_L_FORMULA_EVIDENCE,,2025시트 L열 계산식으로는 상위/하위 관계가 직접 확인되지 않아 기존 행순서 기반 추정값 유지
ind_24abb9bd6e,ind_5297c2ee0f,2. 공동연구센터,1-1. AI모빌리티,CHUNGBUK,단위과제 자율,False,CHILD,,DIRECT,,INFERRED_NO_2025_L_FORMULA,0,14. 미래전략산업 학생연구원(학부) 참여자 수,미래전략산업 학생연구원(학부) 참여자 수,명,정은제,,18,,199,,,,,NO_2025_L_FORMULA_EVIDENCE,,2025시트 L열 계산식으로는 상위/하위 관계가 직접 확인되지 않아 기존 행순서 기반 추정값 유지
ind_fa4984db4b,ind_5297c2ee0f,2. 공동연구센터,1-1. AI모빌리티,CHUNGBUK,단위과제 자율,False,CHILD,,DIRECT,,INFERRED_NO_2025_L_FORMULA,0,15. 미래전략산업 학생연구원(석사) 참여자 수,미래전략산업 학생연구원(석사) 참여자 수,명,정은제,,4,,200,,,,,NO_2025_L_FORMULA_EVIDENCE,,2025시트 L열 계산식으로는 상위/하위 관계가 직접 확인되지 않아 기존 행순서 기반 추정값 유지
ind_557223d148,ind_5297c2ee0f,2. 공동연구센터,1-1. AI모빌리티,CHUNGBUK,단위과제 자율,False,CHILD,,DIRECT,,INFERRED_NO_2025_L_FORMULA,0,16. 미래전략산업 학생연구원(박사) 참여자 수,미래전략산업 학생연구원(박사) 참여자 수,명,정은제,,-,,201,,,,,NO_2025_L_FORMULA_EVIDENCE,,2025시트 L열 계산식으로는 상위/하위 관계가 직접 확인되지 않아 기존 행순서 기반 추정값 유지
ind_72e5a95bcd,,2. 공동연구센터,1-2. 이차전지,CHUNGBUK,단위과제 자율,False,PARENT,AUTO_FROM_CHILDREN,GROWTH_RATE,,INFERRED_NO_2025_L_FORMULA,7,01. 지산학연 공동연구 증가율,지산학연 공동연구 증가율,,,,,,202,,,,,NO_2025_L_FORMULA_EVIDENCE,,2025시트 L열 계산식으로는 상위/하위 관계가 직접 확인되지 않아 기존 행순서 기반 추정값 유지
ind_13b898e305,ind_72e5a95bcd,2. 공동연구센터,1-2. 이차전지,CHUNGBUK,단위과제 자율,False,CHILD,,DIRECT,,INFERRED_NO_2025_L_FORMULA,0,02. 특허 출원 건수,특허 출원 건수,건,우명기,0.1,1,,203,,,,,NO_2025_L_FORMULA_EVIDENCE,,2025시트 L열 계산식으로는 상위/하위 관계가 직접 확인되지 않아 기존 행순서 기반 추정값 유지
ind_74c94ad44e,ind_72e5a95bcd,2. 공동연구센터,1-2. 이차전지,CHUNGBUK,단위과제 자율,False,CHILD,,DIRECT,,INFERRED_NO_2025_L_FORMULA,0,03. 국내 특허 등록 건수,국내 특허 등록 건수,건,우명기,0.2,-,,204,,,,,NO_2025_L_FORMULA_EVIDENCE,,2025시트 L열 계산식으로는 상위/하위 관계가 직접 확인되지 않아 기존 행순서 기반 추정값 유지
ind_c12b3b5961,ind_72e5a95bcd,2. 공동연구센터,1-2. 이차전지,CHUNGBUK,단위과제 자율,False,CHILD,,DIRECT,,INFERRED_NO_2025_L_FORMULA,0,04. 해외 특허 등록 건수,해외 특허 등록 건수,건,우명기,0.3,1,,205,,,,,NO_2025_L_FORMULA_EVIDENCE,,2025시트 L열 계산식으로는 상위/하위 관계가 직접 확인되지 않아 기존 행순서 기반 추정값 유지
ind_3e6fb3f552,ind_72e5a95bcd,2. 공동연구센터,1-2. 이차전지,CHUNGBUK,단위과제 자율,False,CHILD,,DIRECT,,INFERRED_NO_2025_L_FORMULA,0,05. (SCI(E)급) 논문 게재 건수,(SCI(E)급) 논문 게재 건수,건,우명기,0.25,1,,206,,,,,NO_2025_L_FORMULA_EVIDENCE,,2025시트 L열 계산식으로는 상위/하위 관계가 직접 확인되지 않아 기존 행순서 기반 추정값 유지
ind_97d521b095,ind_72e5a95bcd,2. 공동연구센터,1-2. 이차전지,CHUNGBUK,단위과제 자율,False,CHILD,,DIRECT,,INFERRED_NO_2025_L_FORMULA,0,06. (KCI급) 논문 게재 건수,(KCI급) 논문 게재 건수,건,우명기,0.1,1,,207,,,,,NO_2025_L_FORMULA_EVIDENCE,,2025시트 L열 계산식으로는 상위/하위 관계가 직접 확인되지 않아 기존 행순서 기반 추정값 유지
ind_f5cc8c143a,ind_72e5a95bcd,2. 공동연구센터,1-2. 이차전지,CHUNGBUK,단위과제 자율,False,CHILD,,DIRECT,,INFERRED_NO_2025_L_FORMULA,0,07. 기타 지식재산권 등록 건수(디자인권·상표권·실용신안 등),기타 지식재산권 등록 건수(디자인권·상표권·실용신안 등),건,우명기,0.05,1,,208,,,,,NO_2025_L_FORMULA_EVIDENCE,,2025시트 L열 계산식으로는 상위/하위 관계가 직접 확인되지 않아 기존 행순서 기반 추정값 유지
ind_10b7e4543a,ind_72e5a95bcd,2. 공동연구센터,1-2. 이차전지,CHUNGBUK,단위과제 자율,False,CHILD,,DIRECT,,INFERRED_NO_2025_L_FORMULA,0,08. 지산학연 공동연구를 통해 창출한 기술이전 수익,지산학연 공동연구를 통해 창출한 기술이전 수익,천원,우명기,0.5,27000,,209,,,,,NO_2025_L_FORMULA_EVIDENCE,,2025시트 L열 계산식으로는 상위/하위 관계가 직접 확인되지 않아 기존 행순서 기반 추정값 유지
ind_012b9a74c6,,2. 공동연구센터,1-2. 이차전지,CHUNGBUK,단위과제 자율,False,PARENT,AUTO_FROM_CHILDREN,SUM,,INFERRED_NO_2025_L_FORMULA,1,09. 지산학연 공동연구를 통해 창출한 기술이전 건수,지산학연 공동연구를 통해 창출한 기술이전 건수,건,우명기,0.5,1,,210,,,,,NO_2025_L_FORMULA_EVIDENCE,,2025시트 L열 계산식으로는 상위/하위 관계가 직접 확인되지 않아 기존 행순서 기반 추정값 유지
ind_abcd740c22,ind_012b9a74c6,2. 공동연구센터,1-2. 이차전지,CHUNGBUK,단위과제 자율,False,CHILD,,DIRECT,,INFERRED_NO_2025_L_FORMULA,0,(신규) 대학 전임교원 수(2. 2. 2. 공동연구센터 참여 교원),대학 전임교원 수(2. 2. 2. 공동연구센터 참여 교원),명,,,1,325(13),211,,,,,NO_2025_L_FORMULA_EVIDENCE,,2025시트 L열 계산식으로는 상위/하위 관계가 직접 확인되지 않아 기존 행순서 기반 추정값 유지
ind_66c1b0a9d6,,2. 공동연구센터,1-2. 이차전지,CHUNGBUK,단위과제 자율,False,PARENT,AUTO_FROM_CHILDREN,GROWTH_RATE,,INFERRED_NO_2025_L_FORMULA,2,10. 연구과제 수주 증가율,연구과제 수주 증가율,,,,,,212,,,,,NO_2025_L_FORMULA_EVIDENCE,,2025시트 L열 계산식으로는 상위/하위 관계가 직접 확인되지 않아 기존 행순서 기반 추정값 유지
ind_1419b000ae,ind_66c1b0a9d6,2. 공동연구센터,1-2. 이차전지,CHUNGBUK,단위과제 자율,False,CHILD,,DIRECT,,INFERRED_NO_2025_L_FORMULA,0,11. 1억 이상 연구과제 수주 건수,1억 이상 연구과제 수주 건수,건,우명기,0.7,1,,213,,,,,NO_2025_L_FORMULA_EVIDENCE,,2025시트 L열 계산식으로는 상위/하위 관계가 직접 확인되지 않아 기존 행순서 기반 추정값 유지
ind_4eb2693c58,ind_66c1b0a9d6,2. 공동연구센터,1-2. 이차전지,CHUNGBUK,단위과제 자율,False,CHILD,,DIRECT,,INFERRED_NO_2025_L_FORMULA,0,12. 1억 미만 연구과제 수주 건수,1억 미만 연구과제 수주 건수,건,우명기,0.3,1,,214,,,,,NO_2025_L_FORMULA_EVIDENCE,,2025시트 L열 계산식으로는 상위/하위 관계가 직접 확인되지 않아 기존 행순서 기반 추정값 유지
ind_4427c3c423,,2. 공동연구센터,1-2. 이차전지,CHUNGBUK,단위과제 자율,False,PARENT,AUTO_FROM_CHILDREN,GROWTH_RATE,,INFERRED_NO_2025_L_FORMULA,3,13. 미래전략산업 학생연구원 참여 증가율,미래전략산업 학생연구원 참여 증가율,,,,,,215,,,,,NO_2025_L_FORMULA_EVIDENCE,,2025시트 L열 계산식으로는 상위/하위 관계가 직접 확인되지 않아 기존 행순서 기반 추정값 유지
ind_8efb45176d,ind_4427c3c423,2. 공동연구센터,1-2. 이차전지,CHUNGBUK,단위과제 자율,False,CHILD,,DIRECT,,INFERRED_NO_2025_L_FORMULA,0,14. 미래전략산업 학생연구원(학부) 참여자 수,미래전략산업 학생연구원(학부) 참여자 수,명,우명기,0.2,1,,216,,,,,NO_2025_L_FORMULA_EVIDENCE,,2025시트 L열 계산식으로는 상위/하위 관계가 직접 확인되지 않아 기존 행순서 기반 추정값 유지
ind_60ae1e75c4,ind_4427c3c423,2. 공동연구센터,1-2. 이차전지,CHUNGBUK,단위과제 자율,False,CHILD,,DIRECT,,INFERRED_NO_2025_L_FORMULA,0,15. 미래전략산업 학생연구원(석사) 참여자 수,미래전략산업 학생연구원(석사) 참여자 수,명,우명기,0.3,1,,217,,,,,NO_2025_L_FORMULA_EVIDENCE,,2025시트 L열 계산식으로는 상위/하위 관계가 직접 확인되지 않아 기존 행순서 기반 추정값 유지
ind_c2882065da,ind_4427c3c423,2. 공동연구센터,1-2. 이차전지,CHUNGBUK,단위과제 자율,False,CHILD,,DIRECT,,INFERRED_NO_2025_L_FORMULA,0,16. 미래전략산업 학생연구원(박사) 참여자 수,미래전략산업 학생연구원(박사) 참여자 수,명,우명기,0.5,-,,218,,,,,NO_2025_L_FORMULA_EVIDENCE,,2025시트 L열 계산식으로는 상위/하위 관계가 직접 확인되지 않아 기존 행순서 기반 추정값 유지
ind_e8b8d04362,,2. 공동연구센터,1-3. 반도체,CHUNGBUK,단위과제 자율,False,PARENT,AUTO_FROM_CHILDREN,GROWTH_RATE,,INFERRED_NO_2025_L_FORMULA,7,01. 지산학연 공동연구 증가율,지산학연 공동연구 증가율,,,,,,219,,,,,NO_2025_L_FORMULA_EVIDENCE,,2025시트 L열 계산식으로는 상위/하위 관계가 직접 확인되지 않아 기존 행순서 기반 추정값 유지
ind_55b21bd7fc,ind_e8b8d04362,2. 공동연구센터,1-3. 반도체,CHUNGBUK,단위과제 자율,False,CHILD,,DIRECT,,INFERRED_NO_2025_L_FORMULA,0,02. 특허 출원 건수,특허 출원 건수,건,반도체 담당,0.1,9,,220,,,,,NO_2025_L_FORMULA_EVIDENCE,,2025시트 L열 계산식으로는 상위/하위 관계가 직접 확인되지 않아 기존 행순서 기반 추정값 유지
ind_756660c48c,ind_e8b8d04362,2. 공동연구센터,1-3. 반도체,CHUNGBUK,단위과제 자율,False,CHILD,,DIRECT,,INFERRED_NO_2025_L_FORMULA,0,03. 국내 특허 등록 건수,국내 특허 등록 건수,건,반도체 담당,0.2,-,,221,,,,,NO_2025_L_FORMULA_EVIDENCE,,2025시트 L열 계산식으로는 상위/하위 관계가 직접 확인되지 않아 기존 행순서 기반 추정값 유지
ind_68b0e385a4,ind_e8b8d04362,2. 공동연구센터,1-3. 반도체,CHUNGBUK,단위과제 자율,False,CHILD,,DIRECT,,INFERRED_NO_2025_L_FORMULA,0,04. 해외 특허 등록 건수,해외 특허 등록 건수,건,반도체 담당,0.3,1,,222,,,,,NO_2025_L_FORMULA_EVIDENCE,,2025시트 L열 계산식으로는 상위/하위 관계가 직접 확인되지 않아 기존 행순서 기반 추정값 유지
ind_911104b395,ind_e8b8d04362,2. 공동연구센터,1-3. 반도체,CHUNGBUK,단위과제 자율,False,CHILD,,DIRECT,,INFERRED_NO_2025_L_FORMULA,0,05. (SCI(E)급) 논문 게재 건수,(SCI(E)급) 논문 게재 건수,건,반도체 담당,0.25,1,,223,,,,,NO_2025_L_FORMULA_EVIDENCE,,2025시트 L열 계산식으로는 상위/하위 관계가 직접 확인되지 않아 기존 행순서 기반 추정값 유지
ind_02e02bb648,ind_e8b8d04362,2. 공동연구센터,1-3. 반도체,CHUNGBUK,단위과제 자율,False,CHILD,,DIRECT,,INFERRED_NO_2025_L_FORMULA,0,06. (KCI급) 논문 게재 건수,(KCI급) 논문 게재 건수,건,반도체 담당,0.1,9,,224,,,,,NO_2025_L_FORMULA_EVIDENCE,,2025시트 L열 계산식으로는 상위/하위 관계가 직접 확인되지 않아 기존 행순서 기반 추정값 유지
ind_338a1b4ee6,ind_e8b8d04362,2. 공동연구센터,1-3. 반도체,CHUNGBUK,단위과제 자율,False,CHILD,,DIRECT,,INFERRED_NO_2025_L_FORMULA,0,07. 기타 지식재산권 등록 건수(디자인권·상표권·실용신안 등),기타 지식재산권 등록 건수(디자인권·상표권·실용신안 등),건,반도체 담당,0.05,1,,225,,,,,NO_2025_L_FORMULA_EVIDENCE,,2025시트 L열 계산식으로는 상위/하위 관계가 직접 확인되지 않아 기존 행순서 기반 추정값 유지
ind_ee81d9446a,ind_e8b8d04362,2. 공동연구센터,1-3. 반도체,CHUNGBUK,단위과제 자율,False,CHILD,,DIRECT,,INFERRED_NO_2025_L_FORMULA,0,08. 지산학연 공동연구를 통해 창출한 기술이전 수익,지산학연 공동연구를 통해 창출한 기술이전 수익,천원,반도체 담당,0.5,20000,,226,,,,,NO_2025_L_FORMULA_EVIDENCE,,2025시트 L열 계산식으로는 상위/하위 관계가 직접 확인되지 않아 기존 행순서 기반 추정값 유지
ind_af0d8a032f,,2. 공동연구센터,1-3. 반도체,CHUNGBUK,단위과제 자율,False,PARENT,AUTO_FROM_CHILDREN,SUM,,INFERRED_NO_2025_L_FORMULA,1,09. 지산학연 공동연구를 통해 창출한 기술이전 건수,지산학연 공동연구를 통해 창출한 기술이전 건수,건,반도체 담당,0.5,9,,227,,,,,NO_2025_L_FORMULA_EVIDENCE,,2025시트 L열 계산식으로는 상위/하위 관계가 직접 확인되지 않아 기존 행순서 기반 추정값 유지
ind_354c6a45db,ind_af0d8a032f,2. 공동연구센터,1-3. 반도체,CHUNGBUK,단위과제 자율,False,CHILD,,DIRECT,,INFERRED_NO_2025_L_FORMULA,0,(신규) 대학 전임교원 수(2. 2. 2. 공동연구센터 참여 교원),대학 전임교원 수(2. 2. 2. 공동연구센터 참여 교원),명,,,1,325(11),228,,,,,NO_2025_L_FORMULA_EVIDENCE,,2025시트 L열 계산식으로는 상위/하위 관계가 직접 확인되지 않아 기존 행순서 기반 추정값 유지
ind_0226a317b4,,2. 공동연구센터,1-3. 반도체,CHUNGBUK,단위과제 자율,False,PARENT,AUTO_FROM_CHILDREN,WEIGHTED_SUM,상위지표,FORMULA_2025_L,2,10. 연구과제 수주 증가율,연구과제 수주 증가율,,,,,,229,SUM((L230*$O$243)+(L231*$O$244)),229,230;231,,FORMULA_PARENT,WEIGHTED_SUM,"2025 L열 수식의 가중치 참조가 하위지표 행과 다름: child L230, weight O243; 2025 L열 수식의 가중치 참조가 하위지표 행과 다름: child L231, weight O244"
ind_33f5a53d0c,ind_0226a317b4,2. 공동연구센터,1-3. 반도체,CHUNGBUK,단위과제 자율,False,CHILD,,DIRECT,하위지표,FORMULA_2025_L,0,11. 1억 이상 연구과제 수주 건수,1억 이상 연구과제 수주 건수,건,반도체 담당,,3,,230,,,,229,FORMULA_CHILD,,
ind_74fe936f82,ind_0226a317b4,2. 공동연구센터,1-3. 반도체,CHUNGBUK,단위과제 자율,False,CHILD,,DIRECT,하위지표,FORMULA_2025_L,0,12. 1억 미만 연구과제 수주 건수,1억 미만 연구과제 수주 건수,건,반도체 담당,,8,,231,,,,229,FORMULA_CHILD,,
ind_60dce2eb97,,2. 공동연구센터,1-3. 반도체,CHUNGBUK,단위과제 자율,False,PARENT,AUTO_FROM_CHILDREN,GROWTH_RATE,,INFERRED_NO_2025_L_FORMULA,3,13. 미래전략산업 학생연구원 참여 증가율,미래전략산업 학생연구원 참여 증가율,,,,,,232,,,,,NO_2025_L_FORMULA_EVIDENCE,,2025시트 L열 계산식으로는 상위/하위 관계가 직접 확인되지 않아 기존 행순서 기반 추정값 유지
ind_858e7fbd49,ind_60dce2eb97,2. 공동연구센터,1-3. 반도체,CHUNGBUK,단위과제 자율,False,CHILD,,DIRECT,,INFERRED_NO_2025_L_FORMULA,0,14. 미래전략산업 학생연구원(학부) 참여자 수,미래전략산업 학생연구원(학부) 참여자 수,명,반도체 담당,,22,,233,,,,,NO_2025_L_FORMULA_EVIDENCE,,2025시트 L열 계산식으로는 상위/하위 관계가 직접 확인되지 않아 기존 행순서 기반 추정값 유지
ind_426c7d1489,ind_60dce2eb97,2. 공동연구센터,1-3. 반도체,CHUNGBUK,단위과제 자율,False,CHILD,,DIRECT,,INFERRED_NO_2025_L_FORMULA,0,15. 미래전략산업 학생연구원(석사) 참여자 수,미래전략산업 학생연구원(석사) 참여자 수,명,반도체 담당,,5,,234,,,,,NO_2025_L_FORMULA_EVIDENCE,,2025시트 L열 계산식으로는 상위/하위 관계가 직접 확인되지 않아 기존 행순서 기반 추정값 유지
ind_42c05f89df,ind_60dce2eb97,2. 공동연구센터,1-3. 반도체,CHUNGBUK,단위과제 자율,False,CHILD,,DIRECT,,INFERRED_NO_2025_L_FORMULA,0,16. 미래전략산업 학생연구원(박사) 참여자 수,미래전략산업 학생연구원(박사) 참여자 수,명,반도체 담당,,1,,235,,,,,NO_2025_L_FORMULA_EVIDENCE,,2025시트 L열 계산식으로는 상위/하위 관계가 직접 확인되지 않아 기존 행순서 기반 추정값 유지
ind_97d4d1e297,,2. 공동연구센터,1-4. 첨단바이오,CHUNGBUK,단위과제 자율,False,PARENT,AUTO_FROM_CHILDREN,GROWTH_RATE,,INFERRED_NO_2025_L_FORMULA,7,01. 지산학연 공동연구 증가율,지산학연 공동연구 증가율,,,,,,236,,,,,NO_2025_L_FORMULA_EVIDENCE,,2025시트 L열 계산식으로는 상위/하위 관계가 직접 확인되지 않아 기존 행순서 기반 추정값 유지
ind_b3637511c8,ind_97d4d1e297,2. 공동연구센터,1-4. 첨단바이오,CHUNGBUK,단위과제 자율,False,CHILD,,DIRECT,,INFERRED_NO_2025_L_FORMULA,0,02. 특허 출원 건수,특허 출원 건수,건,박은경,0.1,18,,237,,,,,NO_2025_L_FORMULA_EVIDENCE,,2025시트 L열 계산식으로는 상위/하위 관계가 직접 확인되지 않아 기존 행순서 기반 추정값 유지
ind_45327acd82,ind_97d4d1e297,2. 공동연구센터,1-4. 첨단바이오,CHUNGBUK,단위과제 자율,False,CHILD,,DIRECT,,INFERRED_NO_2025_L_FORMULA,0,03. 국내 특허 등록 건수,국내 특허 등록 건수,건,박은경,0.2,-,,238,,,,,NO_2025_L_FORMULA_EVIDENCE,,2025시트 L열 계산식으로는 상위/하위 관계가 직접 확인되지 않아 기존 행순서 기반 추정값 유지
ind_82dc89ee83,ind_97d4d1e297,2. 공동연구센터,1-4. 첨단바이오,CHUNGBUK,단위과제 자율,False,CHILD,,DIRECT,,INFERRED_NO_2025_L_FORMULA,0,04. 해외 특허 등록 건수,해외 특허 등록 건수,건,박은경,0.3,1,,239,,,,,NO_2025_L_FORMULA_EVIDENCE,,2025시트 L열 계산식으로는 상위/하위 관계가 직접 확인되지 않아 기존 행순서 기반 추정값 유지
ind_8c9ca7c589,ind_97d4d1e297,2. 공동연구센터,1-4. 첨단바이오,CHUNGBUK,단위과제 자율,False,CHILD,,DIRECT,,INFERRED_NO_2025_L_FORMULA,0,05. (SCI(E)급) 논문 게재 건수,(SCI(E)급) 논문 게재 건수,건,박은경,0.25,1,,240,,,,,NO_2025_L_FORMULA_EVIDENCE,,2025시트 L열 계산식으로는 상위/하위 관계가 직접 확인되지 않아 기존 행순서 기반 추정값 유지
ind_36083b3611,ind_97d4d1e297,2. 공동연구센터,1-4. 첨단바이오,CHUNGBUK,단위과제 자율,False,CHILD,,DIRECT,,INFERRED_NO_2025_L_FORMULA,0,06. (KCI급) 논문 게재 건수,(KCI급) 논문 게재 건수,건,박은경,0.1,11,,241,,,,,NO_2025_L_FORMULA_EVIDENCE,,2025시트 L열 계산식으로는 상위/하위 관계가 직접 확인되지 않아 기존 행순서 기반 추정값 유지
ind_1bf9b094ba,ind_97d4d1e297,2. 공동연구센터,1-4. 첨단바이오,CHUNGBUK,단위과제 자율,False,CHILD,,DIRECT,,INFERRED_NO_2025_L_FORMULA,0,07. 기타 지식재산권 등록 건수(디자인권·상표권·실용신안 등),기타 지식재산권 등록 건수(디자인권·상표권·실용신안 등),건,박은경,0.05,1,,242,,,,,NO_2025_L_FORMULA_EVIDENCE,,2025시트 L열 계산식으로는 상위/하위 관계가 직접 확인되지 않아 기존 행순서 기반 추정값 유지
ind_569570fcc7,ind_97d4d1e297,2. 공동연구센터,1-4. 첨단바이오,CHUNGBUK,단위과제 자율,False,CHILD,,DIRECT,,INFERRED_NO_2025_L_FORMULA,0,08. 지산학연 공동연구를 통해 창출한 기술이전 수익,지산학연 공동연구를 통해 창출한 기술이전 수익,천원,박은경,0.5,24000,,243,,,,,NO_2025_L_FORMULA_EVIDENCE,,2025시트 L열 계산식으로는 상위/하위 관계가 직접 확인되지 않아 기존 행순서 기반 추정값 유지
ind_1e5c60517e,,2. 공동연구센터,1-4. 첨단바이오,CHUNGBUK,단위과제 자율,False,PARENT,AUTO_FROM_CHILDREN,SUM,,INFERRED_NO_2025_L_FORMULA,1,09. 지산학연 공동연구를 통해 창출한 기술이전 건수,지산학연 공동연구를 통해 창출한 기술이전 건수,건,박은경,0.5,9,,244,,,,,NO_2025_L_FORMULA_EVIDENCE,,2025시트 L열 계산식으로는 상위/하위 관계가 직접 확인되지 않아 기존 행순서 기반 추정값 유지
ind_f69c3719ae,ind_1e5c60517e,2. 공동연구센터,1-4. 첨단바이오,CHUNGBUK,단위과제 자율,False,CHILD,,DIRECT,,INFERRED_NO_2025_L_FORMULA,0,(신규) 대학 전임교원 수(2. 2. 2. 공동연구센터 참여 교원),대학 전임교원 수(2. 2. 2. 공동연구센터 참여 교원),명,,,1,325(12),245,,,,,NO_2025_L_FORMULA_EVIDENCE,,2025시트 L열 계산식으로는 상위/하위 관계가 직접 확인되지 않아 기존 행순서 기반 추정값 유지
ind_88e74dfb06,,2. 공동연구센터,1-4. 첨단바이오,CHUNGBUK,단위과제 자율,False,PARENT,AUTO_FROM_CHILDREN,GROWTH_RATE,,INFERRED_NO_2025_L_FORMULA,2,10. 연구과제 수주 증가율,연구과제 수주 증가율,,,,,,246,,,,,NO_2025_L_FORMULA_EVIDENCE,,2025시트 L열 계산식으로는 상위/하위 관계가 직접 확인되지 않아 기존 행순서 기반 추정값 유지
ind_0c528d6173,ind_88e74dfb06,2. 공동연구센터,1-4. 첨단바이오,CHUNGBUK,단위과제 자율,False,CHILD,,DIRECT,,INFERRED_NO_2025_L_FORMULA,0,11. 1억 이상 연구과제 수주 건수,1억 이상 연구과제 수주 건수,건,박은경,,1,,247,,,,,NO_2025_L_FORMULA_EVIDENCE,,2025시트 L열 계산식으로는 상위/하위 관계가 직접 확인되지 않아 기존 행순서 기반 추정값 유지
ind_0b492accf0,ind_88e74dfb06,2. 공동연구센터,1-4. 첨단바이오,CHUNGBUK,단위과제 자율,False,CHILD,,DIRECT,,INFERRED_NO_2025_L_FORMULA,0,12. 1억 미만 연구과제 수주 건수,1억 미만 연구과제 수주 건수,건,박은경,,9,,248,,,,,NO_2025_L_FORMULA_EVIDENCE,,2025시트 L열 계산식으로는 상위/하위 관계가 직접 확인되지 않아 기존 행순서 기반 추정값 유지
ind_d30be1d1ef,,2. 공동연구센터,1-4. 첨단바이오,CHUNGBUK,단위과제 자율,False,PARENT,AUTO_FROM_CHILDREN,GROWTH_RATE,,INFERRED_NO_2025_L_FORMULA,3,13. 미래전략산업 학생연구원 참여 증가율,미래전략산업 학생연구원 참여 증가율,,,,,,249,,,,,NO_2025_L_FORMULA_EVIDENCE,,2025시트 L열 계산식으로는 상위/하위 관계가 직접 확인되지 않아 기존 행순서 기반 추정값 유지
ind_202c95b215,ind_d30be1d1ef,2. 공동연구센터,1-4. 첨단바이오,CHUNGBUK,단위과제 자율,False,CHILD,,DIRECT,,INFERRED_NO_2025_L_FORMULA,0,14. 미래전략산업 학생연구원(학부) 참여자 수,미래전략산업 학생연구원(학부) 참여자 수,명,박은경,,18,,250,,,,,NO_2025_L_FORMULA_EVIDENCE,,2025시트 L열 계산식으로는 상위/하위 관계가 직접 확인되지 않아 기존 행순서 기반 추정값 유지
ind_19a7eba533,ind_d30be1d1ef,2. 공동연구센터,1-4. 첨단바이오,CHUNGBUK,단위과제 자율,False,CHILD,,DIRECT,,INFERRED_NO_2025_L_FORMULA,0,15. 미래전략산업 학생연구원(석사) 참여자 수,미래전략산업 학생연구원(석사) 참여자 수,명,박은경,,10,,251,,,,,NO_2025_L_FORMULA_EVIDENCE,,2025시트 L열 계산식으로는 상위/하위 관계가 직접 확인되지 않아 기존 행순서 기반 추정값 유지
ind_9dee3e7d10,ind_d30be1d1ef,2. 공동연구센터,1-4. 첨단바이오,CHUNGBUK,단위과제 자율,False,CHILD,,DIRECT,,INFERRED_NO_2025_L_FORMULA,0,16. 미래전략산업 학생연구원(박사) 참여자 수,미래전략산업 학생연구원(박사) 참여자 수,명,박은경,,2,,252,,,,,NO_2025_L_FORMULA_EVIDENCE,,2025시트 L열 계산식으로는 상위/하위 관계가 직접 확인되지 않아 기존 행순서 기반 추정값 유지
ind_a222038786,,2. 공동연구센터,1-5. AI첨단제조,CHUNGBUK,단위과제 자율,False,PARENT,DIRECT_INPUT,DIRECT,,INFERRED_NO_2025_L_FORMULA,0,01. 지산학연 공동연구 증가율,지산학연 공동연구 증가율,,,,,,253,,,,,NO_2025_L_FORMULA_EVIDENCE,,2025시트 L열 계산식으로는 상위/하위 관계가 직접 확인되지 않아 기존 행순서 기반 추정값 유지
ind_d8d0e48f0f,,2. 공동연구센터,AI첨단제조,CHUNGBUK,단위과제 자율,False,PARENT,AUTO_FROM_CHILDREN,SUM,,INFERRED_NO_2025_L_FORMULA,6,02. 특허 출원 건수,특허 출원 건수,건,김유진,0.1,1,,254,,,,,NO_2025_L_FORMULA_EVIDENCE,,2025시트 L열 계산식으로는 상위/하위 관계가 직접 확인되지 않아 기존 행순서 기반 추정값 유지
ind_bcb03d5d52,ind_d8d0e48f0f,2. 공동연구센터,AI첨단제조,CHUNGBUK,단위과제 자율,False,CHILD,,DIRECT,,INFERRED_NO_2025_L_FORMULA,0,03. 국내 특허 등록 건수,국내 특허 등록 건수,건,김유진,0.2,1,,255,,,,,NO_2025_L_FORMULA_EVIDENCE,,2025시트 L열 계산식으로는 상위/하위 관계가 직접 확인되지 않아 기존 행순서 기반 추정값 유지
ind_948f2caa9c,ind_d8d0e48f0f,2. 공동연구센터,AI첨단제조,CHUNGBUK,단위과제 자율,False,CHILD,,DIRECT,,INFERRED_NO_2025_L_FORMULA,0,04. 해외 특허 등록 건수,해외 특허 등록 건수,건,김유진,0.3,1,,256,,,,,NO_2025_L_FORMULA_EVIDENCE,,2025시트 L열 계산식으로는 상위/하위 관계가 직접 확인되지 않아 기존 행순서 기반 추정값 유지
ind_da7e78b857,ind_d8d0e48f0f,2. 공동연구센터,AI첨단제조,CHUNGBUK,단위과제 자율,False,CHILD,,DIRECT,,INFERRED_NO_2025_L_FORMULA,0,05. (SCI(E)급) 논문 게재 건수,(SCI(E)급) 논문 게재 건수,건,김유진,0.25,1,,257,,,,,NO_2025_L_FORMULA_EVIDENCE,,2025시트 L열 계산식으로는 상위/하위 관계가 직접 확인되지 않아 기존 행순서 기반 추정값 유지
ind_53f3f2ba8a,ind_d8d0e48f0f,2. 공동연구센터,AI첨단제조,CHUNGBUK,단위과제 자율,False,CHILD,,DIRECT,,INFERRED_NO_2025_L_FORMULA,0,06. (KCI급) 논문 게재 건수,(KCI급) 논문 게재 건수,건,김유진,0.1,1,,258,,,,,NO_2025_L_FORMULA_EVIDENCE,,2025시트 L열 계산식으로는 상위/하위 관계가 직접 확인되지 않아 기존 행순서 기반 추정값 유지
ind_408d09275b,ind_d8d0e48f0f,2. 공동연구센터,AI첨단제조,CHUNGBUK,단위과제 자율,False,CHILD,,DIRECT,,INFERRED_NO_2025_L_FORMULA,0,07. 기타 지식재산권 등록 건수(디자인권·상표권·실용신안 등),기타 지식재산권 등록 건수(디자인권·상표권·실용신안 등),건,김유진,0.05,1,,259,,,,,NO_2025_L_FORMULA_EVIDENCE,,2025시트 L열 계산식으로는 상위/하위 관계가 직접 확인되지 않아 기존 행순서 기반 추정값 유지
ind_78ea149040,ind_d8d0e48f0f,2. 공동연구센터,AI첨단제조,CHUNGBUK,단위과제 자율,False,CHILD,,DIRECT,,INFERRED_NO_2025_L_FORMULA,0,08. 지산학연 공동연구를 통해 창출한 기술이전 수익,지산학연 공동연구를 통해 창출한 기술이전 수익,천원,김유진,0.5,15000,,260,,,,,NO_2025_L_FORMULA_EVIDENCE,,2025시트 L열 계산식으로는 상위/하위 관계가 직접 확인되지 않아 기존 행순서 기반 추정값 유지
ind_fd3cdd933b,,2. 공동연구센터,AI첨단제조,CHUNGBUK,단위과제 자율,False,PARENT,AUTO_FROM_CHILDREN,SUM,,INFERRED_NO_2025_L_FORMULA,1,09. 지산학연 공동연구를 통해 창출한 기술이전 건수,지산학연 공동연구를 통해 창출한 기술이전 건수,건,김유진,0.5,1,,261,,,,,NO_2025_L_FORMULA_EVIDENCE,,2025시트 L열 계산식으로는 상위/하위 관계가 직접 확인되지 않아 기존 행순서 기반 추정값 유지
ind_8bf52dbf2d,ind_fd3cdd933b,2. 공동연구센터,AI첨단제조,CHUNGBUK,단위과제 자율,False,CHILD,,DIRECT,,INFERRED_NO_2025_L_FORMULA,0,(신규) 대학 전임교원 수(2. 2. 2. 공동연구센터 참여 교원),대학 전임교원 수(2. 2. 2. 공동연구센터 참여 교원),명,,,1,325(5),262,,,,,NO_2025_L_FORMULA_EVIDENCE,,2025시트 L열 계산식으로는 상위/하위 관계가 직접 확인되지 않아 기존 행순서 기반 추정값 유지
ind_2638455c18,,2. 공동연구센터,AI첨단제조,CHUNGBUK,단위과제 자율,False,PARENT,AUTO_FROM_CHILDREN,GROWTH_RATE,,INFERRED_NO_2025_L_FORMULA,2,10. 연구과제 수주 증가율,연구과제 수주 증가율,,김유진,,1,,263,,,,,NO_2025_L_FORMULA_EVIDENCE,,2025시트 L열 계산식으로는 상위/하위 관계가 직접 확인되지 않아 기존 행순서 기반 추정값 유지
ind_6ec076dcef,ind_2638455c18,2. 공동연구센터,AI첨단제조,CHUNGBUK,단위과제 자율,False,CHILD,,DIRECT,,INFERRED_NO_2025_L_FORMULA,0,11. 1억 이상 연구과제 수주 건수,1억 이상 연구과제 수주 건수,건,김유진,,1,,264,,,,,NO_2025_L_FORMULA_EVIDENCE,,2025시트 L열 계산식으로는 상위/하위 관계가 직접 확인되지 않아 기존 행순서 기반 추정값 유지
ind_1be8f7dca8,ind_2638455c18,2. 공동연구센터,AI첨단제조,CHUNGBUK,단위과제 자율,False,CHILD,,DIRECT,,INFERRED_NO_2025_L_FORMULA,0,12. 1억 미만 연구과제 수주 건수,1억 미만 연구과제 수주 건수,건,김유진,,1,,265,,,,,NO_2025_L_FORMULA_EVIDENCE,,2025시트 L열 계산식으로는 상위/하위 관계가 직접 확인되지 않아 기존 행순서 기반 추정값 유지
ind_0810b3703e,,2. 공동연구센터,AI첨단제조,CHUNGBUK,단위과제 자율,False,PARENT,AUTO_FROM_CHILDREN,GROWTH_RATE,,INFERRED_NO_2025_L_FORMULA,3,13. 미래전략산업 학생연구원 참여 증가율,미래전략산업 학생연구원 참여 증가율,,김유진,,1,,266,,,,,NO_2025_L_FORMULA_EVIDENCE,,2025시트 L열 계산식으로는 상위/하위 관계가 직접 확인되지 않아 기존 행순서 기반 추정값 유지
ind_409ed4a36a,ind_0810b3703e,2. 공동연구센터,AI첨단제조,CHUNGBUK,단위과제 자율,False,CHILD,,DIRECT,,INFERRED_NO_2025_L_FORMULA,0,14. 미래전략산업 학생연구원(학부) 참여자 수,미래전략산업 학생연구원(학부) 참여자 수,명,김유진,,1,,267,,,,,NO_2025_L_FORMULA_EVIDENCE,,2025시트 L열 계산식으로는 상위/하위 관계가 직접 확인되지 않아 기존 행순서 기반 추정값 유지
ind_37112e96d7,ind_0810b3703e,2. 공동연구센터,AI첨단제조,CHUNGBUK,단위과제 자율,False,CHILD,,DIRECT,,INFERRED_NO_2025_L_FORMULA,0,15. 미래전략산업 학생연구원(석사) 참여자 수,미래전략산업 학생연구원(석사) 참여자 수,명,김유진,,1,,268,,,,,NO_2025_L_FORMULA_EVIDENCE,,2025시트 L열 계산식으로는 상위/하위 관계가 직접 확인되지 않아 기존 행순서 기반 추정값 유지
ind_e2caef8896,ind_0810b3703e,2. 공동연구센터,AI첨단제조,CHUNGBUK,단위과제 자율,False,CHILD,,DIRECT,,INFERRED_NO_2025_L_FORMULA,0,16. 미래전략산업 학생연구원(박사) 참여자 수,미래전략산업 학생연구원(박사) 참여자 수,명,김유진,,1,,269,,,,,NO_2025_L_FORMULA_EVIDENCE,,2025시트 L열 계산식으로는 상위/하위 관계가 직접 확인되지 않아 기존 행순서 기반 추정값 유지
ind_1f2f7d1fcb,,2. 공동연구센터,AI모빌리티,UNIVERSITY,대학 자율,False,PARENT,AUTO_FROM_CHILDREN,WEIGHTED_SUM,상위지표,FORMULA_2025_L,0,01. 공동연구센터 운영 실적,공동연구센터 운영 실적,값,정은제,,49,,270,L271*O271+L272*O272+L273*O273,270,271;272;273,,FORMULA_PARENT,WEIGHTED_SUM,
ind_7c5d312566,ind_1f2f7d1fcb,2. 공동연구센터,AI모빌리티,UNIVERSITY,대학 자율,False,CHILD,,DIRECT,하위지표,FORMULA_2025_L,2,2. 2. 2. 공동연구센터 특화 프로그램 운영 수,2. 2. 공동연구센터 특화 프로그램 운영 수,건,정은제,1,,,271,,,,270,FORMULA_CHILD,,
ind_e2f1df45b4,ind_1f2f7d1fcb,2. 공동연구센터,AI모빌리티,UNIVERSITY,대학 자율,False,CHILD,,DIRECT,하위지표,FORMULA_2025_L,0,기업지원 활동 건수,기업지원 활동 건수,건,"정은제, 성하나",1,,,272,,,,270,FORMULA_CHILD,,
ind_41fe7d6e42,ind_1f2f7d1fcb,2. 공동연구센터,AI모빌리티,UNIVERSITY,대학 자율,False,CHILD,,DIRECT,하위지표,FORMULA_2025_L,0,타 센터 및 기관과의 협업 활동 건수,타 센터 및 기관과의 협업 활동 건수,건,정은제,1,,,273,,,,270,FORMULA_CHILD,,
ind_fbabb7187d,,2. 공동연구센터,AI모빌리티,UNIVERSITY,대학 자율,False,PARENT,AUTO_FROM_CHILDREN,WEIGHTED_SUM,상위지표,FORMULA_2025_L,3,02. 공용장비 확산 지수,공용장비 확산 지수,값,정은제,,34,,274,L275*O275+L276*O276+L277*O277,274,275;276;277,,FORMULA_PARENT,WEIGHTED_SUM,
ind_afa43a8a15,ind_fbabb7187d,2. 공동연구센터,AI모빌리티,UNIVERSITY,대학 자율,False,CHILD,,DIRECT,하위지표,FORMULA_2025_L,0,공동활용 연구장비 활용 기업 수,공동활용 연구장비 활용 기업 수,건,정은제,0.6,,,275,,,,274,FORMULA_CHILD,,
ind_d046144c89,ind_fbabb7187d,2. 공동연구센터,AI모빌리티,UNIVERSITY,대학 자율,False,CHILD,,DIRECT,하위지표,FORMULA_2025_L,0,공동활용 연구장비 관련 교육 건수,공동활용 연구장비 관련 교육 건수,건,정은제,0.3,,,276,,,,274,FORMULA_CHILD,,
ind_117dd44673,ind_fbabb7187d,2. 공동연구센터,AI모빌리티,UNIVERSITY,대학 자율,False,CHILD,,DIRECT,하위지표,FORMULA_2025_L,0,공동활용 연구장비 관련 교육 이수자 수,공동활용 연구장비 관련 교육 이수자 수,명,정은제,0.1,,,277,,,,274,FORMULA_CHILD,,
ind_e1865f78cb,,2. 공동연구센터,AI모빌리티,UNIVERSITY,대학 자율,False,PARENT,AUTO_FROM_CHILDREN,WEIGHTED_SUM,상위지표,FORMULA_2025_L,2,03. 지산학연 협력 협의체 운영 지수,지산학연 협력 협의체 운영 지수,값,정은제,,14,,278,L279*O279+L280*O280,278,279;280,,FORMULA_PARENT,WEIGHTED_SUM,
ind_611c20380f,ind_e1865f78cb,2. 공동연구센터,AI모빌리티,UNIVERSITY,대학 자율,False,CHILD,,DIRECT,하위지표,FORMULA_2025_L,0,지산학연 관련 협의체 개최 건수,지산학연 관련 협의체 개최 건수,건,정은제,0.4,,,279,,,,278,FORMULA_CHILD,,
ind_88af852233,ind_e1865f78cb,2. 공동연구센터,AI모빌리티,UNIVERSITY,대학 자율,False,CHILD,,DIRECT,하위지표,FORMULA_2025_L,0,지산학연 관련 협의체 참여자 수,지산학연 관련 협의체 참여자 수,명,정은제,0.6,,,280,,,,278,FORMULA_CHILD,,
ind_bc5f187296,,2. 공동연구센터,첨단바이오,UNIVERSITY,대학 자율,False,PARENT,AUTO_FROM_CHILDREN,SUM,,INFERRED_NO_2025_L_FORMULA,1,01. 애로기술지도 건수,애로기술지도 건수,건,성하나,10,10,,281,,,,,NO_2025_L_FORMULA_EVIDENCE,,2025시트 L열 계산식으로는 상위/하위 관계가 직접 확인되지 않아 기존 행순서 기반 추정값 유지
ind_33756a47fc,ind_bc5f187296,2. 공동연구센터,첨단바이오,UNIVERSITY,대학 자율,False,CHILD,,DIRECT,,INFERRED_NO_2025_L_FORMULA,0,02. 시제품제작지원 건수,시제품제작지원 건수,건,성하나,2,2,,282,,,,,NO_2025_L_FORMULA_EVIDENCE,,2025시트 L열 계산식으로는 상위/하위 관계가 직접 확인되지 않아 기존 행순서 기반 추정값 유지
ind_0e1dcefda8,,2. 공동연구센터,이차전지,UNIVERSITY,대학 자율,False,PARENT,AUTO_FROM_CHILDREN,SUM,,INFERRED_NO_2025_L_FORMULA,1,01. 애로기술지도 건수,애로기술지도 건수,건,성하나,10,10,,283,,,,,NO_2025_L_FORMULA_EVIDENCE,,2025시트 L열 계산식으로는 상위/하위 관계가 직접 확인되지 않아 기존 행순서 기반 추정값 유지
ind_1bce423f44,ind_0e1dcefda8,2. 공동연구센터,이차전지,UNIVERSITY,대학 자율,False,CHILD,,DIRECT,,INFERRED_NO_2025_L_FORMULA,0,02. 시제품제작지원 건수,시제품제작지원 건수,건,성하나,2,2,,284,,,,,NO_2025_L_FORMULA_EVIDENCE,,2025시트 L열 계산식으로는 상위/하위 관계가 직접 확인되지 않아 기존 행순서 기반 추정값 유지
ind_926222d498,,2. 공동연구센터,반도체,UNIVERSITY,대학 자율,False,PARENT,AUTO_FROM_CHILDREN,SUM,,INFERRED_NO_2025_L_FORMULA,1,01. 애로기술지도 건수,애로기술지도 건수,건,성하나,0.2,5,,285,,,,,NO_2025_L_FORMULA_EVIDENCE,,2025시트 L열 계산식으로는 상위/하위 관계가 직접 확인되지 않아 기존 행순서 기반 추정값 유지
ind_2863691797,ind_926222d498,2. 공동연구센터,반도체,UNIVERSITY,대학 자율,False,CHILD,,DIRECT,,INFERRED_NO_2025_L_FORMULA,0,02. 시제품제작지원 건수,시제품제작지원 건수,건,성하나,0.2,2,,286,,,,,NO_2025_L_FORMULA_EVIDENCE,,2025시트 L열 계산식으로는 상위/하위 관계가 직접 확인되지 않아 기존 행순서 기반 추정값 유지
ind_a45aabad04,,2. 공동연구센터,AI첨단제조,UNIVERSITY,대학 자율,False,PARENT,AUTO_FROM_CHILDREN,WEIGHTED_SUM,상위지표,FORMULA_2025_L,0,01. 공동연구센터 운영 실적,공동연구센터 운영 실적,값,김유진,,0,,287,L288*O288+L289*O289+L290*O290,287,288;289;290,,FORMULA_PARENT,WEIGHTED_SUM,
ind_8c1d0f31bd,ind_a45aabad04,2. 공동연구센터,AI첨단제조,UNIVERSITY,대학 자율,False,CHILD,,DIRECT,하위지표,FORMULA_2025_L,2,2. 공동연구센터 특화 프로그램 운영 수,공동연구센터 특화 프로그램 운영 수,건,김유진,1,,,288,,,,287,FORMULA_CHILD,,
ind_66ae0b930c,ind_a45aabad04,2. 공동연구센터,AI첨단제조,UNIVERSITY,대학 자율,False,CHILD,,DIRECT,하위지표,FORMULA_2025_L,0,기업지원 활동 건수,기업지원 활동 건수,건,"김유진, 성하나",1,,,289,,,,287,FORMULA_CHILD,,
ind_9bbbcc0c0b,ind_a45aabad04,2. 공동연구센터,AI첨단제조,UNIVERSITY,대학 자율,False,CHILD,,DIRECT,하위지표,FORMULA_2025_L,0,타 센터 및 기관과의 협업 활동 건수,타 센터 및 기관과의 협업 활동 건수,건,김유진,1,,,290,,,,287,FORMULA_CHILD,,
ind_e10845a474,,2. 공동연구센터,AI첨단제조,UNIVERSITY,대학 자율,False,PARENT,AUTO_FROM_CHILDREN,WEIGHTED_SUM,상위지표,FORMULA_2025_L,3,02. 공용장비 확산 지수,공용장비 확산 지수,값,김유진,,0,,291,L292*O292+L293*O293+L294*O294,291,292;293;294,,FORMULA_PARENT,WEIGHTED_SUM,
ind_2ec26fc92f,ind_e10845a474,2. 공동연구센터,AI첨단제조,UNIVERSITY,대학 자율,False,CHILD,,DIRECT,하위지표,FORMULA_2025_L,0,공동활용 연구장비 활용 기업 수,공동활용 연구장비 활용 기업 수,건,김유진,0.6,,,292,,,,291,FORMULA_CHILD,,
ind_0f41279f26,ind_e10845a474,2. 공동연구센터,AI첨단제조,UNIVERSITY,대학 자율,False,CHILD,,DIRECT,하위지표,FORMULA_2025_L,0,공동활용 연구장비 관련 교육 건수,공동활용 연구장비 관련 교육 건수,건,김유진,0.3,,,293,,,,291,FORMULA_CHILD,,
ind_137b9f2e9f,ind_e10845a474,2. 공동연구센터,AI첨단제조,UNIVERSITY,대학 자율,False,CHILD,,DIRECT,하위지표,FORMULA_2025_L,0,공동활용 연구장비 관련 교육 이수자 수,공동활용 연구장비 관련 교육 이수자 수,명,김유진,0.1,,,294,,,,291,FORMULA_CHILD,,
ind_c0b858f0bd,,2. 공동연구센터,AI첨단제조,UNIVERSITY,대학 자율,False,PARENT,AUTO_FROM_CHILDREN,WEIGHTED_SUM,상위지표,FORMULA_2025_L,2,03. 지산학연 협력 협의체 운영 지수,지산학연 협력 협의체 운영 지수,값,김유진,,0,,295,L296*O296+L297*O297,295,296;297,,FORMULA_PARENT,WEIGHTED_SUM,
ind_ef55d12bc2,ind_c0b858f0bd,2. 공동연구센터,AI첨단제조,UNIVERSITY,대학 자율,False,CHILD,,DIRECT,하위지표,FORMULA_2025_L,0,지산학연 관련 협의체 개최 건수,지산학연 관련 협의체 개최 건수,건,김유진,0.4,,,296,,,,295,FORMULA_CHILD,,
ind_f4e26e806f,ind_c0b858f0bd,2. 공동연구센터,AI첨단제조,UNIVERSITY,대학 자율,False,CHILD,,DIRECT,하위지표,FORMULA_2025_L,0,지산학연 관련 협의체 참여자 수,지산학연 관련 협의체 참여자 수,명,김유진,0.6,,,297,,,,295,FORMULA_CHILD,,
ind_ee172307da,,2.1. 창업지원센터,창업지원센터,CHUNGBUK,단위과제 자율,False,PARENT,AUTO_FROM_CHILDREN,GROWTH_RATE,,INFERRED_NO_2025_L_FORMULA,4,01. 학생·교원 창업기업 수 및 매출액 증가율,학생·교원 창업기업 수 및 매출액 증가율,%,,,,,298,,,,,NO_2025_L_FORMULA_EVIDENCE,,2025시트 L열 계산식으로는 상위/하위 관계가 직접 확인되지 않아 기존 행순서 기반 추정값 유지
ind_0f6b577be5,ind_ee172307da,2.1. 창업지원센터,창업지원센터,CHUNGBUK,단위과제 자율,False,CHILD,,DIRECT,,INFERRED_NO_2025_L_FORMULA,0,02. 지역 학생·교원 창업기업 수,지역 학생·교원 창업기업 수,기업수,이은주,,2,,299,,,,,NO_2025_L_FORMULA_EVIDENCE,,2025시트 L열 계산식으로는 상위/하위 관계가 직접 확인되지 않아 기존 행순서 기반 추정값 유지
ind_d878abb4f0,ind_ee172307da,2.1. 창업지원센터,창업지원센터,CHUNGBUK,단위과제 자율,False,CHILD,,DIRECT,,INFERRED_NO_2025_L_FORMULA,0,03. 지역 학생·교원 창업기업의 연간 매출액 총계,지역 학생·교원 창업기업의 연간 매출액 총계,천원,이은주,,23920,,300,,,,,NO_2025_L_FORMULA_EVIDENCE,,2025시트 L열 계산식으로는 상위/하위 관계가 직접 확인되지 않아 기존 행순서 기반 추정값 유지
ind_795d68efdf,ind_ee172307da,2.1. 창업지원센터,창업지원센터,UNIVERSITY,대학 자율,False,CHILD,,DIRECT,,INFERRED_NO_2025_L_FORMULA,0,01. 창업 프로그램 운영 건수,창업 프로그램 운영 건수,건,이은주,1,9,15->11,301,,,,,NO_2025_L_FORMULA_EVIDENCE,,2025시트 L열 계산식으로는 상위/하위 관계가 직접 확인되지 않아 기존 행순서 기반 추정값 유지
ind_3bd62e1184,ind_ee172307da,2.1. 창업지원센터,창업지원센터,UNIVERSITY,대학 자율,False,CHILD,,DIRECT,,INFERRED_NO_2025_L_FORMULA,0,02. 창업 강좌 이수자 수,창업 강좌 이수자 수,명,이은주,1,1014,,302,,,,,NO_2025_L_FORMULA_EVIDENCE,,2025시트 L열 계산식으로는 상위/하위 관계가 직접 확인되지 않아 기존 행순서 기반 추정값 유지
ind_c880502cd6,,2.2. 방사광가속기,4세대 방사광 가속기,CHUNGBUK,단위과제 자율,False,PARENT,AUTO_FROM_CHILDREN,GROWTH_RATE,,INFERRED_NO_2025_L_FORMULA,5,01. 방사광가속기 연구 관련 학생연구원 참여 증가율,방사광가속기 연구 관련 학생연구원 참여 증가율,,,,,,303,,,,,NO_2025_L_FORMULA_EVIDENCE,,2025시트 L열 계산식으로는 상위/하위 관계가 직접 확인되지 않아 기존 행순서 기반 추정값 유지
ind_241fa5ec3e,ind_c880502cd6,2.2. 방사광가속기,4세대 방사광 가속기,CHUNGBUK,단위과제 자율,False,CHILD,,DIRECT,,INFERRED_NO_2025_L_FORMULA,0,02. 방사광가속기 연구 관련 학생연구원(학부) 참여자 수,방사광가속기 연구 관련 학생연구원(학부) 참여자 수,명,김유진,,2,,304,,,,,NO_2025_L_FORMULA_EVIDENCE,,2025시트 L열 계산식으로는 상위/하위 관계가 직접 확인되지 않아 기존 행순서 기반 추정값 유지
ind_05375f333e,ind_c880502cd6,2.2. 방사광가속기,4세대 방사광 가속기,CHUNGBUK,단위과제 자율,False,CHILD,,DIRECT,,INFERRED_NO_2025_L_FORMULA,0,03. 방사광가속기 연구 관련 학생연구원(석사) 참여자 수,방사광가속기 연구 관련 학생연구원(석사) 참여자 수,명,김유진,,1,,305,,,,,NO_2025_L_FORMULA_EVIDENCE,,2025시트 L열 계산식으로는 상위/하위 관계가 직접 확인되지 않아 기존 행순서 기반 추정값 유지
ind_56cf674201,ind_c880502cd6,2.2. 방사광가속기,4세대 방사광 가속기,CHUNGBUK,단위과제 자율,False,PARENT,AUTO_FROM_CHILDREN,WEIGHTED_SUM,상위지표,FORMULA_2025_L,0,04. 방사광가속기 연구 관련 학생연구원(박사) 참여자 수,방사광가속기 연구 관련 학생연구원(박사) 참여자 수,명,김유진,,1,,306,L307*O307+L308*O308,306,307;308,,FORMULA_PARENT,WEIGHTED_SUM,
ind_0f06500385,ind_56cf674201,2.2. 방사광가속기,4세대 방사광 가속기,CHUNGBUK,단위과제 자율,False,CHILD,,DIRECT,하위지표,FORMULA_2025_L,0,05. 방사광가속기 관련 석사학위 취득자 수,방사광가속기 관련 석사학위 취득자 수,명,김유진,,1,,307,,,,306,FORMULA_CHILD,,
ind_a9076a4900,ind_56cf674201,2.2. 방사광가속기,4세대 방사광 가속기,CHUNGBUK,단위과제 자율,False,CHILD,,DIRECT,하위지표,FORMULA_2025_L,0,06. 방사광가속기 관련 박사학위 취득자 수,방사광가속기 관련 박사학위 취득자 수,명,김유진,,1,,308,,,,306,FORMULA_CHILD,,
ind_a204adeab7,,2.2. 방사광가속기,4세대 방사광 가속기,UNIVERSITY,대학 자율,False,PARENT,AUTO_FROM_CHILDREN,WEIGHTED_SUM,상위지표,FORMULA_2025_L,1,01. 방사광가속기 교과목 운영 건수 증가율,방사광가속기 교과목 운영 건수 증가율,값,김유진,,0,,309,L310*O310+L311*O311,309,310;311,,FORMULA_PARENT,WEIGHTED_SUM,
ind_9a6500e4e4,ind_a204adeab7,2.2. 방사광가속기,4세대 방사광 가속기,UNIVERSITY,대학 자율,False,CHILD,,DIRECT,하위지표,FORMULA_2025_L,0,방사광가속기 교과목 운영(개설) 건수,방사광가속기 교과목 운영(개설) 건수,건,김유진,1,0,,310,,,,309,FORMULA_CHILD,,
ind_0ab48663a6,ind_a204adeab7,2.2. 방사광가속기,4세대 방사광 가속기,UNIVERSITY,대학 자율,False,CHILD,,DIRECT,하위지표,FORMULA_2025_L,2,02. 방사광가속기 연구논문 건수 증가율,방사광가속기 연구논문 건수 증가율,값,김유진,,0,,311,,,,309,FORMULA_CHILD,,
ind_43c851a668,ind_0ab48663a6,2.2. 방사광가속기,4세대 방사광 가속기,UNIVERSITY,대학 자율,False,CHILD,,DIRECT,,INFERRED_NO_2025_L_FORMULA,0,방사광가속기와 관련된 교수 1인당 연구논문 게재 건수 (SCI(E)급),방사광가속기와 관련된 교수 1인당 연구논문 게재 건수 (SCI(E)급),건,김유진,0.7,,,312,,,,,NO_2025_L_FORMULA_EVIDENCE,,2025시트 L열 계산식으로는 상위/하위 관계가 직접 확인되지 않아 기존 행순서 기반 추정값 유지
ind_99b445b1ba,ind_0ab48663a6,2.2. 방사광가속기,4세대 방사광 가속기,UNIVERSITY,대학 자율,False,CHILD,,DIRECT,,INFERRED_NO_2025_L_FORMULA,0,방사광가속기와 관련된 교수 1인당 연구논문 게재 건수 (KCI급),방사광가속기와 관련된 교수 1인당 연구논문 게재 건수 (KCI급),건,김유진,0.3,,,313,,,,,NO_2025_L_FORMULA_EVIDENCE,,2025시트 L열 계산식으로는 상위/하위 관계가 직접 확인되지 않아 기존 행순서 기반 추정값 유지
ind_08e42dae0c,,2.2. 방사광가속기,4세대 방사광 가속기,UNIVERSITY,대학 자율,False,PARENT,AUTO_FROM_CHILDREN,GROWTH_RATE,,INFERRED_NO_2025_L_FORMULA,2,03. 방사광가속기 분야 산업체 재직자 교육 증가율,방사광가속기 분야 산업체 재직자 교육 증가율,값,김유진,,0,,314,,,,,NO_2025_L_FORMULA_EVIDENCE,,2025시트 L열 계산식으로는 상위/하위 관계가 직접 확인되지 않아 기존 행순서 기반 추정값 유지
ind_f65fc3e530,ind_08e42dae0c,2.2. 방사광가속기,4세대 방사광 가속기,UNIVERSITY,대학 자율,False,CHILD,,DIRECT,,INFERRED_NO_2025_L_FORMULA,0,방사광가속기 관련 산업체 재직자 교육 건수,방사광가속기 관련 산업체 재직자 교육 건수,건,김유진,0.9,,,315,,,,,NO_2025_L_FORMULA_EVIDENCE,,2025시트 L열 계산식으로는 상위/하위 관계가 직접 확인되지 않아 기존 행순서 기반 추정값 유지
ind_91d631236c,ind_08e42dae0c,2.2. 방사광가속기,4세대 방사광 가속기,UNIVERSITY,대학 자율,False,CHILD,,DIRECT,,INFERRED_NO_2025_L_FORMULA,0,방사광가속기 관련 산업체 재직자 교육 참여자 수,방사광가속기 관련 산업체 재직자 교육 참여자 수,명,김유진,0.1,,,316,,,,,NO_2025_L_FORMULA_EVIDENCE,,2025시트 L열 계산식으로는 상위/하위 관계가 직접 확인되지 않아 기존 행순서 기반 추정값 유지
ind_49e1481928,,3. 평생교육,평생직업교육체계 활성화,PROJECT,지역 전체,False,PARENT,DIRECT_INPUT,DIRECT,,INFERRED_NO_2025_L_FORMULA,0,01. 성인 학습자 고등교육 참여율,성인 학습자 고등교육 참여율,,,,,,317,,,,,NO_2025_L_FORMULA_EVIDENCE,,2025시트 L열 계산식으로는 상위/하위 관계가 직접 확인되지 않아 기존 행순서 기반 추정값 유지
ind_8fc0a101fa,,3. 평생교육,평생직업교육체계 활성화,PROJECT,지역 전체,False,PARENT,AUTO_FROM_CHILDREN,SUM,,INFERRED_NO_2025_L_FORMULA,1,02. 고등교육기관 재적자 중 성인 학습자(만 30세 이상)의 수,고등교육기관 재적자 중 성인 학습자(만 30세 이상)의 수,명,미래융합대학,,1063,,318,,,,,NO_2025_L_FORMULA_EVIDENCE,,2025시트 L열 계산식으로는 상위/하위 관계가 직접 확인되지 않아 기존 행순서 기반 추정값 유지
ind_6497eb38a9,ind_8fc0a101fa,3. 평생교육,평생직업교육체계 활성화,PROJECT,지역 전체,False,CHILD,,DIRECT,,INFERRED_NO_2025_L_FORMULA,0,(신규) 고등교육기관 재적자 수,고등교육기관 재적자 수,명,센터,,0,신규,319,,,,,NO_2025_L_FORMULA_EVIDENCE,,2025시트 L열 계산식으로는 상위/하위 관계가 직접 확인되지 않아 기존 행순서 기반 추정값 유지
ind_5724f51ec1,,3. 평생교육,평생직업교육체계 활성화,CHUNGBUK,단위과제 자율,False,PARENT,AUTO_FROM_CHILDREN,GROWTH_RATE,,INFERRED_NO_2025_L_FORMULA,6,"03. 성인 학습자 교육 이수 증가율(학위, 비학위)","성인 학습자 교육 이수 증가율(학위, 비학위)",,,,,,320,,,,,NO_2025_L_FORMULA_EVIDENCE,,2025시트 L열 계산식으로는 상위/하위 관계가 직접 확인되지 않아 기존 행순서 기반 추정값 유지
ind_751912f4fd,ind_5724f51ec1,3. 평생교육,평생직업교육체계 활성화,CHUNGBUK,단위과제 자율,False,CHILD,,DIRECT,,INFERRED_NO_2025_L_FORMULA,0,04. 성인 학습자 평생직업교육 학위과정 이수자 수,성인 학습자 평생직업교육 학위과정 이수자 수,명,미래융합대학,,290,,321,,,,,NO_2025_L_FORMULA_EVIDENCE,,2025시트 L열 계산식으로는 상위/하위 관계가 직접 확인되지 않아 기존 행순서 기반 추정값 유지
ind_4a3f11c4f0,ind_5724f51ec1,3. 평생교육,평생직업교육체계 활성화,CHUNGBUK,단위과제 자율,False,CHILD,,DIRECT,,INFERRED_NO_2025_L_FORMULA,0,05. 성인 학습자 평생직업교육 비학위과정 이수자 수,성인 학습자 평생직업교육 비학위과정 이수자 수,명,미래융합대학,,63,,322,,,,,NO_2025_L_FORMULA_EVIDENCE,,2025시트 L열 계산식으로는 상위/하위 관계가 직접 확인되지 않아 기존 행순서 기반 추정값 유지
ind_1f40834d05,ind_5724f51ec1,3. 평생교육,평생직업교육체계 활성화,CHUNGBUK,단위과제 자율,False,CHILD,,DIRECT,,INFERRED_NO_2025_L_FORMULA,0,06. 성인 학습자 평생직업교육 학습자 수,성인 학습자 평생직업교육 학습자 수,명,미래융합대학,,353,,323,,,,,NO_2025_L_FORMULA_EVIDENCE,,2025시트 L열 계산식으로는 상위/하위 관계가 직접 확인되지 않아 기존 행순서 기반 추정값 유지
ind_15640418f1,ind_5724f51ec1,3. 평생교육,평생직업교육체계 활성화,UNIVERSITY,대학 자율,False,CHILD,,DIRECT,,INFERRED_NO_2025_L_FORMULA,0,01. 성인학습자(재직자) 교육과정 프로그램 만족도,성인학습자(재직자) 교육과정 프로그램 만족도,점,미래융합대학,1,90,,324,,,,,NO_2025_L_FORMULA_EVIDENCE,,2025시트 L열 계산식으로는 상위/하위 관계가 직접 확인되지 않아 기존 행순서 기반 추정값 유지
ind_977ed33e60,ind_5724f51ec1,3. 평생교육,평생직업교육체계 활성화,UNIVERSITY,대학 자율,False,CHILD,,DIRECT,,INFERRED_NO_2025_L_FORMULA,0,02. 성인학습자(재직자) 대상 교육운영 건수,성인학습자(재직자) 대상 교육운영 건수,건,미래융합대학,1,12,,325,,,,,NO_2025_L_FORMULA_EVIDENCE,,2025시트 L열 계산식으로는 상위/하위 관계가 직접 확인되지 않아 기존 행순서 기반 추정값 유지
ind_88b1c19c5a,ind_5724f51ec1,3. 평생교육,평생직업교육체계 활성화,UNIVERSITY,대학 자율,False,CHILD,,DIRECT,,INFERRED_NO_2025_L_FORMULA,0,03. 성인학습자(재직자) 대상 교육 참여산업체 수,성인학습자(재직자) 대상 교육 참여산업체 수,개,미래융합대학,1,14,,326,,,,,NO_2025_L_FORMULA_EVIDENCE,,2025시트 L열 계산식으로는 상위/하위 관계가 직접 확인되지 않아 기존 행순서 기반 추정값 유지
ind_5b2c99531e,,4. 지역현안해결,K-유학생,PROJECT,지역 전체,False,PARENT,AUTO_FROM_CHILDREN,SUM,,INFERRED_NO_2025_L_FORMULA,2,01. 지역혁신체제 만족도,지역혁신체제 만족도,점,센터,,,,327,,,,,NO_2025_L_FORMULA_EVIDENCE,,2025시트 L열 계산식으로는 상위/하위 관계가 직접 확인되지 않아 기존 행순서 기반 추정값 유지
ind_05db27d396,ind_5b2c99531e,4. 지역현안해결,K-유학생,PROJECT,지역 전체,False,CHILD,,DIRECT,,INFERRED_NO_2025_L_FORMULA,0,사업 참여자 만족도 점수 합계(100점 환산),사업 참여자 만족도 점수 합계(100점 환산),점,센터,,,,328,,,,,NO_2025_L_FORMULA_EVIDENCE,,2025시트 L열 계산식으로는 상위/하위 관계가 직접 확인되지 않아 기존 행순서 기반 추정값 유지
ind_8bc1ffeaef,ind_5b2c99531e,4. 지역현안해결,K-유학생,PROJECT,지역 전체,False,CHILD,,DIRECT,,INFERRED_NO_2025_L_FORMULA,0,만족도 참여자 수,만족도 참여자 수,명,센터,,,신규,329,,,,,NO_2025_L_FORMULA_EVIDENCE,,2025시트 L열 계산식으로는 상위/하위 관계가 직접 확인되지 않아 기존 행순서 기반 추정값 유지
ind_e91aa04111,,4. 지역현안해결,K-유학생,PROJECT,지역 전체,False,PARENT,DIRECT_INPUT,DIRECT,,INFERRED_NO_2025_L_FORMULA,0,02. 지역 외 표준현장실습 참여 학생 증가율,지역 외 표준현장실습 참여 학생 증가율,%,유혜정,,1,,330,,,,,NO_2025_L_FORMULA_EVIDENCE,,2025시트 L열 계산식으로는 상위/하위 관계가 직접 확인되지 않아 기존 행순서 기반 추정값 유지
ind_6d30ca5c9c,,4. 지역현안해결,K-유학생,PROJECT,지역 전체,False,PARENT,AUTO_FROM_CHILDREN,GROWTH_RATE,,INFERRED_NO_2025_L_FORMULA,6,02. 지역 내 표준현장실습 참여 학생 증가율,지역 내 표준현장실습 참여 학생 증가율,%,유혜정,,1,,331,,,,,NO_2025_L_FORMULA_EVIDENCE,,2025시트 L열 계산식으로는 상위/하위 관계가 직접 확인되지 않아 기존 행순서 기반 추정값 유지
ind_f5187c9850,ind_6d30ca5c9c,4. 지역현안해결,K-유학생,PROJECT,지역 전체,False,CHILD,,DIRECT,,INFERRED_NO_2025_L_FORMULA,0,03. 지역 외 4주 이상 8주 미만 표준현장실습 참여 학생 수,지역 외 4주 이상 8주 미만 표준현장실습 참여 학생 수,명,유혜정,,1,,332,,,,,NO_2025_L_FORMULA_EVIDENCE,,2025시트 L열 계산식으로는 상위/하위 관계가 직접 확인되지 않아 기존 행순서 기반 추정값 유지
ind_6439ee100a,ind_6d30ca5c9c,4. 지역현안해결,K-유학생,PROJECT,지역 전체,False,CHILD,,DIRECT,,INFERRED_NO_2025_L_FORMULA,0,03. 지역 내 4주 이상 8주 미만 표준현장실습 참여 유학생 수,지역 내 4주 이상 8주 미만 표준현장실습 참여 유학생 수,명,유혜정,,1,,333,,,,,NO_2025_L_FORMULA_EVIDENCE,,2025시트 L열 계산식으로는 상위/하위 관계가 직접 확인되지 않아 기존 행순서 기반 추정값 유지
ind_faf286c2b7,ind_6d30ca5c9c,4. 지역현안해결,K-유학생,PROJECT,지역 전체,False,CHILD,,DIRECT,,INFERRED_NO_2025_L_FORMULA,0,04. 지역 외 8주 이상 12주 미만 표준현장실습 참여 유학생 수,지역 외 8주 이상 12주 미만 표준현장실습 참여 유학생 수,명,유혜정,,1,,334,,,,,NO_2025_L_FORMULA_EVIDENCE,,2025시트 L열 계산식으로는 상위/하위 관계가 직접 확인되지 않아 기존 행순서 기반 추정값 유지
ind_d1751b9ba7,ind_6d30ca5c9c,4. 지역현안해결,K-유학생,PROJECT,지역 전체,False,CHILD,,DIRECT,,INFERRED_NO_2025_L_FORMULA,0,04. 지역 내 4주 이상 12주 미만 표준현장실습 참여 유학생 수,지역 내 4주 이상 12주 미만 표준현장실습 참여 유학생 수,명,유혜정,,1,,335,,,,,NO_2025_L_FORMULA_EVIDENCE,,2025시트 L열 계산식으로는 상위/하위 관계가 직접 확인되지 않아 기존 행순서 기반 추정값 유지
ind_5a98b2cebd,ind_6d30ca5c9c,4. 지역현안해결,K-유학생,PROJECT,지역 전체,False,CHILD,,DIRECT,,INFERRED_NO_2025_L_FORMULA,0,05. 지역 외 12주 이상 표준현장실습 참여 유학생 수,지역 외 12주 이상 표준현장실습 참여 유학생 수,명,유혜정,,1,,336,,,,,NO_2025_L_FORMULA_EVIDENCE,,2025시트 L열 계산식으로는 상위/하위 관계가 직접 확인되지 않아 기존 행순서 기반 추정값 유지
ind_cd6fc3507a,ind_6d30ca5c9c,4. 지역현안해결,K-유학생,PROJECT,지역 전체,False,CHILD,,DIRECT,,INFERRED_NO_2025_L_FORMULA,0,05. 지역 내 12주 이상 표준현장실습 참여 유학생 수,지역 내 12주 이상 표준현장실습 참여 유학생 수,명,유혜정,,1,,337,,,,,NO_2025_L_FORMULA_EVIDENCE,,2025시트 L열 계산식으로는 상위/하위 관계가 직접 확인되지 않아 기존 행순서 기반 추정값 유지
ind_546479555e,,4. 지역현안해결,K-유학생,PROJECT,지역 전체,False,PARENT,AUTO_FROM_CHILDREN,SUM,,INFERRED_NO_2025_L_FORMULA,1,06. 표준현장실습 참여 유학생 중 실습기업에 취업한 유학생 수,표준현장실습 참여 유학생 중 실습기업에 취업한 유학생 수,명,유혜정,,1,,338,,,,,NO_2025_L_FORMULA_EVIDENCE,,2025시트 L열 계산식으로는 상위/하위 관계가 직접 확인되지 않아 기존 행순서 기반 추정값 유지
ind_5930ab4992,ind_546479555e,4. 지역현안해결,K-유학생,PROJECT,지역 전체,False,CHILD,,DIRECT,,INFERRED_NO_2025_L_FORMULA,0,(신규) 대학 전체 유학생 수,대학 전체 유학생 수,명 ,유혜정,,40,신규,339,,,,,NO_2025_L_FORMULA_EVIDENCE,,2025시트 L열 계산식으로는 상위/하위 관계가 직접 확인되지 않아 기존 행순서 기반 추정값 유지
ind_bed6101d8b,,4. 지역현안해결,K-유학생,UNIVERSITY,대학 자율,False,PARENT,AUTO_FROM_CHILDREN,GROWTH_RATE,상위지표,FORMULA_2025_L,1,01. 유학생 유치 인원 증가율,유학생 유치 인원 증가율,%,유혜정,,154,,340,((L341-O341)/O341)*100,340,341,,FORMULA_PARENT,GROWTH_RATE,
ind_892b6ad19a,ind_bed6101d8b,4. 지역현안해결,K-유학생,UNIVERSITY,대학 자율,False,CHILD,,DIRECT,하위지표,FORMULA_2025_L,0,02. 유학생 유치 인원,유학생 유치 인원,명,유혜정,154,,,341,,,,340,FORMULA_CHILD,,
ind_ded9314790,,4. 지역현안해결,K-유학생,UNIVERSITY,대학 자율,False,PARENT,AUTO_FROM_CHILDREN,GROWTH_RATE,상위지표,FORMULA_2025_L,1,03. 유학생 유지 증가율,유학생 유지 증가율,%,유혜정,,150,,342,((L343-O343)/O343)*100,342,343,,FORMULA_PARENT,GROWTH_RATE,
ind_d622bf963a,ind_ded9314790,4. 지역현안해결,K-유학생,UNIVERSITY,대학 자율,False,CHILD,,DIRECT,하위지표,FORMULA_2025_L,0,04. 유학생 유지 인원,유학생 유지 인원,명,유혜정,150,,,343,,,,342,FORMULA_CHILD,,
ind_c2140068b2,,4. 지역현안해결,생활연구소,PROJECT,지역 전체,False,PARENT,AUTO_FROM_CHILDREN,SUM,,INFERRED_NO_2025_L_FORMULA,5,01. 지역혁신체제 만족도,지역혁신체제 만족도,점,센터,,,,344,,,,,NO_2025_L_FORMULA_EVIDENCE,,2025시트 L열 계산식으로는 상위/하위 관계가 직접 확인되지 않아 기존 행순서 기반 추정값 유지
ind_67634eeca4,ind_c2140068b2,4. 지역현안해결,생활연구소,PROJECT,지역 전체,False,CHILD,,DIRECT,,INFERRED_NO_2025_L_FORMULA,0,사업 참여자 만족도 점수 합계(100점 환산),사업 참여자 만족도 점수 합계(100점 환산),점,센터,,,,345,,,,,NO_2025_L_FORMULA_EVIDENCE,,2025시트 L열 계산식으로는 상위/하위 관계가 직접 확인되지 않아 기존 행순서 기반 추정값 유지
ind_e820811506,ind_c2140068b2,4. 지역현안해결,생활연구소,PROJECT,지역 전체,False,CHILD,,DIRECT,,INFERRED_NO_2025_L_FORMULA,0,만족도 참여자 수,만족도 참여자 수,명,센터,,,신규,346,,,,,NO_2025_L_FORMULA_EVIDENCE,,2025시트 L열 계산식으로는 상위/하위 관계가 직접 확인되지 않아 기존 행순서 기반 추정값 유지
ind_d0811f7aad,ind_c2140068b2,4. 지역현안해결,생활연구소,CHUNGBUK,단위과제 자율,False,CHILD,,DIRECT,,INFERRED_NO_2025_L_FORMULA,0,02. 기초지자체 정책 도입 건수 증가율,기초지자체 정책 도입 건수 증가율,점,정해미,,,,347,,,,,NO_2025_L_FORMULA_EVIDENCE,,2025시트 L열 계산식으로는 상위/하위 관계가 직접 확인되지 않아 기존 행순서 기반 추정값 유지
ind_f5040aaba8,ind_c2140068b2,4. 지역현안해결,생활연구소,CHUNGBUK,단위과제 자율,False,CHILD,,DIRECT,,INFERRED_NO_2025_L_FORMULA,0,03. 정책 반영 건수,정책 반영 건수,건,정해미,,1,,348,,,,,NO_2025_L_FORMULA_EVIDENCE,,2025시트 L열 계산식으로는 상위/하위 관계가 직접 확인되지 않아 기존 행순서 기반 추정값 유지
ind_d1d8ec18c5,ind_c2140068b2,4. 지역현안해결,생활연구소,CHUNGBUK,단위과제 자율,False,CHILD,,DIRECT,,INFERRED_NO_2025_L_FORMULA,0,04. 정책 반영 및 후속 사업 추진 건수,정책 반영 및 후속 사업 추진 건수,건,정해미,,1,,349,,,,,NO_2025_L_FORMULA_EVIDENCE,,2025시트 L열 계산식으로는 상위/하위 관계가 직접 확인되지 않아 기존 행순서 기반 추정값 유지
ind_62b5435c5a,,4. 지역현안해결,생활연구소,UNIVERSITY,대학 자율,False,PARENT,AUTO_FROM_CHILDREN,GROWTH_RATE,상위지표,EXPLICIT,1,01. 충북생활연구소 실시 프로그램 건수 증가율,충북생활연구소 실시 프로그램 건수 증가율,%,정해미,,25,,350,,,,,NO_2025_L_FORMULA_EVIDENCE,,
ind_920ada96ad,ind_62b5435c5a,4. 지역현안해결,생활연구소,UNIVERSITY,대학 자율,False,CHILD,,DIRECT,하위지표,EXPLICIT,0,운영 프로그램의 개수,운영 프로그램의 개수,건,정해미,,1,,351,,,,,NO_2025_L_FORMULA_EVIDENCE,,
ind_4d04e4469d,,4. 지역현안해결,생활연구소,UNIVERSITY,대학 자율,False,PARENT,DIRECT_INPUT,DIRECT,상위지표,EXPLICIT,0,02. 충북생활연구소 프로그램 참여시민 만족도,충북생활연구소 프로그램 참여시민 만족도,점,정해미,,60,,352,,,,,NO_2025_L_FORMULA_EVIDENCE,,
ind_5da1b8e18c,,4. 지역현안해결,늘봄,PROJECT,지역 전체,False,PARENT,AUTO_FROM_CHILDREN,SUM,,INFERRED_NO_2025_L_FORMULA,2,01. 지역혁신체제 만족도,지역혁신체제 만족도,점,센터,,,,353,,,,,NO_2025_L_FORMULA_EVIDENCE,,2025시트 L열 계산식으로는 상위/하위 관계가 직접 확인되지 않아 기존 행순서 기반 추정값 유지
ind_e6ca2c3ad0,ind_5da1b8e18c,4. 지역현안해결,늘봄,PROJECT,지역 전체,False,CHILD,,DIRECT,,INFERRED_NO_2025_L_FORMULA,0,사업 참여자 만족도 점수 합계(100점 환산),사업 참여자 만족도 점수 합계(100점 환산),점,센터,,70,,354,,,,,NO_2025_L_FORMULA_EVIDENCE,,2025시트 L열 계산식으로는 상위/하위 관계가 직접 확인되지 않아 기존 행순서 기반 추정값 유지
ind_7e036a657b,ind_5da1b8e18c,4. 지역현안해결,늘봄,PROJECT,지역 전체,False,CHILD,,DIRECT,,INFERRED_NO_2025_L_FORMULA,0,만족도 참여자 수,만족도 참여자 수,명,센터,,141,신규,355,,,,,NO_2025_L_FORMULA_EVIDENCE,,2025시트 L열 계산식으로는 상위/하위 관계가 직접 확인되지 않아 기존 행순서 기반 추정값 유지
ind_844419fabe,,4. 지역현안해결,늘봄,CHUNGBUK,단위과제 자율,False,PARENT,DIRECT_INPUT,DIRECT,,INFERRED_NO_2025_L_FORMULA,0,02. 늘봄강사 취업 증가율,늘봄강사 취업 증가율,%,김민선,,,,356,,,,,NO_2025_L_FORMULA_EVIDENCE,,2025시트 L열 계산식으로는 상위/하위 관계가 직접 확인되지 않아 기존 행순서 기반 추정값 유지
ind_ff3f0770b2,,4. 지역현안해결,늘봄,CHUNGBUK,단위과제 자율,False,PARENT,AUTO_FROM_CHILDREN,SUM,,INFERRED_NO_2025_L_FORMULA,1,03. 늘봄학교 참여자의 학부모 만족도(100점 만점의 평균),늘봄학교 참여자의 학부모 만족도(100점 만점의 평균),점,김민선,,80,,357,,,,,NO_2025_L_FORMULA_EVIDENCE,,2025시트 L열 계산식으로는 상위/하위 관계가 직접 확인되지 않아 기존 행순서 기반 추정값 유지
ind_b5caf30d26,ind_ff3f0770b2,4. 지역현안해결,늘봄,CHUNGBUK,단위과제 자율,False,CHILD,,DIRECT,,INFERRED_NO_2025_L_FORMULA,0,늘봄학교 만족도 조사 참여자 수,늘봄학교 만족도 조사 참여자 수,명,김민선,,17,,358,,,,,NO_2025_L_FORMULA_EVIDENCE,,2025시트 L열 계산식으로는 상위/하위 관계가 직접 확인되지 않아 기존 행순서 기반 추정값 유지
ind_2e2ce4a029,,4. 지역현안해결,늘봄,CHUNGBUK,단위과제 자율,False,PARENT,AUTO_FROM_CHILDREN,SUM,,INFERRED_NO_2025_L_FORMULA,4,04. 늘봄강사 취업자 수,늘봄강사 취업자 수,%,김민선,,,신규,359,,,,,NO_2025_L_FORMULA_EVIDENCE,,2025시트 L열 계산식으로는 상위/하위 관계가 직접 확인되지 않아 기존 행순서 기반 추정값 유지
ind_575b06feaf,ind_2e2ce4a029,4. 지역현안해결,늘봄,CHUNGBUK,단위과제 자율,False,CHILD,,DIRECT,,INFERRED_NO_2025_L_FORMULA,0,늘봄강사 취업자 수,늘봄강사 취업자 수,명,김민선,,1,,360,,,,,NO_2025_L_FORMULA_EVIDENCE,,2025시트 L열 계산식으로는 상위/하위 관계가 직접 확인되지 않아 기존 행순서 기반 추정값 유지
ind_caa1f8f629,ind_2e2ce4a029,4. 지역현안해결,늘봄,CHUNGBUK,단위과제 자율,False,CHILD,,DIRECT,,INFERRED_NO_2025_L_FORMULA,0,늘봄강사 교육과정 이수자 수,늘봄강사 교육과정 이수자 수,명,김민선,,40,,361,,,,,NO_2025_L_FORMULA_EVIDENCE,,2025시트 L열 계산식으로는 상위/하위 관계가 직접 확인되지 않아 기존 행순서 기반 추정값 유지
ind_e564edf00d,ind_2e2ce4a029,4. 지역현안해결,늘봄,UNIVERSITY,대학 자율,False,CHILD,,DIRECT,,INFERRED_NO_2025_L_FORMULA,0,01. 프로그램 개발 및 고도화 누적 차시,프로그램 개발 및 고도화 누적 차시,차시,김민선,,150,,362,,,,,NO_2025_L_FORMULA_EVIDENCE,,2025시트 L열 계산식으로는 상위/하위 관계가 직접 확인되지 않아 기존 행순서 기반 추정값 유지
ind_90c0b39ad3,ind_2e2ce4a029,4. 지역현안해결,늘봄,UNIVERSITY,대학 자율,False,CHILD,,DIRECT,,INFERRED_NO_2025_L_FORMULA,0,02. 프로그램 운영 누적 차시,프로그램 운영 누적 차시,차시,김민선,,60,,363,,,,,NO_2025_L_FORMULA_EVIDENCE,,2025시트 L열 계산식으로는 상위/하위 관계가 직접 확인되지 않아 기존 행순서 기반 추정값 유지
