indicator_id,project_name,task_name,indicator_name,year,actual_value,target_value,achievement_rate,value_source,source_sheet,source_excel_row
ind_a9e26120c0,1. 인력양성,1-1. 공유대학,02. 지역 내 취업자 수,2025,6,6,,EXCEL_2026_AH_COLUMN,2026,6
ind_0c96c8e43a,1. 인력양성,1-1. 공유대학,03. 지역 외(수도권 제외) 취업자 수,2025,14,14,,EXCEL_2026_AH_COLUMN,2026,7
ind_55d02fa5bf,1. 인력양성,1-1. 공유대학,(신규) 대학 전체 졸업자 수,2025,2162,-,,EXCEL_2026_AH_COLUMN,2026,8
ind_4bd51efe1a,1. 인력양성,1-1. 공유대학,05. 공동교육과정 이수자 수,2025,368,300,,EXCEL_2026_AH_COLUMN,2026,10
ind_a8e27580f6,1. 인력양성,1-1. 공유대학,06. 산학실무교과목 수,2025,2,1,,EXCEL_2026_AH_COLUMN,2026,11
ind_c2a722f087,1. 인력양성,1-1. 공유대학,07. 표준현장실습 참여자 수,2025,4,5,,EXCEL_2026_AH_COLUMN,2026,12
ind_10009f96c7,1. 인력양성,1-1. 공유대학,(신규) 공유대학 참여자 수,2025,142,-,,EXCEL_2026_AH_COLUMN,2026,13
ind_c6a15c44b1,1. 인력양성,1-1. 공유대학,(신규) 공유대학 교과목 수,2025,100,-,,EXCEL_2026_AH_COLUMN,2026,14
ind_dfd083c0ae,1. 인력양성,1-1. 공유대학,01. 타 대학 학점교류 수강 건수,2025,304,152.4,,EXCEL_2026_AH_COLUMN,2026,15
ind_6ced62e054,1. 인력양성,1-1. 공유대학,02. 실무교과목 이수 학생 수,2025,98,33,,EXCEL_2026_AH_COLUMN,2026,16
ind_bcb77dd788,1. 인력양성,1-1. 공유대학,03. 산업체 인력참여자 수,2025,7,6.2,,EXCEL_2026_AH_COLUMN,2026,17
ind_ecda8a8df5,1. 인력양성,1-2. 이차전지 단독형,02. 지역 내 취업자 수,2025,34,10,,EXCEL_2026_AH_COLUMN,2026,19
ind_e87bd551d4,1. 인력양성,1-2. 이차전지 단독형,03. 지역 외(수도권 제외) 취업자 수,2025,28,24,,EXCEL_2026_AH_COLUMN,2026,20
ind_929050356f,1. 인력양성,1-2. 이차전지 단독형,05. 지역 외 4주 이상 8주 미만 표준현장실습 참여 학생 수,2025,1,1,,EXCEL_2026_AH_COLUMN,2026,23
ind_40ece2c055,1. 인력양성,1-2. 이차전지 단독형,05. 지역 내 4주 이상 8주 미만 표준현장실습 참여 학생 수,2025,3,1,,EXCEL_2026_AH_COLUMN,2026,24
ind_ee7ab0d187,1. 인력양성,1-2. 이차전지 단독형,06. 지역 외 8주 이상 12주 미만 표준현장실습 참여 학생 수,2025,8,6,,EXCEL_2026_AH_COLUMN,2026,25
ind_fe5511690a,1. 인력양성,1-2. 이차전지 단독형,06. 지역 내 8주 이상 12주 미만 표준현장실습 참여 학생 수,2025,2,2,,EXCEL_2026_AH_COLUMN,2026,26
ind_d6609f5535,1. 인력양성,1-2. 이차전지 단독형,07. 지역 외 12주 이상 표준현장실습 참여 학생 수,2025,24,5,,EXCEL_2026_AH_COLUMN,2026,27
ind_28d77a3833,1. 인력양성,1-2. 이차전지 단독형,07. 지역 내 12주 이상 표준현장실습 참여 학생 수,2025,2,2,,EXCEL_2026_AH_COLUMN,2026,28
ind_eb1981ebf8,1. 인력양성,1-2. 이차전지 단독형,08. 표준현장실습 참여자 중 실습기업 취업자 수,2025,0,1,,EXCEL_2026_AH_COLUMN,2026,29
ind_98ddfb266b,1. 인력양성,1-2. 이차전지 단독형,(신규) 대학 전체 재학생 수,2025,7950,0,,EXCEL_2026_AH_COLUMN,2026,30
ind_3b806a8833,1. 인력양성,1-2. 이차전지 단독형,10. 지역고교생 참여 프로그램 이수자 수,2025,211,40,,EXCEL_2026_AH_COLUMN,2026,32
ind_2f78ebd098,1. 인력양성,1-2. 이차전지 단독형,(신규) 대학 전체 입학자 수,2025,2117,0,,EXCEL_2026_AH_COLUMN,2026,34
ind_04ecf68b92,1. 인력양성,1-2. 이차전지 단독형,01. 지산학연 특화 교수법 운영 실적,2025,0,12.3,,EXCEL_2026_AH_COLUMN,2026,35
ind_324fb24034,1. 인력양성,1-2. 이차전지 단독형,특화 교수법 적용 교과 운영 건수,2025,3,3,,EXCEL_2026_AH_COLUMN,2026,36
ind_d49ed61de8,1. 인력양성,1-2. 이차전지 단독형,특화 교수법 적용 교과 이수 학생 수,2025,45,34,,EXCEL_2026_AH_COLUMN,2026,37
ind_25ac353144,1. 인력양성,1-2. 이차전지 단독형,02. 교육과정 개발 실적,2025,0,1,,EXCEL_2026_AH_COLUMN,2026,38
ind_51dde78272,1. 인력양성,1-2. 이차전지 단독형,교육과정 관련 산관학협의체 운영 건수,2025,4,1,,EXCEL_2026_AH_COLUMN,2026,39
ind_db945663a5,1. 인력양성,1-2. 이차전지 단독형,교과목 개편 및 개발 건수,2025,7,0,,EXCEL_2026_AH_COLUMN,2026,40
ind_50274365d6,1. 인력양성,1-2. 이차전지 단독형,03. 캡스톤디자인 이수학생 수,2025,0,70,,EXCEL_2026_AH_COLUMN,2026,41
ind_dab2dd6ac6,1. 인력양성,1-2. 이차전지 단독형,교수중심형 캡스톤디자인 이수학생 수,2025,87,55,,EXCEL_2026_AH_COLUMN,2026,42
ind_7117fe466b,1. 인력양성,1-2. 이차전지 단독형,기업연계 기반 캡스톤디자인 이수학생 수,2025,0,10,,EXCEL_2026_AH_COLUMN,2026,43
ind_76dfb70468,1. 인력양성,1-2. 이차전지 단독형,글로벌 기반 캡스톤디자인 이수학생 수,2025,0,0,,EXCEL_2026_AH_COLUMN,2026,44
ind_9f383b4889,1. 인력양성,1-3. 바이오 단독형,02. 지역 내 취업자 수,2025,30,6,,EXCEL_2026_AH_COLUMN,2026,46
ind_8526071799,1. 인력양성,1-3. 바이오 단독형,03. 지역 외(수도권 제외) 취업자 수,2025,32,14,,EXCEL_2026_AH_COLUMN,2026,47
ind_7f14e76c1b,1. 인력양성,1-3. 바이오 단독형,05. 지역 외 4주 이상 8주 미만 표준현장실습 참여 학생 수,2025,0,1,,EXCEL_2026_AH_COLUMN,2026,50
ind_754c43db41,1. 인력양성,1-3. 바이오 단독형,05. 지역 내 4주 이상 8주 미만 표준현장실습 참여 학생 수,2025,2,1,,EXCEL_2026_AH_COLUMN,2026,51
ind_427fa3beba,1. 인력양성,1-3. 바이오 단독형,06. 지역 외 8주 이상 12주 미만 표준현장실습 참여 학생 수,2025,2,5,,EXCEL_2026_AH_COLUMN,2026,52
ind_33b5d0c032,1. 인력양성,1-3. 바이오 단독형,06. 지역 내 8주 이상 12주 미만 표준현장실습 참여 학생 수,2025,4,2,,EXCEL_2026_AH_COLUMN,2026,53
ind_b41b07e837,1. 인력양성,1-3. 바이오 단독형,07. 지역 외 12주 이상 표준현장실습 참여 학생 수,2025,2,5,,EXCEL_2026_AH_COLUMN,2026,54
ind_fcf034942d,1. 인력양성,1-3. 바이오 단독형,07. 지역 내 12주 이상 표준현장실습 참여 학생 수,2025,7,1,,EXCEL_2026_AH_COLUMN,2026,55
ind_e9745c19f0,1. 인력양성,1-3. 바이오 단독형,08. 표준현장실습 참여자 중 실습기업 취업자 수,2025,0,1,,EXCEL_2026_AH_COLUMN,2026,56
ind_31b6ee26d3,1. 인력양성,1-3. 바이오 단독형,(신규) 대학 전체 재학생 수,2025,7950,0,,EXCEL_2026_AH_COLUMN,2026,57
ind_af1b4af73f,1. 인력양성,1-3. 바이오 단독형,10. 지역고교생 참여 프로그램 이수자 수,2025,119,40,,EXCEL_2026_AH_COLUMN,2026,59
ind_7e134ac1f0,1. 인력양성,1-3. 바이오 단독형,01. 지산학연 특화 교수법 운영 실적,2025,0,46.1,,EXCEL_2026_AH_COLUMN,2026,61
ind_ab5a0c3bda,1. 인력양성,1-3. 바이오 단독형,특화 교수법 적용 교과 운영 건수,2025,8,5,,EXCEL_2026_AH_COLUMN,2026,62
ind_dcb9605937,1. 인력양성,1-3. 바이오 단독형,특화 교수법 적용 교과 이수 학생 수,2025,145,142,,EXCEL_2026_AH_COLUMN,2026,63
ind_30eb9ffdc8,1. 인력양성,1-3. 바이오 단독형,02. 교육과정 개발 실적,2025,0,1,,EXCEL_2026_AH_COLUMN,2026,64
ind_440941a5a0,1. 인력양성,1-3. 바이오 단독형,교육과정 관련 산관학협의체 운영 건수,2025,6,1,,EXCEL_2026_AH_COLUMN,2026,65
ind_800e68ac30,1. 인력양성,1-3. 바이오 단독형,교과목 개편 및 개발 건수,2025,18,0,,EXCEL_2026_AH_COLUMN,2026,66
ind_ef7ccee874,1. 인력양성,1-3. 바이오 단독형,03. 캡스톤디자인 이수학생 수,2025,0,707.5,,EXCEL_2026_AH_COLUMN,2026,67
ind_751ab6ef07,1. 인력양성,1-3. 바이오 단독형,교수중심형 캡스톤디자인 이수학생 수,2025,567,130,,EXCEL_2026_AH_COLUMN,2026,68
ind_adf951ec79,1. 인력양성,1-3. 바이오 단독형,기업연계 기반 캡스톤디자인 이수학생 수,2025,110,385,,EXCEL_2026_AH_COLUMN,2026,69
ind_c7f79a2da3,1. 인력양성,1-3. 바이오 단독형,글로벌 기반 캡스톤디자인 이수학생 수,2025,0,0,,EXCEL_2026_AH_COLUMN,2026,70
ind_907a8d56c5,1. 인력양성,1-4. 반도체 단독형,02. 지역 내 취업자 수,2025,33,6,,EXCEL_2026_AH_COLUMN,2026,72
ind_959cef5090,1. 인력양성,1-4. 반도체 단독형,03. 지역 외(수도권 제외) 취업자 수,2025,42,14,,EXCEL_2026_AH_COLUMN,2026,73
ind_68795755bd,1. 인력양성,1-4. 반도체 단독형,05. 지역 외 4주 이상 8주 미만 표준현장실습 참여 학생 수,2025,0,1,,EXCEL_2026_AH_COLUMN,2026,76
ind_ea41ba272e,1. 인력양성,1-4. 반도체 단독형,05. 지역 내 4주 이상 8주 미만 표준현장실습 참여 학생 수,2025,0,1,,EXCEL_2026_AH_COLUMN,2026,77
ind_253ac25950,1. 인력양성,1-4. 반도체 단독형,06. 지역 외 8주 이상 12주 미만 표준현장실습 참여 학생 수,2025,2,5,,EXCEL_2026_AH_COLUMN,2026,78
ind_d0718304f0,1. 인력양성,1-4. 반도체 단독형,06. 지역 내 8주 이상 12주 미만 표준현장실습 참여 학생 수,2025,2,2,,EXCEL_2026_AH_COLUMN,2026,79
ind_c002216173,1. 인력양성,1-4. 반도체 단독형,07. 지역 외 12주 이상 표준현장실습 참여 학생 수,2025,14,5,,EXCEL_2026_AH_COLUMN,2026,80
ind_ed38e2ce36,1. 인력양성,1-4. 반도체 단독형,07. 지역 내 12주 이상 표준현장실습 참여 학생 수,2025,2,1,,EXCEL_2026_AH_COLUMN,2026,81
ind_b5b9c0a14b,1. 인력양성,1-4. 반도체 단독형,(신규) 대학 전체 재학생 수,2025,7950,0,,EXCEL_2026_AH_COLUMN,2026,83
ind_958245e113,1. 인력양성,1-4. 반도체 단독형,10. 지역고교생 참여 프로그램 이수자 수,2025,57,40,,EXCEL_2026_AH_COLUMN,2026,85
ind_795943b0e2,1. 인력양성,1-4. 반도체 단독형,01. 지산학연 특화 교수법 운영 실적,2025,0,4.4,,EXCEL_2026_AH_COLUMN,2026,87
ind_6faf9fa577,1. 인력양성,1-4. 반도체 단독형,특화 교수법 적용 교과 운영 건수,2025,4,2,,EXCEL_2026_AH_COLUMN,2026,88
ind_ecaae9eda5,1. 인력양성,1-4. 반도체 단독형,특화 교수법 적용 교과 이수 학생 수,2025,105,10,,EXCEL_2026_AH_COLUMN,2026,89
ind_de1888c79f,1. 인력양성,1-4. 반도체 단독형,02. 교육과정 개발 실적,2025,0,1,,EXCEL_2026_AH_COLUMN,2026,90
ind_80a1dc6bea,1. 인력양성,1-4. 반도체 단독형,교육과정 관련 산관학협의체 운영 건수,2025,3,1,,EXCEL_2026_AH_COLUMN,2026,91
ind_de814d7305,1. 인력양성,1-4. 반도체 단독형,교과목 개편 및 개발 건수,2025,11,0,,EXCEL_2026_AH_COLUMN,2026,92
ind_4a61b68079,1. 인력양성,1-4. 반도체 단독형,03. 캡스톤디자인 이수학생 수,2025,0,421,,EXCEL_2026_AH_COLUMN,2026,93
ind_71b3b9bb6f,1. 인력양성,1-4. 반도체 단독형,교수중심형 캡스톤디자인 이수학생 수,2025,413,340,,EXCEL_2026_AH_COLUMN,2026,94
ind_7a2d97d005,1. 인력양성,1-4. 반도체 단독형,기업연계 기반 캡스톤디자인 이수학생 수,2025,22,54,,EXCEL_2026_AH_COLUMN,2026,95
ind_5f5f789df6,1. 인력양성,1-4. 반도체 단독형,글로벌 기반 캡스톤디자인 이수학생 수,2025,0,0,,EXCEL_2026_AH_COLUMN,2026,96
ind_d959a7a011,1. 인력양성,2-3. 오송철도 클러스터,02. 지역 내 취업자 수,2025,52,5,,EXCEL_2026_AH_COLUMN,2026,150
ind_bef4add149,1. 인력양성,2-3. 오송철도 클러스터,03. 지역 외(수도권 제외) 취업자 수,2025,63,12,,EXCEL_2026_AH_COLUMN,2026,151
ind_be546d77d8,1. 인력양성,2-3. 오송철도 클러스터,05. 지역 외 4주 이상 8주 미만 표준현장실습 참여 학생 수,2025,1,9,,EXCEL_2026_AH_COLUMN,2026,154
ind_b22c0d6d7b,1. 인력양성,2-3. 오송철도 클러스터,05. 지역 내 4주 이상 8주 미만 표준현장실습 참여 학생 수,2025,0,3,,EXCEL_2026_AH_COLUMN,2026,155
ind_24da63182b,1. 인력양성,2-3. 오송철도 클러스터,06. 지역 외 8주 이상 12주 미만 표준현장실습 참여 학생 수,2025,61,29,,EXCEL_2026_AH_COLUMN,2026,156
ind_6ce4c3d18a,1. 인력양성,2-3. 오송철도 클러스터,06. 지역 내 8주 이상 12주 미만 표준현장실습 참여 학생 수,2025,0,10,,EXCEL_2026_AH_COLUMN,2026,157
ind_257b22dc87,1. 인력양성,2-3. 오송철도 클러스터,07. 지역 외 12주 이상 표준현장실습 참여 학생 수,2025,30,30,,EXCEL_2026_AH_COLUMN,2026,158
ind_1a83aa4b08,1. 인력양성,2-3. 오송철도 클러스터,07. 지역 내 12주 이상 표준현장실습 참여 학생 수,2025,0,9,,EXCEL_2026_AH_COLUMN,2026,159
ind_576ec219c3,1. 인력양성,2-3. 오송철도 클러스터,08. 표준현장실습 참여자 중 실습기업 취업자 수,2025,0,0,,EXCEL_2026_AH_COLUMN,2026,160
ind_9ddd0c8f3b,1. 인력양성,2-3. 오송철도 클러스터,(신규) 대학 전체 재학생 수,2025,7950,0,,EXCEL_2026_AH_COLUMN,2026,161
ind_dd48770328,1. 인력양성,2-3. 오송철도 클러스터,10. 지역고교생 참여 프로그램 이수자 수,2025,50,40,,EXCEL_2026_AH_COLUMN,2026,163
ind_07428b9c74,1. 인력양성,2-3. 오송철도 클러스터,11. 지역고교생 입학자 수,2025,0,2,,EXCEL_2026_AH_COLUMN,2026,164
ind_44e47884a3,1. 인력양성,2-3. 오송철도 클러스터,01. 클러스터 특성화 교과과정 참여학생 수,2025,22,15,,EXCEL_2026_AH_COLUMN,2026,165
ind_b57983b3c3,1. 인력양성,2-3. 오송철도 클러스터,02. 클러스터 맞춤형 프로그램 운영 실적,2025,25,5,,EXCEL_2026_AH_COLUMN,2026,166
ind_2388f1cb82,1. 인력양성,2-4. 순환경제 클러스터,02. 지역 내 취업자 수,2025,28,5,,EXCEL_2026_AH_COLUMN,2026,168
ind_b37a26ca9b,1. 인력양성,2-4. 순환경제 클러스터,03. 지역 외(수도권 제외) 취업자 수,2025,22,12,,EXCEL_2026_AH_COLUMN,2026,169
ind_c426fc2acb,1. 인력양성,2-4. 순환경제 클러스터,05. 지역 외 4주 이상 8주 미만 표준현장실습 참여 학생 수,2025,0,1,,EXCEL_2026_AH_COLUMN,2026,172
ind_bcc9a9bbd5,1. 인력양성,2-4. 순환경제 클러스터,05. 지역 내 4주 이상 8주 미만 표준현장실습 참여 학생 수,2025,1,0,,EXCEL_2026_AH_COLUMN,2026,173
ind_30fd380521,1. 인력양성,2-4. 순환경제 클러스터,06. 지역 외 8주 이상 12주 미만 표준현장실습 참여 학생 수,2025,2,2,,EXCEL_2026_AH_COLUMN,2026,174
ind_b36675c1ba,1. 인력양성,2-4. 순환경제 클러스터,06. 지역 내 8주 이상 12주 미만 표준현장실습 참여 학생 수,2025,1,1,,EXCEL_2026_AH_COLUMN,2026,175
ind_88d68a8306,1. 인력양성,2-4. 순환경제 클러스터,07. 지역 외 12주 이상 표준현장실습 참여 학생 수,2025,4,2,,EXCEL_2026_AH_COLUMN,2026,176
ind_3e06f09992,1. 인력양성,2-4. 순환경제 클러스터,07. 지역 내 12주 이상 표준현장실습 참여 학생 수,2025,2,1,,EXCEL_2026_AH_COLUMN,2026,177
ind_52841cd6db,1. 인력양성,2-4. 순환경제 클러스터,08. 표준현장실습 참여자 중 실습기업 취업자 수,2025,0,0,,EXCEL_2026_AH_COLUMN,2026,178
ind_beb764033f,1. 인력양성,2-4. 순환경제 클러스터,(신규) 대학 전체 재학생 수,2025,7950,0,,EXCEL_2026_AH_COLUMN,2026,179
ind_5465d2117c,1. 인력양성,2-4. 순환경제 클러스터,10. 지역고교생 참여 프로그램 이수자 수,2025,120,40,,EXCEL_2026_AH_COLUMN,2026,181
ind_36d8a9824e,1. 인력양성,2-4. 순환경제 클러스터,11. 지역고교생 입학자 수,2025,0,2,,EXCEL_2026_AH_COLUMN,2026,182
ind_aa230c531e,1. 인력양성,2-4. 순환경제 클러스터,01. 클러스터 특성화 교과과정 참여학생 수,2025,32,27,,EXCEL_2026_AH_COLUMN,2026,183
ind_84c3070d22,1. 인력양성,2-4. 순환경제 클러스터,02. 클러스터 맞춤형 프로그램 운영 실적,2025,8,8,,EXCEL_2026_AH_COLUMN,2026,184
ind_d92a782cab,2. 공동연구센터,1-1. AI모빌리티,02. 특허 출원 건수,2025,8,5,,EXCEL_2026_AH_COLUMN,2026,186
ind_58db5e32d7,2. 공동연구센터,1-1. AI모빌리티,03. 국내 특허 등록 건수,2025,0,0,,EXCEL_2026_AH_COLUMN,2026,187
ind_2c2ca81b2d,2. 공동연구센터,1-1. AI모빌리티,04. 해외 특허 등록 건수,2025,0,0,,EXCEL_2026_AH_COLUMN,2026,188
ind_133db4a797,2. 공동연구센터,1-1. AI모빌리티,05. (SCI(E)급) 논문 게재 건수,2025,3,0,,EXCEL_2026_AH_COLUMN,2026,189
ind_5efe68f440,2. 공동연구센터,1-1. AI모빌리티,06. (KCI급) 논문 게재 건수,2025,1,6,,EXCEL_2026_AH_COLUMN,2026,190
ind_88f4e268ce,2. 공동연구센터,1-1. AI모빌리티,07. 기타 지식재산권 등록 건수(디자인권·상표권·실용신안 등),2025,0,0,,EXCEL_2026_AH_COLUMN,2026,191
ind_c75c191212,2. 공동연구센터,1-1. AI모빌리티,08. 지산학연 공동연구를 통해 창출한 기술이전 수익,2025,50000,20000,,EXCEL_2026_AH_COLUMN,2026,192
ind_6fbbc1936f,2. 공동연구센터,1-1. AI모빌리티,09. 지산학연 공동연구를 통해 창출한 기술이전 건수,2025,7,6,,EXCEL_2026_AH_COLUMN,2026,193
ind_cfcd175b74,2. 공동연구센터,1-1. AI모빌리티,(신규) 대학 전임교원 수(2. 2. 2. 공동연구센터 참여 교원),2025,7,0,,EXCEL_2026_AH_COLUMN,2026,194
ind_5697d25109,2. 공동연구센터,1-1. AI모빌리티,11. 1억 이상 연구과제 수주 건수,2025,6,1,,EXCEL_2026_AH_COLUMN,2026,196
ind_adc623f813,2. 공동연구센터,1-1. AI모빌리티,12. 1억 미만 연구과제 수주 건수,2025,3,5,,EXCEL_2026_AH_COLUMN,2026,197
ind_24abb9bd6e,2. 공동연구센터,1-1. AI모빌리티,14. 미래전략산업 학생연구원(학부) 참여자 수,2025,14,18,,EXCEL_2026_AH_COLUMN,2026,199
ind_fa4984db4b,2. 공동연구센터,1-1. AI모빌리티,15. 미래전략산업 학생연구원(석사) 참여자 수,2025,16,4,,EXCEL_2026_AH_COLUMN,2026,200
ind_557223d148,2. 공동연구센터,1-1. AI모빌리티,16. 미래전략산업 학생연구원(박사) 참여자 수,2025,1,0,,EXCEL_2026_AH_COLUMN,2026,201
ind_97d4d1e297,2. 공동연구센터,1-4. 첨단바이오,01. 지산학연 공동연구 증가율,2025,0,51,,EXCEL_2026_AH_COLUMN,2026,236
ind_b3637511c8,2. 공동연구센터,1-4. 첨단바이오,02. 특허 출원 건수,2025,3,8,,EXCEL_2026_AH_COLUMN,2026,237
ind_45327acd82,2. 공동연구센터,1-4. 첨단바이오,03. 국내 특허 등록 건수,2025,37,35,,EXCEL_2026_AH_COLUMN,2026,238
ind_82dc89ee83,2. 공동연구센터,1-4. 첨단바이오,04. 해외 특허 등록 건수,2025,11,8,,EXCEL_2026_AH_COLUMN,2026,239
ind_8c9ca7c589,2. 공동연구센터,1-4. 첨단바이오,05. (SCI(E)급) 논문 게재 건수,2025,0,38,,EXCEL_2026_AH_COLUMN,2026,240
ind_36083b3611,2. 공동연구센터,1-4. 첨단바이오,06. (KCI급) 논문 게재 건수,2025,41,45,,EXCEL_2026_AH_COLUMN,2026,241
ind_1bf9b094ba,2. 공동연구센터,1-4. 첨단바이오,07. 기타 지식재산권 등록 건수(디자인권·상표권·실용신안 등),2025,6,3,,EXCEL_2026_AH_COLUMN,2026,242
ind_569570fcc7,2. 공동연구센터,1-4. 첨단바이오,08. 지산학연 공동연구를 통해 창출한 기술이전 수익,2025,120,101,,EXCEL_2026_AH_COLUMN,2026,243
ind_1e5c60517e,2. 공동연구센터,1-4. 첨단바이오,09. 지산학연 공동연구를 통해 창출한 기술이전 건수,2025,0,15,,EXCEL_2026_AH_COLUMN,2026,244
ind_f69c3719ae,2. 공동연구센터,1-4. 첨단바이오,(신규) 대학 전임교원 수(2. 2. 2. 공동연구센터 참여 교원),2025,2,2,,EXCEL_2026_AH_COLUMN,2026,245
ind_88e74dfb06,2. 공동연구센터,1-4. 첨단바이오,10. 연구과제 수주 증가율,2025,26,24,,EXCEL_2026_AH_COLUMN,2026,246
ind_0b492accf0,2. 공동연구센터,1-4. 첨단바이오,12. 1억 미만 연구과제 수주 건수,2025,14,13,,EXCEL_2026_AH_COLUMN,2026,248
ind_d30be1d1ef,2. 공동연구센터,1-4. 첨단바이오,13. 미래전략산업 학생연구원 참여 증가율,2025,1,0,,EXCEL_2026_AH_COLUMN,2026,249
ind_202c95b215,2. 공동연구센터,1-4. 첨단바이오,14. 미래전략산업 학생연구원(학부) 참여자 수,2025,0,0,,EXCEL_2026_AH_COLUMN,2026,250
ind_19a7eba533,2. 공동연구센터,1-4. 첨단바이오,15. 미래전략산업 학생연구원(석사) 참여자 수,2025,10,0,,EXCEL_2026_AH_COLUMN,2026,251
ind_9dee3e7d10,2. 공동연구센터,1-4. 첨단바이오,16. 미래전략산업 학생연구원(박사) 참여자 수,2025,6,13,,EXCEL_2026_AH_COLUMN,2026,252
ind_a222038786,2. 공동연구센터,1-5. AI첨단제조,01. 지산학연 공동연구 증가율,2025,1,0,,EXCEL_2026_AH_COLUMN,2026,253
ind_d8d0e48f0f,2. 공동연구센터,AI첨단제조,02. 특허 출원 건수,2025,0,0,,EXCEL_2026_AH_COLUMN,2026,254
ind_bcb03d5d52,2. 공동연구센터,AI첨단제조,03. 국내 특허 등록 건수,2025,9,0,,EXCEL_2026_AH_COLUMN,2026,255
ind_948f2caa9c,2. 공동연구센터,AI첨단제조,04. 해외 특허 등록 건수,2025,4,9,,EXCEL_2026_AH_COLUMN,2026,256
ind_da7e78b857,2. 공동연구센터,AI첨단제조,05. (SCI(E)급) 논문 게재 건수,2025,0,0,,EXCEL_2026_AH_COLUMN,2026,257
ind_53f3f2ba8a,2. 공동연구센터,AI첨단제조,06. (KCI급) 논문 게재 건수,2025,69800,20000,,EXCEL_2026_AH_COLUMN,2026,258
ind_408d09275b,2. 공동연구센터,AI첨단제조,07. 기타 지식재산권 등록 건수(디자인권·상표권·실용신안 등),2025,11,9,,EXCEL_2026_AH_COLUMN,2026,259
ind_78ea149040,2. 공동연구센터,AI첨단제조,08. 지산학연 공동연구를 통해 창출한 기술이전 수익,2025,11,,,EXCEL_2026_AH_COLUMN,2026,260
ind_8bf52dbf2d,2. 공동연구센터,AI첨단제조,(신규) 대학 전임교원 수(2. 2. 2. 공동연구센터 참여 교원),2025,6,3,,EXCEL_2026_AH_COLUMN,2026,262
ind_2638455c18,2. 공동연구센터,AI첨단제조,10. 연구과제 수주 증가율,2025,6,8,,EXCEL_2026_AH_COLUMN,2026,263
ind_1be8f7dca8,2. 공동연구센터,AI첨단제조,12. 1억 미만 연구과제 수주 건수,2025,29,22,,EXCEL_2026_AH_COLUMN,2026,265
ind_0810b3703e,2. 공동연구센터,AI첨단제조,13. 미래전략산업 학생연구원 참여 증가율,2025,21,5,,EXCEL_2026_AH_COLUMN,2026,266
ind_409ed4a36a,2. 공동연구센터,AI첨단제조,14. 미래전략산업 학생연구원(학부) 참여자 수,2025,9,1,,EXCEL_2026_AH_COLUMN,2026,267
ind_37112e96d7,2. 공동연구센터,AI첨단제조,15. 미래전략산업 학생연구원(석사) 참여자 수,2025,6,0,,EXCEL_2026_AH_COLUMN,2026,268
ind_e2caef8896,2. 공동연구센터,AI첨단제조,16. 미래전략산업 학생연구원(박사) 참여자 수,2025,3,0,,EXCEL_2026_AH_COLUMN,2026,269
ind_7c5d312566,2. 공동연구센터,AI모빌리티,2. 2. 2. 공동연구센터 특화 프로그램 운영 수,2025,8,0,,EXCEL_2026_AH_COLUMN,2026,271
ind_e2f1df45b4,2. 공동연구센터,AI모빌리티,기업지원 활동 건수,2025,0,0,,EXCEL_2026_AH_COLUMN,2026,272
ind_41fe7d6e42,2. 공동연구센터,AI모빌리티,타 센터 및 기관과의 협업 활동 건수,2025,0,0,,EXCEL_2026_AH_COLUMN,2026,273
ind_fbabb7187d,2. 공동연구센터,AI모빌리티,02. 공용장비 확산 지수,2025,2,0,,EXCEL_2026_AH_COLUMN,2026,274
ind_afa43a8a15,2. 공동연구센터,AI모빌리티,공동활용 연구장비 활용 기업 수,2025,4,3,,EXCEL_2026_AH_COLUMN,2026,275
ind_117dd44673,2. 공동연구센터,AI모빌리티,공동활용 연구장비 관련 교육 이수자 수,2025,47000,0,,EXCEL_2026_AH_COLUMN,2026,277
ind_e1865f78cb,2. 공동연구센터,AI모빌리티,03. 지산학연 협력 협의체 운영 지수,2025,5,0,,EXCEL_2026_AH_COLUMN,2026,278
ind_611c20380f,2. 공동연구센터,AI모빌리티,지산학연 관련 협의체 개최 건수,2025,5,,,EXCEL_2026_AH_COLUMN,2026,279
ind_bc5f187296,2. 공동연구센터,첨단바이오,01. 애로기술지도 건수,2025,3,2,,EXCEL_2026_AH_COLUMN,2026,281
ind_33756a47fc,2. 공동연구센터,첨단바이오,02. 시제품제작지원 건수,2025,2,3,,EXCEL_2026_AH_COLUMN,2026,282
ind_1bce423f44,2. 공동연구센터,이차전지,02. 시제품제작지원 건수,2025,11,5,,EXCEL_2026_AH_COLUMN,2026,284
ind_926222d498,2. 공동연구센터,반도체,01. 애로기술지도 건수,2025,8,3,,EXCEL_2026_AH_COLUMN,2026,285
ind_2863691797,2. 공동연구센터,반도체,02. 시제품제작지원 건수,2025,5,0,,EXCEL_2026_AH_COLUMN,2026,286
ind_a45aabad04,2. 공동연구센터,AI첨단제조,01. 공동연구센터 운영 실적,2025,0,5,,EXCEL_2026_AH_COLUMN,2026,287
ind_8c1d0f31bd,2. 공동연구센터,AI첨단제조,2. 공동연구센터 특화 프로그램 운영 수,2025,0,0,,EXCEL_2026_AH_COLUMN,2026,288
ind_66ae0b930c,2. 공동연구센터,AI첨단제조,기업지원 활동 건수,2025,6,0,,EXCEL_2026_AH_COLUMN,2026,289
ind_9bbbcc0c0b,2. 공동연구센터,AI첨단제조,타 센터 및 기관과의 협업 활동 건수,2025,0,0,,EXCEL_2026_AH_COLUMN,2026,290
ind_e10845a474,2. 공동연구센터,AI첨단제조,02. 공용장비 확산 지수,2025,6.5,6,,EXCEL_2026_AH_COLUMN,2026,291
ind_2ec26fc92f,2. 공동연구센터,AI첨단제조,공동활용 연구장비 활용 기업 수,2025,5,0,,EXCEL_2026_AH_COLUMN,2026,292
ind_0f41279f26,2. 공동연구센터,AI첨단제조,공동활용 연구장비 관련 교육 건수,2025,1,0,,EXCEL_2026_AH_COLUMN,2026,293
ind_137b9f2e9f,2. 공동연구센터,AI첨단제조,공동활용 연구장비 관련 교육 이수자 수,2025,32,0,,EXCEL_2026_AH_COLUMN,2026,294
ind_c0b858f0bd,2. 공동연구센터,AI첨단제조,03. 지산학연 협력 협의체 운영 지수,2025,0,3,,EXCEL_2026_AH_COLUMN,2026,295
ind_ef55d12bc2,2. 공동연구센터,AI첨단제조,지산학연 관련 협의체 개최 건수,2025,0,0,,EXCEL_2026_AH_COLUMN,2026,296
ind_f4e26e806f,2. 공동연구센터,AI첨단제조,지산학연 관련 협의체 참여자 수,2025,0,0,,EXCEL_2026_AH_COLUMN,2026,297
ind_241fa5ec3e,2.2. 방사광가속기,4세대 방사광 가속기,02. 방사광가속기 연구 관련 학생연구원(학부) 참여자 수,2025,4,2,,EXCEL_2026_AH_COLUMN,2026,304
ind_05375f333e,2.2. 방사광가속기,4세대 방사광 가속기,03. 방사광가속기 연구 관련 학생연구원(석사) 참여자 수,2025,3,1,,EXCEL_2026_AH_COLUMN,2026,305
ind_56cf674201,2.2. 방사광가속기,4세대 방사광 가속기,04. 방사광가속기 연구 관련 학생연구원(박사) 참여자 수,2025,1,1,,EXCEL_2026_AH_COLUMN,2026,306
ind_0f06500385,2.2. 방사광가속기,4세대 방사광 가속기,05. 방사광가속기 관련 석사학위 취득자 수,2025,1,0,,EXCEL_2026_AH_COLUMN,2026,307
ind_a9076a4900,2.2. 방사광가속기,4세대 방사광 가속기,06. 방사광가속기 관련 박사학위 취득자 수,2025,0,0,,EXCEL_2026_AH_COLUMN,2026,308
ind_a204adeab7,2.2. 방사광가속기,4세대 방사광 가속기,01. 방사광가속기 교과목 운영 건수 증가율,2025,0,0,,EXCEL_2026_AH_COLUMN,2026,309
ind_9a6500e4e4,2.2. 방사광가속기,4세대 방사광 가속기,방사광가속기 교과목 운영(개설) 건수,2025,0,0,,EXCEL_2026_AH_COLUMN,2026,310
ind_0ab48663a6,2.2. 방사광가속기,4세대 방사광 가속기,02. 방사광가속기 연구논문 건수 증가율,2025,0,0,,EXCEL_2026_AH_COLUMN,2026,311
ind_43c851a668,2.2. 방사광가속기,4세대 방사광 가속기,방사광가속기와 관련된 교수 1인당 연구논문 게재 건수 (SCI(E)급),2025,0,0,,EXCEL_2026_AH_COLUMN,2026,312
ind_99b445b1ba,2.2. 방사광가속기,4세대 방사광 가속기,방사광가속기와 관련된 교수 1인당 연구논문 게재 건수 (KCI급),2025,1,0,,EXCEL_2026_AH_COLUMN,2026,313
ind_08e42dae0c,2.2. 방사광가속기,4세대 방사광 가속기,03. 방사광가속기 분야 산업체 재직자 교육 증가율,2025,0,0,,EXCEL_2026_AH_COLUMN,2026,314
ind_f65fc3e530,2.2. 방사광가속기,4세대 방사광 가속기,방사광가속기 관련 산업체 재직자 교육 건수,2025,0,0,,EXCEL_2026_AH_COLUMN,2026,315
ind_91d631236c,2.2. 방사광가속기,4세대 방사광 가속기,방사광가속기 관련 산업체 재직자 교육 참여자 수,2025,0,0,,EXCEL_2026_AH_COLUMN,2026,316
ind_8fc0a101fa,3. 평생교육,평생직업교육체계 활성화,02. 고등교육기관 재적자 중 성인 학습자(만 30세 이상)의 수,2025,1119,1063,,EXCEL_2026_AH_COLUMN,2026,318
ind_6497eb38a9,3. 평생교육,평생직업교육체계 활성화,(신규) 고등교육기관 재적자 수,2025,11814,-,,EXCEL_2026_AH_COLUMN,2026,319
ind_751912f4fd,3. 평생교육,평생직업교육체계 활성화,04. 성인 학습자 평생직업교육 학위과정 이수자 수,2025,398,375,,EXCEL_2026_AH_COLUMN,2026,321
ind_4a3f11c4f0,3. 평생교육,평생직업교육체계 활성화,05. 성인 학습자 평생직업교육 비학위과정 이수자 수,2025,494,454,,EXCEL_2026_AH_COLUMN,2026,322
ind_15640418f1,3. 평생교육,평생직업교육체계 활성화,01. 성인학습자(재직자) 교육과정 프로그램 만족도,2025,93.3,91,,EXCEL_2026_AH_COLUMN,2026,324
ind_977ed33e60,3. 평생교육,평생직업교육체계 활성화,02. 성인학습자(재직자) 대상 교육운영 건수,2025,19,14,,EXCEL_2026_AH_COLUMN,2026,325
ind_88b1c19c5a,3. 평생교육,평생직업교육체계 활성화,03. 성인학습자(재직자) 대상 교육 참여산업체 수,2025,213,16,,EXCEL_2026_AH_COLUMN,2026,326
ind_5b2c99531e,4. 지역현안해결,K-유학생,01. 지역혁신체제 만족도,2025,0,70,,EXCEL_2026_AH_COLUMN,2026,327
ind_05db27d396,4. 지역현안해결,K-유학생,사업 참여자 만족도 점수 합계(100점 환산),2025,0,70,,EXCEL_2026_AH_COLUMN,2026,328
ind_f5187c9850,4. 지역현안해결,K-유학생,03. 지역 외 4주 이상 8주 미만 표준현장실습 참여 학생 수,2025,0,0,,EXCEL_2026_AH_COLUMN,2026,332
ind_faf286c2b7,4. 지역현안해결,K-유학생,04. 지역 외 8주 이상 12주 미만 표준현장실습 참여 유학생 수,2025,0,0,,EXCEL_2026_AH_COLUMN,2026,334
ind_5a98b2cebd,4. 지역현안해결,K-유학생,05. 지역 외 12주 이상 표준현장실습 참여 유학생 수,2025,0,0,,EXCEL_2026_AH_COLUMN,2026,336
ind_546479555e,4. 지역현안해결,K-유학생,06. 표준현장실습 참여 유학생 중 실습기업에 취업한 유학생 수,2025,0,0,,EXCEL_2026_AH_COLUMN,2026,338
ind_5930ab4992,4. 지역현안해결,K-유학생,(신규) 대학 전체 유학생 수,2025,35,,,EXCEL_2026_AH_COLUMN,2026,339
ind_bed6101d8b,4. 지역현안해결,K-유학생,01. 유학생 유치 인원 증가율,2025,#DIV/0!,3,,EXCEL_2026_AH_COLUMN,2026,340
ind_892b6ad19a,4. 지역현안해결,K-유학생,02. 유학생 유치 인원,2025,150,158,,EXCEL_2026_AH_COLUMN,2026,341
ind_ded9314790,4. 지역현안해결,K-유학생,03. 유학생 유지 증가율,2025,#DIV/0!,3,,EXCEL_2026_AH_COLUMN,2026,342
ind_d622bf963a,4. 지역현안해결,K-유학생,04. 유학생 유지 인원,2025,141,154,,EXCEL_2026_AH_COLUMN,2026,343
ind_c2140068b2,4. 지역현안해결,생활연구소,01. 지역혁신체제 만족도,2025,0,70,,EXCEL_2026_AH_COLUMN,2026,344
ind_67634eeca4,4. 지역현안해결,생활연구소,사업 참여자 만족도 점수 합계(100점 환산),2025,0,70,,EXCEL_2026_AH_COLUMN,2026,345
ind_f5040aaba8,4. 지역현안해결,생활연구소,03. 정책 반영 건수,2025,1,1,,EXCEL_2026_AH_COLUMN,2026,348
ind_d1d8ec18c5,4. 지역현안해결,생활연구소,04. 정책 반영 및 후속 사업 추진 건수,2025,0,1,,EXCEL_2026_AH_COLUMN,2026,349
ind_920ada96ad,4. 지역현안해결,생활연구소,운영 프로그램의 개수,2025,3,3,,EXCEL_2026_AH_COLUMN,2026,351
ind_4d04e4469d,4. 지역현안해결,생활연구소,02. 충북생활연구소 프로그램 참여시민 만족도,2025,93.89,60,,EXCEL_2026_AH_COLUMN,2026,352
ind_5da1b8e18c,4. 지역현안해결,늘봄,01. 지역혁신체제 만족도,2025,0,70,,EXCEL_2026_AH_COLUMN,2026,353
ind_e6ca2c3ad0,4. 지역현안해결,늘봄,사업 참여자 만족도 점수 합계(100점 환산),2025,0,70,,EXCEL_2026_AH_COLUMN,2026,354
ind_7e036a657b,4. 지역현안해결,늘봄,만족도 참여자 수,2025,146,,,EXCEL_2026_AH_COLUMN,2026,355
ind_ff3f0770b2,4. 지역현안해결,늘봄,03. 늘봄학교 참여자의 학부모 만족도(100점 만점의 평균),2025,93.1,80,,EXCEL_2026_AH_COLUMN,2026,357
ind_b5caf30d26,4. 지역현안해결,늘봄,늘봄학교 만족도 조사 참여자 수,2025,17,,,EXCEL_2026_AH_COLUMN,2026,358
ind_575b06feaf,4. 지역현안해결,늘봄,늘봄강사 취업자 수,2025,0,0,,EXCEL_2026_AH_COLUMN,2026,360
ind_caa1f8f629,4. 지역현안해결,늘봄,늘봄강사 교육과정 이수자 수,2025,34,0,,EXCEL_2026_AH_COLUMN,2026,361
ind_e564edf00d,4. 지역현안해결,늘봄,01. 프로그램 개발 및 고도화 누적 차시,2025,180,150,,EXCEL_2026_AH_COLUMN,2026,362
ind_90c0b39ad3,4. 지역현안해결,늘봄,02. 프로그램 운영 누적 차시,2025,0,0,,EXCEL_2026_AH_COLUMN,2026,363
