source_sheet,source_excel_row,input_complete_flag,evidence_complete_flag,project_name,task_name,source_scope_name,source_level_name,indicator_name,unit,owner,target_2026,actual_2026,achievement_2026,note,source_weight,baseline_value,target_2025,target_2026_changed,target_2027,target_2028,target_2029,old_baseline,old_target_2025,old_target_2026,old_target_2027,old_target_2028,old_target_2029,prev_2025_target_check,actual_2025,target_match_check,actual_match_check,normalized_indicator_name,has_number_prefix,indicator_scope,is_regional_aggregate,source_level_confidence,indicator_id,indicator_level,parent_indicator_id,children_count,calculation_mode,formula_type
2026,5,O,X,1. 인력양성,1-1. 공유대학,지역 전체,상위지표,01. 지역 정주 취업률,%,취업성공지원과,,,,,,,,,,,,,,,,,,,,True,True,지역 정주 취업률,True,PROJECT,False,EXPLICIT,ind_cf44c0cc5a,PARENT,,2,AUTO_FROM_CHILDREN,RATIO
2026,6,O,X,1. 인력양성,1-1. 공유대학,지역 전체,하위지표,02. 지역 내 취업자 수,명,취업성공지원과,7,,0,,,6,6,7,8,9,10,-,6,7,8,9,10,6,6,False,False,지역 내 취업자 수,True,PROJECT,False,EXPLICIT,ind_a9e26120c0,CHILD,ind_cf44c0cc5a,0,,DIRECT
2026,7,O,X,1. 인력양성,1-1. 공유대학,지역 전체,하위지표,03. 지역 외(수도권 제외) 취업자 수,명,취업성공지원과,15,,0,,,14,14,15,16,17,18,-,14,15,16,17,18,14,14,False,False,지역 외(수도권 제외) 취업자 수,True,PROJECT,False,EXPLICIT,ind_0c96c8e43a,CHILD,ind_cf44c0cc5a,0,,DIRECT
2026,8,O,X,1. 인력양성,1-1. 공유대학,지역 전체,상위지표,(신규) 대학 전체 졸업자 수,명,대학본부,2162,,,신규,,2162,2162,2162,2187,2212,2237,,,,,,,-,2162,False,False,대학 전체 졸업자 수,False,PROJECT,False,EXPLICIT,ind_55d02fa5bf,PARENT,,0,DIRECT_INPUT,DIRECT
2026,9,O,X,1. 인력양성,1-1. 공유대학,단위과제 자율,상위지표,04. 공유대학 참여 증가율,%,허소영,0,,,,,,,,,,,,,,,,,,,False,True,공유대학 참여 증가율,True,CHUNGBUK,False,EXPLICIT,ind_889fa0188a,PARENT,,8,AUTO_FROM_CHILDREN,GROWTH_RATE
2026,10,O,X,1. 인력양성,1-1. 공유대학,단위과제 자율,하위지표,05. 공동교육과정 이수자 수,명,허소영,345,,0,,,295,300,345,378,431,478,-,300,345,378,431,478,300,368,False,False,공동교육과정 이수자 수,True,CHUNGBUK,False,EXPLICIT,ind_4bd51efe1a,CHILD,ind_889fa0188a,0,,DIRECT
2026,11,O,X,1. 인력양성,1-1. 공유대학,단위과제 자율,하위지표,06. 산학실무교과목 수,수,허소영,2,,0,,,1,2,2,3,3,3,-,1,1.3,1.4,1.5,1.6,1,2,False,False,산학실무교과목 수,True,CHUNGBUK,False,EXPLICIT,ind_a8e27580f6,CHILD,ind_889fa0188a,0,,DIRECT
2026,12,O,X,1. 인력양성,1-1. 공유대학,단위과제 자율,하위지표,07. 표준현장실습 참여자 수,명,허소영,7,,0,,,5,5,7,7,8,8,-,5,6.5,7,7.3,7.7,5,4,False,False,표준현장실습 참여자 수,True,CHUNGBUK,False,EXPLICIT,ind_c2a722f087,CHILD,ind_889fa0188a,0,,DIRECT
2026,13,O,X,1. 인력양성,1-1. 공유대학,단위과제 자율,하위지표,(신규) 공유대학 참여자 수,명,허소영,124,,,신규,,114,114,124,133,143,152,0,0,0,0,0,0,-,142,False,False,공유대학 참여자 수,False,CHUNGBUK,False,EXPLICIT,ind_10009f96c7,CHILD,ind_889fa0188a,0,,DIRECT
2026,14,O,X,1. 인력양성,1-1. 공유대학,단위과제 자율,하위지표,(신규) 공유대학 교과목 수,명,허소영,110,,,신규,,100,100,110,120,130,140,0,0,0,0,0,0,-,100,False,False,공유대학 교과목 수,False,CHUNGBUK,False,EXPLICIT,ind_c6a15c44b1,CHILD,ind_889fa0188a,0,,DIRECT
2026,15,O,X,1. 인력양성,1-1. 공유대학,대학 자율,하위지표,01. 타 대학 학점교류 수강 건수,건,허소영,203,,0,,1,195,202,203,215,223,233,148,152.4,155.4,162.2,170.6,178.3,152.4,304,False,False,타 대학 학점교류 수강 건수,True,UNIVERSITY,False,EXPLICIT,ind_dfd083c0ae,CHILD,ind_889fa0188a,0,,DIRECT
2026,16,O,X,1. 인력양성,1-1. 공유대학,대학 자율,하위지표,02. 실무교과목 이수 학생 수,명,허소영,46,,0,,1,38,43,46,49,49,53,29.5,33,35,37,38,39,33,98,False,False,실무교과목 이수 학생 수,True,UNIVERSITY,False,EXPLICIT,ind_6ced62e054,CHILD,ind_889fa0188a,0,,DIRECT
2026,17,O,X,1. 인력양성,1-1. 공유대학,대학 자율,하위지표,03. 산업체 인력참여자 수,명,허소영,9,,0,,1,5,6,9,10,11,12,5,6.2,8.2,9.9,11.1,12.3,6.2,7,False,False,산업체 인력참여자 수,True,UNIVERSITY,False,EXPLICIT,ind_bcb77dd788,CHILD,ind_889fa0188a,0,,DIRECT
2026,18,O,X,1. 인력양성,1-2. 이차전지 단독형,지역 전체,상위지표,01. 지역 정주 취업률,%,취업성공지원과,0,,,,,,,,,,,,,,,,,,,False,True,지역 정주 취업률,True,PROJECT,False,EXPLICIT,ind_ac9ff6541e,PARENT,,2,AUTO_FROM_CHILDREN,RATIO
2026,19,O,X,1. 인력양성,1-2. 이차전지 단독형,지역 전체,하위지표,02. 지역 내 취업자 수,명,취업성공지원과,11,,0,,,10,10,11,12,13,14,-,10,11,12,13,14,10,34,False,False,지역 내 취업자 수,True,PROJECT,False,EXPLICIT,ind_ecda8a8df5,CHILD,ind_ac9ff6541e,0,,DIRECT
2026,20,O,X,1. 인력양성,1-2. 이차전지 단독형,지역 전체,하위지표,03. 지역 외(수도권 제외) 취업자 수,명,취업성공지원과,25,,0,,,24,24,25,26,27,28,-,24,25,26,27,28,24,28,False,False,지역 외(수도권 제외) 취업자 수,True,PROJECT,False,EXPLICIT,ind_e87bd551d4,CHILD,ind_ac9ff6541e,0,,DIRECT
2026,21,O,X,1. 인력양성,1-2. 이차전지 단독형,"지역 전체, 단위과제 자율",상위지표,04. 지역 외 표준현장실습 참여 학생 증가율,%,조은미,0,,,,,,,,,,,,,,,,,,,False,True,지역 외 표준현장실습 참여 학생 증가율,True,CHUNGBUK,True,EXPLICIT,ind_7391ca3bee,PARENT,,0,DIRECT_INPUT,DIRECT
2026,22,O,X,1. 인력양성,1-2. 이차전지 단독형,"지역 전체, 단위과제 자율",상위지표,04. 지역 내 표준현장실습 참여 학생 증가율,%,조은미,0,,,,,,,,,,,,,,,,,,,False,True,지역 내 표준현장실습 참여 학생 증가율,True,CHUNGBUK,True,EXPLICIT,ind_cb5cbba563,PARENT,,8,AUTO_FROM_CHILDREN,GROWTH_RATE
2026,23,O,X,1. 인력양성,1-2. 이차전지 단독형,"지역 전체, 단위과제 자율",하위지표,05. 지역 외 4주 이상 8주 미만 표준현장실습 참여 학생 수,명,조은미,1,,0,,,1,1,1,1,1,1,-,8,9,10,11,12,1,1,True,False,지역 외 4주 이상 8주 미만 표준현장실습 참여 학생 수,True,CHUNGBUK,True,EXPLICIT,ind_929050356f,CHILD,ind_cb5cbba563,0,,DIRECT
2026,24,O,X,1. 인력양성,1-2. 이차전지 단독형,"지역 전체, 단위과제 자율",하위지표,05. 지역 내 4주 이상 8주 미만 표준현장실습 참여 학생 수,명,조은미,2,,0,,,1,1,2,3,4,5,,,,,,,1,3,False,False,지역 내 4주 이상 8주 미만 표준현장실습 참여 학생 수,True,CHUNGBUK,True,EXPLICIT,ind_40ece2c055,CHILD,ind_cb5cbba563,0,,DIRECT
2026,25,O,X,1. 인력양성,1-2. 이차전지 단독형,"지역 전체, 단위과제 자율",하위지표,06. 지역 외 8주 이상 12주 미만 표준현장실습 참여 학생 수,명,조은미,6,,0,,,6,6,6,6,6,6,-,8,9,10,11,12,6,8,True,False,지역 외 8주 이상 12주 미만 표준현장실습 참여 학생 수,True,CHUNGBUK,True,EXPLICIT,ind_ee7ab0d187,CHILD,ind_cb5cbba563,0,,DIRECT
2026,26,O,X,1. 인력양성,1-2. 이차전지 단독형,"지역 전체, 단위과제 자율",하위지표,06. 지역 내 8주 이상 12주 미만 표준현장실습 참여 학생 수,명,조은미,3,,0,,,2,2,3,4,5,6,,,,,,,2,2,False,False,지역 내 8주 이상 12주 미만 표준현장실습 참여 학생 수,True,CHUNGBUK,True,EXPLICIT,ind_fe5511690a,CHILD,ind_cb5cbba563,0,,DIRECT
2026,27,O,X,1. 인력양성,1-2. 이차전지 단독형,"지역 전체, 단위과제 자율",하위지표,07. 지역 외 12주 이상 표준현장실습 참여 학생 수,명,조은미,5,,0,,,5,5,5,5,5,5,-,8,9,10,11,12,5,24,True,False,지역 외 12주 이상 표준현장실습 참여 학생 수,True,CHUNGBUK,True,EXPLICIT,ind_d6609f5535,CHILD,ind_cb5cbba563,0,,DIRECT
2026,28,O,X,1. 인력양성,1-2. 이차전지 단독형,"지역 전체, 단위과제 자율",하위지표,07. 지역 내 12주 이상 표준현장실습 참여 학생 수,명,조은미,3,,0,,,2,2,3,4,5,6,,,,,,,2,2,False,False,지역 내 12주 이상 표준현장실습 참여 학생 수,True,CHUNGBUK,True,EXPLICIT,ind_28d77a3833,CHILD,ind_cb5cbba563,0,,DIRECT
2026,29,O,X,1. 인력양성,1-2. 이차전지 단독형,"지역 전체, 단위과제 자율",하위지표,08. 표준현장실습 참여자 중 실습기업 취업자 수,명,조은미,1,,0,,,-,10,1,2,2,3,-,1,1,2,2,3,1,0,True,False,표준현장실습 참여자 중 실습기업 취업자 수,True,CHUNGBUK,True,EXPLICIT,ind_eb1981ebf8,CHILD,ind_cb5cbba563,0,,DIRECT
2026,30,O,X,1. 인력양성,1-2. 이차전지 단독형,"지역 전체, 단위과제 자율",하위지표,(신규) 대학 전체 재학생 수,명,대학본부,7950,,,신규,,7950,7950,7950,7990,8030,8070,,,7950,7990,8030,8070,0,7950,False,False,대학 전체 재학생 수,False,CHUNGBUK,True,EXPLICIT,ind_98ddfb266b,CHILD,ind_cb5cbba563,0,,DIRECT
2026,31,O,X,1. 인력양성,1-2. 이차전지 단독형,"지역 전체, 단위과제 자율",상위지표,09. 지역고교 출신 입학생 증가율,%,,0,,,,,,8,,,,,,,,,,,,,False,True,지역고교 출신 입학생 증가율,True,CHUNGBUK,True,EXPLICIT,ind_9ceb4666d9,PARENT,,3,AUTO_FROM_CHILDREN,GROWTH_RATE
2026,32,O,X,1. 인력양성,1-2. 이차전지 단독형,"지역 전체, 단위과제 자율",하위지표,10. 지역고교생 참여 프로그램 이수자 수,명,윤아롱,45,,0,,,37,40,45,50,55,60,-,40,45,50,55,60,40,211,False,False,지역고교생 참여 프로그램 이수자 수,True,CHUNGBUK,True,EXPLICIT,ind_3b806a8833,CHILD,ind_9ceb4666d9,0,,DIRECT
2026,33,O,X,1. 인력양성,1-2. 이차전지 단독형,지역 전체,하위지표,11. 지역고교생 입학자 수,명,입학과,3,,0,,,2,2,3,4,5,6,-,2,3,4,5,6,2,,False,True,지역고교생 입학자 수,True,PROJECT,False,EXPLICIT,ind_e50136dbcf,CHILD,ind_9ceb4666d9,0,,DIRECT
2026,34,O,X,1. 인력양성,1-2. 이차전지 단독형,지역 전체,하위지표,(신규) 대학 전체 입학자 수,명,대학본부,2117,,,신규,,2117,2117,2117,2132,2147,2162,,,2117,2132,2147,2162,0,2117,False,False,대학 전체 입학자 수,False,PROJECT,False,EXPLICIT,ind_2f78ebd098,CHILD,ind_9ceb4666d9,0,,DIRECT
2026,35,O,X,1. 인력양성,1-2. 이차전지 단독형,대학 자율,상위지표,01. 지산학연 특화 교수법 운영 실적,값,배하은,14.8,,0,,,12.3,12.3,14.8,18.5,22.2,25.9,12.3,12.3,14.8,18.5,22.2,25.9,12.3,0,False,False,지산학연 특화 교수법 운영 실적,True,UNIVERSITY,False,EXPLICIT,ind_04ecf68b92,PARENT,,2,AUTO_FROM_CHILDREN,WEIGHTED_SUM
2026,36,O,X,1. 인력양성,1-2. 이차전지 단독형,대학 자율,하위지표,특화 교수법 적용 교과 운영 건수,건,배하은,0,,,,0.7,,,,,,,,,,,,,3,3,False,False,특화 교수법 적용 교과 운영 건수,False,UNIVERSITY,False,EXPLICIT,ind_324fb24034,CHILD,ind_04ecf68b92,0,,DIRECT
2026,37,O,X,1. 인력양성,1-2. 이차전지 단독형,대학 자율,하위지표,특화 교수법 적용 교과 이수 학생 수,명,배하은,0,,,,0.3,,,,,,,,,,,,,34,45,False,False,특화 교수법 적용 교과 이수 학생 수,False,UNIVERSITY,False,EXPLICIT,ind_d49ed61de8,CHILD,ind_04ecf68b92,0,,DIRECT
2026,38,O,X,1. 인력양성,1-2. 이차전지 단독형,대학 자율,상위지표,02. 교육과정 개발 실적,값,허소영,3.1,,0,,,0,1,3.1,5.5,7.2,9.6,0,1,3.1,5.5,7.2,9.6,1,0,False,False,교육과정 개발 실적,True,UNIVERSITY,False,EXPLICIT,ind_25ac353144,PARENT,,2,AUTO_FROM_CHILDREN,WEIGHTED_SUM
2026,39,O,X,1. 인력양성,1-2. 이차전지 단독형,대학 자율,하위지표,교육과정 관련 산관학협의체 운영 건수,건,허소영,0,,,,1,,,,,,,,,,,,,1,4,False,False,교육과정 관련 산관학협의체 운영 건수,False,UNIVERSITY,False,EXPLICIT,ind_51dde78272,CHILD,ind_25ac353144,0,,DIRECT
2026,40,O,X,1. 인력양성,1-2. 이차전지 단독형,대학 자율,하위지표,교과목 개편 및 개발 건수,건,허소영,0,,,,2,,,,,,,,,,,,,0,7,True,False,교과목 개편 및 개발 건수,False,UNIVERSITY,False,EXPLICIT,ind_db945663a5,CHILD,ind_25ac353144,0,,DIRECT
2026,41,O,X,1. 인력양성,1-2. 이차전지 단독형,대학 자율,상위지표,03. 캡스톤디자인 이수학생 수,값,김민지,75,,0,,,63,70,75,77.5,82.5,85,63,70,75,77.5,82.5,85,70,0,False,False,캡스톤디자인 이수학생 수,True,UNIVERSITY,False,EXPLICIT,ind_50274365d6,PARENT,,3,AUTO_FROM_CHILDREN,WEIGHTED_SUM
2026,42,O,X,1. 인력양성,1-2. 이차전지 단독형,대학 자율,하위지표,교수중심형 캡스톤디자인 이수학생 수,명,김민지,0,,,,1,,,,,,,,,,,,,55,87,False,False,교수중심형 캡스톤디자인 이수학생 수,False,UNIVERSITY,False,EXPLICIT,ind_dab2dd6ac6,CHILD,ind_50274365d6,0,,DIRECT
2026,43,O,X,1. 인력양성,1-2. 이차전지 단독형,대학 자율,하위지표,기업연계 기반 캡스톤디자인 이수학생 수,명,김민지,0,,,,1.5,,,,,,,,,,,,,10,0,False,False,기업연계 기반 캡스톤디자인 이수학생 수,False,UNIVERSITY,False,EXPLICIT,ind_7117fe466b,CHILD,ind_50274365d6,0,,DIRECT
2026,44,O,X,1. 인력양성,1-2. 이차전지 단독형,대학 자율,하위지표,글로벌 기반 캡스톤디자인 이수학생 수,명,김민지,0,,,,2,,,,,,,,,,,,,0,0,True,False,글로벌 기반 캡스톤디자인 이수학생 수,False,UNIVERSITY,False,EXPLICIT,ind_76dfb70468,CHILD,ind_50274365d6,0,,DIRECT
2026,45,O,X,1. 인력양성,1-3. 바이오 단독형,지역 전체,상위지표,01. 지역 정주 취업률,%,취업성공지원과,0,,,,,,,,,,,,,,,,,,,False,True,지역 정주 취업률,True,PROJECT,False,EXPLICIT,ind_8d62b19258,PARENT,,2,AUTO_FROM_CHILDREN,RATIO
2026,46,O,X,1. 인력양성,1-3. 바이오 단독형,지역 전체,하위지표,02. 지역 내 취업자 수,명,취업성공지원과,7,,0,,,6,6,7,8,9,10,-,6,7,8,9,10,6,30,False,False,지역 내 취업자 수,True,PROJECT,False,EXPLICIT,ind_9f383b4889,CHILD,ind_8d62b19258,0,,DIRECT
2026,47,O,X,1. 인력양성,1-3. 바이오 단독형,지역 전체,하위지표,03. 지역 외(수도권 제외) 취업자 수,명,취업성공지원과,15,,0,,,14,14,15,16,17,18,-,14,15,16,17,18,14,32,False,False,지역 외(수도권 제외) 취업자 수,True,PROJECT,False,EXPLICIT,ind_8526071799,CHILD,ind_8d62b19258,0,,DIRECT
2026,48,O,X,1. 인력양성,1-3. 바이오 단독형,"지역 전체, 단위과제 자율",상위지표,04. 지역 외 표준현장실습 참여 학생 증가율,%,조은미,0,,,,,,,,,,,,,,,,,,,False,True,지역 외 표준현장실습 참여 학생 증가율,True,CHUNGBUK,True,EXPLICIT,ind_bed2a3bd07,PARENT,,0,DIRECT_INPUT,DIRECT
2026,49,O,X,1. 인력양성,1-3. 바이오 단독형,"지역 전체, 단위과제 자율",상위지표,04. 지역 내 표준현장실습 참여 학생 증가율,%,조은미,0,,,,,,,,,,,,,,,,,,,False,True,지역 내 표준현장실습 참여 학생 증가율,True,CHUNGBUK,True,EXPLICIT,ind_ba464a9d1e,PARENT,,8,AUTO_FROM_CHILDREN,GROWTH_RATE
2026,50,O,O,1. 인력양성,1-3. 바이오 단독형,"지역 전체, 단위과제 자율",하위지표,05. 지역 외 4주 이상 8주 미만 표준현장실습 참여 학생 수,명,조은미,1,,0,,,1,1,1,1,1,1,-,7,8,9,10,11,1,0,True,False,지역 외 4주 이상 8주 미만 표준현장실습 참여 학생 수,True,CHUNGBUK,True,EXPLICIT,ind_7f14e76c1b,CHILD,ind_ba464a9d1e,0,,DIRECT
2026,51,O,O,1. 인력양성,1-3. 바이오 단독형,"지역 전체, 단위과제 자율",하위지표,05. 지역 내 4주 이상 8주 미만 표준현장실습 참여 학생 수,명,조은미,2,,0,,,1,1,2,3,4,5,,,,,,,1,2,False,False,지역 내 4주 이상 8주 미만 표준현장실습 참여 학생 수,True,CHUNGBUK,True,EXPLICIT,ind_754c43db41,CHILD,ind_ba464a9d1e,0,,DIRECT
2026,52,O,O,1. 인력양성,1-3. 바이오 단독형,"지역 전체, 단위과제 자율",하위지표,06. 지역 외 8주 이상 12주 미만 표준현장실습 참여 학생 수,명,조은미,5,,0,,,5,5,5,5,5,5,-,7,8,9,10,11,5,2,True,False,지역 외 8주 이상 12주 미만 표준현장실습 참여 학생 수,True,CHUNGBUK,True,EXPLICIT,ind_427fa3beba,CHILD,ind_ba464a9d1e,0,,DIRECT
2026,53,O,O,1. 인력양성,1-3. 바이오 단독형,"지역 전체, 단위과제 자율",하위지표,06. 지역 내 8주 이상 12주 미만 표준현장실습 참여 학생 수,명,조은미,3,,0,,,2,2,3,4,5,6,,,,,,,2,4,False,False,지역 내 8주 이상 12주 미만 표준현장실습 참여 학생 수,True,CHUNGBUK,True,EXPLICIT,ind_33b5d0c032,CHILD,ind_ba464a9d1e,0,,DIRECT
2026,54,O,X,1. 인력양성,1-3. 바이오 단독형,"지역 전체, 단위과제 자율",하위지표,07. 지역 외 12주 이상 표준현장실습 참여 학생 수,명,조은미,5,,0,,,5,5,5,5,5,5,-,8,9,10,11,12,5,2,True,False,지역 외 12주 이상 표준현장실습 참여 학생 수,True,CHUNGBUK,True,EXPLICIT,ind_b41b07e837,CHILD,ind_ba464a9d1e,0,,DIRECT
2026,55,O,X,1. 인력양성,1-3. 바이오 단독형,"지역 전체, 단위과제 자율",하위지표,07. 지역 내 12주 이상 표준현장실습 참여 학생 수,명,조은미,2,,0,,,1,1,2,3,4,5,,,,,,,1,7,False,False,지역 내 12주 이상 표준현장실습 참여 학생 수,True,CHUNGBUK,True,EXPLICIT,ind_fcf034942d,CHILD,ind_ba464a9d1e,0,,DIRECT
2026,56,O,X,1. 인력양성,1-3. 바이오 단독형,"지역 전체, 단위과제 자율",하위지표,08. 표준현장실습 참여자 중 실습기업 취업자 수,명,조은미,1,,0,,,1,1,1,2,2,3,-,1,1,2,2,3,1,0,True,False,표준현장실습 참여자 중 실습기업 취업자 수,True,CHUNGBUK,True,EXPLICIT,ind_e9745c19f0,CHILD,ind_ba464a9d1e,0,,DIRECT
2026,57,O,O,1. 인력양성,1-3. 바이오 단독형,"지역 전체, 단위과제 자율",하위지표,(신규) 대학 전체 재학생 수,명,대학본부,7950,,,신규,,7950,7950,7950,7990,8030,8070,,,7950,7990,8030,8070,0,7950,False,False,대학 전체 재학생 수,False,CHUNGBUK,True,EXPLICIT,ind_31b6ee26d3,CHILD,ind_ba464a9d1e,0,,DIRECT
2026,58,O,X,1. 인력양성,1-3. 바이오 단독형,"지역 전체, 단위과제 자율",상위지표,09. 지역고교 출신 입학생 증가율,%,,0,,,,,,,,,,,,,,,,,,,False,True,지역고교 출신 입학생 증가율,True,CHUNGBUK,True,EXPLICIT,ind_56a7d27459,PARENT,,2,AUTO_FROM_CHILDREN,GROWTH_RATE
2026,59,O,X,1. 인력양성,1-3. 바이오 단독형,"지역 전체, 단위과제 자율",하위지표,10. 지역고교생 참여 프로그램 이수자 수,명,윤아롱,45,,0,,,40,40,45,50,55,60,-,40,45,50,55,60,40,119,False,False,지역고교생 참여 프로그램 이수자 수,True,CHUNGBUK,True,EXPLICIT,ind_af1b4af73f,CHILD,ind_56a7d27459,0,,DIRECT
2026,60,O,X,1. 인력양성,1-3. 바이오 단독형,지역 전체,하위지표,11. 지역고교생 입학자 수,명,입학과,3,,0,,,2,2,3,4,5,6,-,2,3,4,5,6,2,,False,True,지역고교생 입학자 수,True,PROJECT,False,EXPLICIT,ind_79360ff0b6,CHILD,ind_56a7d27459,0,,DIRECT
2026,61,O,X,1. 인력양성,1-3. 바이오 단독형,대학 자율,,01. 지산학연 특화 교수법 운영 실적,값,배하은,49.2,,0,,,46.1,46.1,49.2,52.9,56.6,60.3,46.1,46.1,49.2,52.9,56.6,60.3,46.1,0,False,False,지산학연 특화 교수법 운영 실적,True,UNIVERSITY,False,INFERRED,ind_7e134ac1f0,PARENT,,2,AUTO_FROM_CHILDREN,WEIGHTED_SUM
2026,62,O,X,1. 인력양성,1-3. 바이오 단독형,대학 자율,,특화 교수법 적용 교과 운영 건수,건,배하은,0,,,,0.7,,,,,,,,,,,,,5,8,False,False,특화 교수법 적용 교과 운영 건수,False,UNIVERSITY,False,INFERRED,ind_ab5a0c3bda,CHILD,ind_7e134ac1f0,0,,DIRECT
2026,63,O,X,1. 인력양성,1-3. 바이오 단독형,대학 자율,,특화 교수법 적용 교과 이수 학생 수,명,배하은,0,,,,0.3,,,,,,,,,,,,,142,145,False,False,특화 교수법 적용 교과 이수 학생 수,False,UNIVERSITY,False,INFERRED,ind_dcb9605937,CHILD,ind_7e134ac1f0,0,,DIRECT
2026,64,O,X,1. 인력양성,1-3. 바이오 단독형,대학 자율,,02. 교육과정 개발 실적,값,허소영,3.1,,0,,,1,1,3.1,5.5,7.2,9.6,0,1,3.1,5.5,7.2,9.6,1,0,False,False,교육과정 개발 실적,True,UNIVERSITY,False,INFERRED,ind_30eb9ffdc8,PARENT,,2,AUTO_FROM_CHILDREN,WEIGHTED_SUM
2026,65,O,X,1. 인력양성,1-3. 바이오 단독형,대학 자율,,교육과정 관련 산관학협의체 운영 건수,건,허소영,0,,,,1,,,,,,,,,,,,,1,6,False,False,교육과정 관련 산관학협의체 운영 건수,False,UNIVERSITY,False,INFERRED,ind_440941a5a0,CHILD,ind_30eb9ffdc8,0,,DIRECT
2026,66,O,X,1. 인력양성,1-3. 바이오 단독형,대학 자율,,교과목 개편 및 개발 건수,건,허소영,0,,,,2,,,,,,,,,,,,,0,18,True,False,교과목 개편 및 개발 건수,False,UNIVERSITY,False,INFERRED,ind_800e68ac30,CHILD,ind_30eb9ffdc8,0,,DIRECT
2026,67,O,X,1. 인력양성,1-3. 바이오 단독형,대학 자율,,03. 캡스톤디자인 이수학생 수,값,김민지,720,,0,,,707,707.5,720,730,740,751.5,707,707.5,720,730,740,751.5,707.5,0,False,False,캡스톤디자인 이수학생 수,True,UNIVERSITY,False,INFERRED,ind_ef7ccee874,PARENT,,0,DIRECT_INPUT,DIRECT
2026,68,O,X,1. 인력양성,1-3. 바이오 단독형,대학 자율,,교수중심형 캡스톤디자인 이수학생 수,명,김민지,0,,,,1,,,,,,,,,,,,,130,567,False,False,교수중심형 캡스톤디자인 이수학생 수,False,UNIVERSITY,False,INFERRED,ind_751ab6ef07,PARENT,,0,DIRECT_INPUT,DIRECT
2026,69,O,X,1. 인력양성,1-3. 바이오 단독형,대학 자율,,기업연계 기반 캡스톤디자인 이수학생 수,명,김민지,0,,,,1.5,,,,,,,,,,,,,385,110,False,False,기업연계 기반 캡스톤디자인 이수학생 수,False,UNIVERSITY,False,INFERRED,ind_adf951ec79,PARENT,,0,DIRECT_INPUT,DIRECT
2026,70,O,X,1. 인력양성,1-3. 바이오 단독형,대학 자율,,글로벌 기반 캡스톤디자인 이수학생 수,명,김민지,0,,,,2,,,,,,,,,,,,,0,0,True,False,글로벌 기반 캡스톤디자인 이수학생 수,False,UNIVERSITY,False,INFERRED,ind_c7f79a2da3,PARENT,,0,DIRECT_INPUT,DIRECT
2026,71,O,X,1. 인력양성,1-4. 반도체 단독형,지역 전체,,01. 지역 정주 취업률,%,취업성공지원과,0,,,,,,,,,,,,,,,,,,,False,True,지역 정주 취업률,True,PROJECT,False,INFERRED,ind_7e3b84b35b,PARENT,,2,AUTO_FROM_CHILDREN,RATIO
2026,72,O,X,1. 인력양성,1-4. 반도체 단독형,지역 전체,,02. 지역 내 취업자 수,명,취업성공지원과,7,,0,,,6,6,7,8,9,10,-,6,7,8,9,10,6,33,False,False,지역 내 취업자 수,True,PROJECT,False,INFERRED,ind_907a8d56c5,CHILD,ind_7e3b84b35b,0,,DIRECT
2026,73,O,X,1. 인력양성,1-4. 반도체 단독형,지역 전체,,03. 지역 외(수도권 제외) 취업자 수,명,취업성공지원과,15,,0,,,14,14,15,16,17,18,-,14,15,16,17,18,14,42,False,False,지역 외(수도권 제외) 취업자 수,True,PROJECT,False,INFERRED,ind_959cef5090,CHILD,ind_7e3b84b35b,0,,DIRECT
2026,74,O,X,1. 인력양성,1-4. 반도체 단독형,"지역 전체, 단위과제 자율",,04. 지역 외 표준현장실습 참여 학생 증가율,%,조은미,0,,,,,,,,,,,,,,,,,,,False,True,지역 외 표준현장실습 참여 학생 증가율,True,CHUNGBUK,True,INFERRED,ind_56058b252a,PARENT,,0,DIRECT_INPUT,DIRECT
2026,75,O,X,1. 인력양성,1-4. 반도체 단독형,"지역 전체, 단위과제 자율",,04. 지역 내 표준현장실습 참여 학생 증가율,%,조은미,0,,,,,,,,,,,,,,,,,,,False,True,지역 내 표준현장실습 참여 학생 증가율,True,CHUNGBUK,True,INFERRED,ind_72f7cadfb4,PARENT,,6,AUTO_FROM_CHILDREN,GROWTH_RATE
2026,76,O,X,1. 인력양성,1-4. 반도체 단독형,"지역 전체, 단위과제 자율",,05. 지역 외 4주 이상 8주 미만 표준현장실습 참여 학생 수,명,조은미,1,,0,,,1,1,1,1,1,1,-,7,8,9,10,11,1,0,True,False,지역 외 4주 이상 8주 미만 표준현장실습 참여 학생 수,True,CHUNGBUK,True,INFERRED,ind_68795755bd,CHILD,ind_72f7cadfb4,0,,DIRECT
2026,77,O,X,1. 인력양성,1-4. 반도체 단독형,"지역 전체, 단위과제 자율",,05. 지역 내 4주 이상 8주 미만 표준현장실습 참여 학생 수,명,조은미,2,,0,,,1,1,2,3,4,5,,,,,,,1,0,False,False,지역 내 4주 이상 8주 미만 표준현장실습 참여 학생 수,True,CHUNGBUK,True,INFERRED,ind_ea41ba272e,CHILD,ind_72f7cadfb4,0,,DIRECT
2026,78,O,X,1. 인력양성,1-4. 반도체 단독형,"지역 전체, 단위과제 자율",,06. 지역 외 8주 이상 12주 미만 표준현장실습 참여 학생 수,명,조은미,5,,0,,,5,5,5,5,5,5,-,7,8,9,10,11,5,2,True,False,지역 외 8주 이상 12주 미만 표준현장실습 참여 학생 수,True,CHUNGBUK,True,INFERRED,ind_253ac25950,CHILD,ind_72f7cadfb4,0,,DIRECT
2026,79,O,X,1. 인력양성,1-4. 반도체 단독형,"지역 전체, 단위과제 자율",,06. 지역 내 8주 이상 12주 미만 표준현장실습 참여 학생 수,명,조은미,3,,0,,,2,2,3,4,5,6,,,,,,,2,2,False,False,지역 내 8주 이상 12주 미만 표준현장실습 참여 학생 수,True,CHUNGBUK,True,INFERRED,ind_d0718304f0,CHILD,ind_72f7cadfb4,0,,DIRECT
2026,80,O,X,1. 인력양성,1-4. 반도체 단독형,"지역 전체, 단위과제 자율",,07. 지역 외 12주 이상 표준현장실습 참여 학생 수,명,조은미,5,,0,,,5,5,5,5,5,5,-,8,9,10,11,12,5,14,True,False,지역 외 12주 이상 표준현장실습 참여 학생 수,True,CHUNGBUK,True,INFERRED,ind_c002216173,CHILD,ind_72f7cadfb4,0,,DIRECT
2026,81,O,X,1. 인력양성,1-4. 반도체 단독형,"지역 전체, 단위과제 자율",,07. 지역 내 12주 이상 표준현장실습 참여 학생 수,명,조은미,2,,0,,,1,1,2,3,4,5,,,,,,,1,2,False,False,지역 내 12주 이상 표준현장실습 참여 학생 수,True,CHUNGBUK,True,INFERRED,ind_ed38e2ce36,CHILD,ind_72f7cadfb4,0,,DIRECT
2026,82,O,X,1. 인력양성,1-4. 반도체 단독형,"지역 전체, 단위과제 자율",,08. 표준현장실습 참여자 중 실습기업 취업자 수,명,조은미,1,,0,,,-,1,1,2,2,3,-,1,1,2,2,3,1,,True,True,표준현장실습 참여자 중 실습기업 취업자 수,True,CHUNGBUK,True,INFERRED,ind_d2b94234dc,PARENT,,1,AUTO_FROM_CHILDREN,SUM
2026,83,O,X,1. 인력양성,1-4. 반도체 단독형,"지역 전체, 단위과제 자율",,(신규) 대학 전체 재학생 수,명,대학본부,7950,,,신규,,7950,7950,7950,7990,8030,8070,,,7950,7990,8030,8070,0,7950,False,False,대학 전체 재학생 수,False,CHUNGBUK,True,INFERRED,ind_b5b9c0a14b,CHILD,ind_d2b94234dc,0,,DIRECT
2026,84,O,X,1. 인력양성,1-4. 반도체 단독형,"지역 전체, 단위과제 자율",,09. 지역고교 출신 입학생 증가율,%,,0,,,,,,,,,,,,,,,,,,,False,True,지역고교 출신 입학생 증가율,True,CHUNGBUK,True,INFERRED,ind_635d965248,PARENT,,2,AUTO_FROM_CHILDREN,GROWTH_RATE
2026,85,O,X,1. 인력양성,1-4. 반도체 단독형,"지역 전체, 단위과제 자율",,10. 지역고교생 참여 프로그램 이수자 수,명,윤아롱,45,,0,,,37,40,45,50,55,60,-,40,45,50,55,60,40,57,False,False,지역고교생 참여 프로그램 이수자 수,True,CHUNGBUK,True,INFERRED,ind_958245e113,CHILD,ind_635d965248,0,,DIRECT
2026,86,O,X,1. 인력양성,1-4. 반도체 단독형,지역 전체,,11. 지역고교생 입학자 수,명,입학과,3,,0,,,2,2,3,4,5,6,-,2,3,4,5,6,2,,False,True,지역고교생 입학자 수,True,PROJECT,False,INFERRED,ind_0b5ce22be7,CHILD,ind_635d965248,0,,DIRECT
2026,87,O,X,1. 인력양성,1-4. 반도체 단독형,대학 자율,,01. 지산학연 특화 교수법 운영 실적,값,배하은,6.6,,0,,,2.2,4.4,6.6,8.8,11,13.2,2.2,4.4,6.6,8.8,11,13.2,4.4,0,False,False,지산학연 특화 교수법 운영 실적,True,UNIVERSITY,False,INFERRED,ind_795943b0e2,PARENT,,2,AUTO_FROM_CHILDREN,WEIGHTED_SUM
2026,88,O,X,1. 인력양성,1-4. 반도체 단독형,대학 자율,,특화 교수법 적용 교과 운영 건수,건,배하은,0,,#DIV/0!,,0.7,,,,,,,,,,,,,2,4,False,False,특화 교수법 적용 교과 운영 건수,False,UNIVERSITY,False,INFERRED,ind_6faf9fa577,CHILD,ind_795943b0e2,0,,DIRECT
2026,89,O,X,1. 인력양성,1-4. 반도체 단독형,대학 자율,,특화 교수법 적용 교과 이수 학생 수,명,배하은,0,,#DIV/0!,,0.3,,,,,,,,,,,,,10,105,False,False,특화 교수법 적용 교과 이수 학생 수,False,UNIVERSITY,False,INFERRED,ind_ecaae9eda5,CHILD,ind_795943b0e2,0,,DIRECT
2026,90,O,X,1. 인력양성,1-4. 반도체 단독형,대학 자율,,02. 교육과정 개발 실적,값,허소영,3.1,,0,,,0,1,3.1,5.5,7.2,9.6,0,1,3.1,5.5,7.2,9.6,1,0,False,False,교육과정 개발 실적,True,UNIVERSITY,False,INFERRED,ind_de1888c79f,PARENT,,2,AUTO_FROM_CHILDREN,WEIGHTED_SUM
2026,91,O,X,1. 인력양성,1-4. 반도체 단독형,대학 자율,,교육과정 관련 산관학협의체 운영 건수,건,허소영,0,,#DIV/0!,,1,,,,,,,,,,,,,1,3,False,False,교육과정 관련 산관학협의체 운영 건수,False,UNIVERSITY,False,INFERRED,ind_80a1dc6bea,CHILD,ind_de1888c79f,0,,DIRECT
2026,92,O,X,1. 인력양성,1-4. 반도체 단독형,대학 자율,,교과목 개편 및 개발 건수,건,허소영,0,,#DIV/0!,,2,,,,,,,,,,,,,0,11,True,False,교과목 개편 및 개발 건수,False,UNIVERSITY,False,INFERRED,ind_de814d7305,CHILD,ind_de1888c79f,0,,DIRECT
2026,93,O,X,1. 인력양성,1-4. 반도체 단독형,대학 자율,,03. 캡스톤디자인 이수학생 수,값,김민지,430,,0,,,420.5,421,430,440,450,460,420.5,421,430,440,450,460,421,0,False,False,캡스톤디자인 이수학생 수,True,UNIVERSITY,False,INFERRED,ind_4a61b68079,PARENT,,0,DIRECT_INPUT,DIRECT
2026,94,O,X,1. 인력양성,1-4. 반도체 단독형,대학 자율,,교수중심형 캡스톤디자인 이수학생 수,명,김민지,0,,#DIV/0!,,1,,,,,,,,,,,,,340,413,False,False,교수중심형 캡스톤디자인 이수학생 수,False,UNIVERSITY,False,INFERRED,ind_71b3b9bb6f,PARENT,,0,DIRECT_INPUT,DIRECT
2026,95,O,X,1. 인력양성,1-4. 반도체 단독형,대학 자율,,기업연계 기반 캡스톤디자인 이수학생 수,명,김민지,0,,#DIV/0!,,1.5,,,,,,,,,,,,,54,22,False,False,기업연계 기반 캡스톤디자인 이수학생 수,False,UNIVERSITY,False,INFERRED,ind_7a2d97d005,PARENT,,0,DIRECT_INPUT,DIRECT
2026,96,O,X,1. 인력양성,1-4. 반도체 단독형,대학 자율,,글로벌 기반 캡스톤디자인 이수학생 수,명,김민지,0,,,,2,,,,,,,,,,,,,0,0,True,False,글로벌 기반 캡스톤디자인 이수학생 수,False,UNIVERSITY,False,INFERRED,ind_5f5f789df6,PARENT,,0,DIRECT_INPUT,DIRECT
2026,97,,,1. 인력양성,2-1. 충주시,지역 전체,,01. 지역 정주 취업률,%,취업성공지원과,0,,,,,,,,,,,,,,,,,,,,,지역 정주 취업률,True,PROJECT,False,INFERRED,ind_5700e36bb2,PARENT,,2,AUTO_FROM_CHILDREN,RATIO
2026,98,,,1. 인력양성,2-1. 충주시,지역 전체,,02. 지역 내 취업자 수,명,취업성공지원과,152,,0,,,150,150,152,154,156,158,,,,,,,,,,,지역 내 취업자 수,True,PROJECT,False,INFERRED,ind_30c5a97f53,CHILD,ind_5700e36bb2,0,,DIRECT
2026,99,,,1. 인력양성,2-1. 충주시,지역 전체,,03. 지역 외(수도권 제외) 취업자 수,명,취업성공지원과,361,,0,,,360,360,361,362,363,364,,,,,,,,,,,지역 외(수도권 제외) 취업자 수,True,PROJECT,False,INFERRED,ind_19db8e7961,CHILD,ind_5700e36bb2,0,,DIRECT
2026,100,,,1. 인력양성,2-1. 충주시,지역 전체,,04. 지역 외 표준현장실습 참여 학생 증가율,%,조은미,0,,,,,,,,,,,,,,,,,,,,,지역 외 표준현장실습 참여 학생 증가율,True,PROJECT,False,INFERRED,ind_aba1607b3f,PARENT,,0,DIRECT_INPUT,DIRECT
2026,101,,,1. 인력양성,2-1. 충주시,지역 전체,,04. 지역 내 표준현장실습 참여 학생 증가율,%,조은미,0,,,,,,,,,,,,,,,,,,,,,지역 내 표준현장실습 참여 학생 증가율,True,PROJECT,False,INFERRED,ind_94caf10298,PARENT,,6,AUTO_FROM_CHILDREN,GROWTH_RATE
2026,102,,,1. 인력양성,2-1. 충주시,"지역 전체, 단위과제 자율",,05. 지역 외 4주 이상 8주 미만 표준현장실습 참여 학생 수,명,조은미,7,,0,,,7,7,7,7,7,7,,,,,,,,,,,지역 외 4주 이상 8주 미만 표준현장실습 참여 학생 수,True,CHUNGBUK,True,INFERRED,ind_38aa05c190,CHILD,ind_94caf10298,0,,DIRECT
2026,103,,,1. 인력양성,2-1. 충주시,"지역 전체, 단위과제 자율",,05. 지역 내 4주 이상 8주 미만 표준현장실습 참여 학생 수,명,조은미,3,,0,,,2,2,3,4,5,6,,,,,,,,,,,지역 내 4주 이상 8주 미만 표준현장실습 참여 학생 수,True,CHUNGBUK,True,INFERRED,ind_c004df1e7e,CHILD,ind_94caf10298,0,,DIRECT
2026,104,,,1. 인력양성,2-1. 충주시,"지역 전체, 단위과제 자율",,06. 지역 외 8주 이상 12주 미만 표준현장실습 참여 학생 수,명,조은미,23,,0,,,23,23,23,23,23,23,,,,,,,,,,,지역 외 8주 이상 12주 미만 표준현장실습 참여 학생 수,True,CHUNGBUK,True,INFERRED,ind_4b6783110c,CHILD,ind_94caf10298,0,,DIRECT
2026,105,,,1. 인력양성,2-1. 충주시,"지역 전체, 단위과제 자율",,06. 지역 내 8주 이상 12주 미만 표준현장실습 참여 학생 수,명,조은미,9,,0,,,8,8,9,10,11,12,,,,,,,,,,,지역 내 8주 이상 12주 미만 표준현장실습 참여 학생 수,True,CHUNGBUK,True,INFERRED,ind_6e381457e1,CHILD,ind_94caf10298,0,,DIRECT
2026,106,,,1. 인력양성,2-1. 충주시,"지역 전체, 단위과제 자율",,07. 지역 외 12주 이상 표준현장실습 참여 학생 수,명,조은미,22,,0,,,22,22,22,22,22,22,,,,,,,,,,,지역 외 12주 이상 표준현장실습 참여 학생 수,True,CHUNGBUK,True,INFERRED,ind_fdf498da2a,CHILD,ind_94caf10298,0,,DIRECT
2026,107,,,1. 인력양성,2-1. 충주시,"지역 전체, 단위과제 자율",,07. 지역 내 12주 이상 표준현장실습 참여 학생 수,명,조은미,9,,0,,,8,8,9,10,11,12,,,,,,,,,,,지역 내 12주 이상 표준현장실습 참여 학생 수,True,CHUNGBUK,True,INFERRED,ind_557b79eb0b,CHILD,ind_94caf10298,0,,DIRECT
2026,108,,,1. 인력양성,2-1. 충주시,"지역 전체, 단위과제 자율",,08. 표준현장실습 참여자 중 실습기업 취업자 수,명,조은미,1,,0,,,-,1,1,2,2,3,,,,,,,,,,,표준현장실습 참여자 중 실습기업 취업자 수,True,CHUNGBUK,True,INFERRED,ind_c6a7bb7d9b,PARENT,,1,AUTO_FROM_CHILDREN,SUM
2026,109,,,1. 인력양성,2-1. 충주시,"지역 전체, 단위과제 자율",,(신규) 대학 전체 재학생 수,명,대학본부,7950,,,신규,,7950,7950,7950,7990,8030,8070,,,,,,,,,,,대학 전체 재학생 수,False,CHUNGBUK,True,INFERRED,ind_5d93644893,CHILD,ind_c6a7bb7d9b,0,,DIRECT
2026,110,,,1. 인력양성,2-1. 충주시,"지역 전체, 단위과제 자율",,09. 지역고교 출신 입학생 증가율,%,,0,,,,,,,,,,,,,,,,,,,,,지역고교 출신 입학생 증가율,True,CHUNGBUK,True,INFERRED,ind_19445ac2a2,PARENT,,2,AUTO_FROM_CHILDREN,GROWTH_RATE
2026,111,,,1. 인력양성,2-1. 충주시,"지역 전체, 단위과제 자율",,10. 지역고교생 참여 프로그램 이수자 수,명,윤아롱,210,,0,,,195,200,210,220,230,240,,,,,,,,,,,지역고교생 참여 프로그램 이수자 수,True,CHUNGBUK,True,INFERRED,ind_07cf0e5504,CHILD,ind_19445ac2a2,0,,DIRECT
2026,112,,,1. 인력양성,2-1. 충주시,지역 전체,,11. 지역고교생 입학자 수,명,입학과,21,,0,,,20,20,21,22,23,24,,,,,,,,,,,지역고교생 입학자 수,True,PROJECT,False,INFERRED,ind_4730e72b07,CHILD,ind_19445ac2a2,0,,DIRECT
2026,113,,,1. 인력양성,2-1. 충주시,대학 자율,,01. 지역 정주형 취업역량 강화 실적,값,배하은,3495,,0,,,3329,3329,3495,3670,3850,4050,,,,,,,,,,,지역 정주형 취업역량 강화 실적,True,UNIVERSITY,False,INFERRED,ind_3345f8998b,PARENT,,2,AUTO_FROM_CHILDREN,WEIGHTED_SUM
2026,114,,,1. 인력양성,2-1. 충주시,대학 자율,,취업프로그램 이수학생 수,명,배하은,0,,#DIV/0!,,1,,,,,,,,,,,,,,,,,취업프로그램 이수학생 수,False,UNIVERSITY,False,INFERRED,ind_2f0374bd89,CHILD,ind_3345f8998b,0,,DIRECT
2026,115,,,1. 인력양성,2-1. 충주시,대학 자율,,지역 일자리 창출 관련 박람회 참여자 수,명,배하은,0,,#DIV/0!,,1,,,,,,,,,,,,,,,,,지역 일자리 창출 관련 박람회 참여자 수,False,UNIVERSITY,False,INFERRED,ind_86151ef491,CHILD,ind_3345f8998b,0,,DIRECT
2026,116,,,1. 인력양성,2-1. 충주시,대학 자율,,02. 시군특화 산업 인재양성 프로그램 실적,값,배하은,48.1,,0,,,37.4,43,48.1,52.5,56.9,62,,,,,,,,,,,시군특화 산업 인재양성 프로그램 실적,True,UNIVERSITY,False,INFERRED,ind_d3b27222a8,PARENT,,2,AUTO_FROM_CHILDREN,WEIGHTED_SUM
2026,117,,,1. 인력양성,2-1. 충주시,대학 자율,,시군특화 산업 관련 인재양성 프로그램 운영 건수,건,배하은,0,,#DIV/0!,,0.7,,,,,,,,,,,,,,,,,시군특화 산업 관련 인재양성 프로그램 운영 건수,False,UNIVERSITY,False,INFERRED,ind_168972d7cb,CHILD,ind_d3b27222a8,0,,DIRECT
2026,118,,,1. 인력양성,2-1. 충주시,대학 자율,,시군특화 산업 관련 인재 양성 프로그램 이수학생 수,명,배하은,0,,#DIV/0!,,0.3,,,,,,,,,,,,,,,,,시군특화 산업 관련 인재 양성 프로그램 이수학생 수,False,UNIVERSITY,False,INFERRED,ind_1b555ad315,CHILD,ind_d3b27222a8,0,,DIRECT
2026,119,,,1. 인력양성,2-1. 충주시,대학 자율,,03. 지산학연 공유·협업 기반의 포럼·세미나·교류회·업무협약 등 활동 실적,값,배하은,193.1,,0,,,183.2,183.2,193.1,201.8,212,222.2,,,,,,,,,,,지산학연 공유·협업 기반의 포럼·세미나·교류회·업무협약 등 활동 실적,True,UNIVERSITY,False,INFERRED,ind_a374eea002,PARENT,,3,AUTO_FROM_CHILDREN,WEIGHTED_SUM
2026,120,,,1. 인력양성,2-1. 충주시,대학 자율,,지산학연 공유･협업 기반의 포럼･세미나･교류회 개최 건수,건,배하은,0,,#DIV/0!,,0.5,,,,,,,,,,,,,,,,,지산학연 공유･협업 기반의 포럼･세미나･교류회 개최 건수,False,UNIVERSITY,False,INFERRED,ind_e1f28e6e5c,CHILD,ind_a374eea002,0,,DIRECT
2026,121,,,1. 인력양성,2-1. 충주시,대학 자율,,지산학연 공유･협업 기반의 포럼･세미나･교류회 참여자 수,명,배하은,0,,#DIV/0!,,0.3,,,,,,,,,,,,,,,,,지산학연 공유･협업 기반의 포럼･세미나･교류회 참여자 수,False,UNIVERSITY,False,INFERRED,ind_662fbccaca,CHILD,ind_a374eea002,0,,DIRECT
2026,122,,,1. 인력양성,2-1. 충주시,대학 자율,,지산학연 공유･협업 기반의 업무협약 건수,건,배하은,0,,#DIV/0!,,0.2,,,,,,,,,,,,,,,,,지산학연 공유･협업 기반의 업무협약 건수,False,UNIVERSITY,False,INFERRED,ind_bec07254c3,CHILD,ind_a374eea002,0,,DIRECT
2026,123,,,1. 인력양성,2-2. 증평군,지역 전체,,01. 지역 정주 취업률,%,취업성공지원과,0,,,,,,,,,,,,,,,,,,,,,지역 정주 취업률,True,PROJECT,False,INFERRED,ind_097f532923,PARENT,,2,AUTO_FROM_CHILDREN,RATIO
2026,124,,,1. 인력양성,2-2. 증평군,지역 전체,,02. 지역 내 취업자 수,명,취업성공지원과,23,,0,,,22,22,23,24,25,26,,,,,,,,,,,지역 내 취업자 수,True,PROJECT,False,INFERRED,ind_ca264ae355,CHILD,ind_097f532923,0,,DIRECT
2026,125,,,1. 인력양성,2-2. 증평군,지역 전체,,03. 지역 외(수도권 제외) 취업자 수,명,취업성공지원과,54,,0,,,53,53,54,55,56,57,,,,,,,,,,,지역 외(수도권 제외) 취업자 수,True,PROJECT,False,INFERRED,ind_2baa0627b1,CHILD,ind_097f532923,0,,DIRECT
2026,126,,,1. 인력양성,2-2. 증평군,"지역 전체, 단위과제 자율",,04. 지역 외 표준현장실습 참여 학생 증가율,%,조은미,0,,,,,,,,,,,,,,,,,,,,,지역 외 표준현장실습 참여 학생 증가율,True,CHUNGBUK,True,INFERRED,ind_7315a18593,PARENT,,0,DIRECT_INPUT,DIRECT
2026,127,,,1. 인력양성,2-2. 증평군,"지역 전체, 단위과제 자율",,04. 지역 내 표준현장실습 참여 학생 증가율,%,조은미,0,,,,,,,,,,,,,,,,,,,,,지역 내 표준현장실습 참여 학생 증가율,True,CHUNGBUK,True,INFERRED,ind_05fb79b00b,PARENT,,6,AUTO_FROM_CHILDREN,GROWTH_RATE
2026,128,,,1. 인력양성,2-2. 증평군,"지역 전체, 단위과제 자율",,05. 지역 외 4주 이상 8주 미만 표준현장실습 참여 학생 수,명,조은미,1,,0,,,1,1,1,1,1,1,,,,,,,,,,,지역 외 4주 이상 8주 미만 표준현장실습 참여 학생 수,True,CHUNGBUK,True,INFERRED,ind_c07e9cea98,CHILD,ind_05fb79b00b,0,,DIRECT
2026,129,,,1. 인력양성,2-2. 증평군,"지역 전체, 단위과제 자율",,05. 지역 내 4주 이상 8주 미만 표준현장실습 참여 학생 수,명,조은미,2,,0,,,1,1,2,3,4,5,,,,,,,,,,,지역 내 4주 이상 8주 미만 표준현장실습 참여 학생 수,True,CHUNGBUK,True,INFERRED,ind_0417250b7a,CHILD,ind_05fb79b00b,0,,DIRECT
2026,130,,,1. 인력양성,2-2. 증평군,"지역 전체, 단위과제 자율",,06. 지역 외 8주 이상 12주 미만 표준현장실습 참여 학생 수,명,조은미,5,,0,,,5,5,5,5,5,5,,,,,,,,,,,지역 외 8주 이상 12주 미만 표준현장실습 참여 학생 수,True,CHUNGBUK,True,INFERRED,ind_523ebc0949,CHILD,ind_05fb79b00b,0,,DIRECT
2026,131,,,1. 인력양성,2-2. 증평군,"지역 전체, 단위과제 자율",,06. 지역 내 8주 이상 12주 미만 표준현장실습 참여 학생 수,명,조은미,2,,0,,,1,1,2,3,4,5,,,,,,,,,,,지역 내 8주 이상 12주 미만 표준현장실습 참여 학생 수,True,CHUNGBUK,True,INFERRED,ind_b881da94d7,CHILD,ind_05fb79b00b,0,,DIRECT
2026,132,,,1. 인력양성,2-2. 증평군,"지역 전체, 단위과제 자율",,07. 지역 외 12주 이상 표준현장실습 참여 학생 수,명,조은미,5,,0,,,5,5,5,5,5,5,,,,,,,,,,,지역 외 12주 이상 표준현장실습 참여 학생 수,True,CHUNGBUK,True,INFERRED,ind_cc950d9bb8,CHILD,ind_05fb79b00b,0,,DIRECT
2026,133,,,1. 인력양성,2-2. 증평군,"지역 전체, 단위과제 자율",,07. 지역 내 12주 이상 표준현장실습 참여 학생 수,명,조은미,2,,0,,,1,1,2,3,4,5,,,,,,,,,,,지역 내 12주 이상 표준현장실습 참여 학생 수,True,CHUNGBUK,True,INFERRED,ind_c690eb2bee,CHILD,ind_05fb79b00b,0,,DIRECT
2026,134,,,1. 인력양성,2-2. 증평군,"지역 전체, 단위과제 자율",,08. 표준현장실습 참여자 중 실습기업 취업자 수,명,조은미,1,,0,,,-,1,1,2,2,3,,,,,,,,,,,표준현장실습 참여자 중 실습기업 취업자 수,True,CHUNGBUK,True,INFERRED,ind_cd768dd4e6,PARENT,,1,AUTO_FROM_CHILDREN,SUM
2026,135,,,1. 인력양성,2-2. 증평군,"지역 전체, 단위과제 자율",,(신규) 대학 전체 재학생 수,명,대학본부,7950,,,신규,,7950,7950,7950,7990,8030,8070,,,,,,,,,,,대학 전체 재학생 수,False,CHUNGBUK,True,INFERRED,ind_f505e21427,CHILD,ind_cd768dd4e6,0,,DIRECT
2026,136,,,1. 인력양성,2-2. 증평군,"지역 전체, 단위과제 자율",,09. 지역고교 출신 입학생 증가율,%,대학본부,0,,,,,,,,,,,,,,,,,,,,,지역고교 출신 입학생 증가율,True,CHUNGBUK,True,INFERRED,ind_6495c6bc40,PARENT,,2,AUTO_FROM_CHILDREN,GROWTH_RATE
2026,137,,,1. 인력양성,2-2. 증평군,"지역 전체, 단위과제 자율",,10. 지역고교생 참여 프로그램 이수자 수,명,윤아롱,110,,0,,,94,100,110,120,130,140,,,,,,,,,,,지역고교생 참여 프로그램 이수자 수,True,CHUNGBUK,True,INFERRED,ind_8eef0310be,CHILD,ind_6495c6bc40,0,,DIRECT
2026,138,,,1. 인력양성,2-2. 증평군,지역 전체,,11. 지역고교생 입학자 수,명,입학과,11,,0,,,10,10,11,12,13,14,,,,,,,,,,,지역고교생 입학자 수,True,PROJECT,False,INFERRED,ind_ec1d539117,CHILD,ind_6495c6bc40,0,,DIRECT
2026,139,,,1. 인력양성,2-2. 증평군,대학 자율,,01. 지역 정주형 취업역량 강화 실적,값,김지연,1020,,0,,,969,969,1020,1070,1120,1180,,,,,,,,,,,지역 정주형 취업역량 강화 실적,True,UNIVERSITY,False,INFERRED,ind_fcca3fe833,PARENT,,2,AUTO_FROM_CHILDREN,WEIGHTED_SUM
2026,140,,,1. 인력양성,2-2. 증평군,대학 자율,,취업프로그램 이수학생 수,명,김지연,0,,,,1,,,,,,,,,,,,,,,,,취업프로그램 이수학생 수,False,UNIVERSITY,False,INFERRED,ind_5cf8e75c71,CHILD,ind_fcca3fe833,0,,DIRECT
2026,141,,,1. 인력양성,2-2. 증평군,대학 자율,,지역 일자리 창출 관련 박람회 참여자 수,명,김지연,0,,,,1,,,,,,,,,,,,,,,,,지역 일자리 창출 관련 박람회 참여자 수,False,UNIVERSITY,False,INFERRED,ind_d91b484e5f,CHILD,ind_fcca3fe833,0,,DIRECT
2026,142,,,1. 인력양성,2-2. 증평군,대학 자율,,02. 시군특화 산업 인재양성 프로그램 실적,값,김지연,24.5,,0,,,3.7,20.1,24.5,28.9,33.3,37.7,,,,,,,,,,,시군특화 산업 인재양성 프로그램 실적,True,UNIVERSITY,False,INFERRED,ind_67f1003083,PARENT,,2,AUTO_FROM_CHILDREN,WEIGHTED_SUM
2026,143,,,1. 인력양성,2-2. 증평군,대학 자율,,시군특화 산업 관련 인재양성 프로그램 운영 건수,건,김지연,0,,,,0.7,,,,,,,,,,,,,,,,,시군특화 산업 관련 인재양성 프로그램 운영 건수,False,UNIVERSITY,False,INFERRED,ind_f686038618,CHILD,ind_67f1003083,0,,DIRECT
2026,144,,,1. 인력양성,2-2. 증평군,대학 자율,,시군특화 산업 관련 인재 양성 프로그램 이수학생 수,명,김지연,0,,,,0.3,,,,,,,,,,,,,,,,,시군특화 산업 관련 인재 양성 프로그램 이수학생 수,False,UNIVERSITY,False,INFERRED,ind_9cd2cf8861,CHILD,ind_67f1003083,0,,DIRECT
2026,145,,,1. 인력양성,2-2. 증평군,대학 자율,,03. 지산학연 공유·협업 기반의 포럼·세미나·교류회·업무협약 등 활동 실적,값,김지연,46.7,,0,,,37.9,37.9,46.7,53.9,60.9,68.1,,,,,,,,,,,지산학연 공유·협업 기반의 포럼·세미나·교류회·업무협약 등 활동 실적,True,UNIVERSITY,False,INFERRED,ind_66c19ba4c4,PARENT,,3,AUTO_FROM_CHILDREN,WEIGHTED_SUM
2026,146,,,1. 인력양성,2-2. 증평군,대학 자율,,지산학연 공유･협업 기반의 포럼･세미나･교류회 개최 건수,건,김지연,0,,,,0.5,,,,,,,,,,,,,,,,,지산학연 공유･협업 기반의 포럼･세미나･교류회 개최 건수,False,UNIVERSITY,False,INFERRED,ind_0bd2116404,CHILD,ind_66c19ba4c4,0,,DIRECT
2026,147,,,1. 인력양성,2-2. 증평군,대학 자율,,지산학연 공유･협업 기반의 포럼･세미나･교류회 참여자 수,명,김지연,0,,,,0.3,,,,,,,,,,,,,,,,,지산학연 공유･협업 기반의 포럼･세미나･교류회 참여자 수,False,UNIVERSITY,False,INFERRED,ind_615442abd9,CHILD,ind_66c19ba4c4,0,,DIRECT
2026,148,,,1. 인력양성,2-2. 증평군,대학 자율,,지산학연 공유･협업 기반의 업무협약 건수,건,김지연,0,,,,0.2,,,,,,,,,,,,,,,,,지산학연 공유･협업 기반의 업무협약 건수,False,UNIVERSITY,False,INFERRED,ind_1e16669738,CHILD,ind_66c19ba4c4,0,,DIRECT
2026,149,O,X,1. 인력양성,2-3. 오송철도 클러스터,지역 전체,,01. 지역 정주 취업률,%,취업성공지원과,0,,,,,,,,,,,,,,,,,,,False,True,지역 정주 취업률,True,PROJECT,False,INFERRED,ind_973a5dff11,PARENT,,2,AUTO_FROM_CHILDREN,RATIO
2026,150,O,X,1. 인력양성,2-3. 오송철도 클러스터,지역 전체,,02. 지역 내 취업자 수,명,취업성공지원과,6,,0,,,5,5,6,7,8,9,-,5,6,7,8,9,5,52,False,False,지역 내 취업자 수,True,PROJECT,False,INFERRED,ind_d959a7a011,CHILD,ind_973a5dff11,0,,DIRECT
2026,151,O,X,1. 인력양성,2-3. 오송철도 클러스터,지역 전체,,03. 지역 외(수도권 제외) 취업자 수,명,취업성공지원과,13,,0,,,12,12,13,14,15,16,-,12,13,14,15,16,12,63,False,False,지역 외(수도권 제외) 취업자 수,True,PROJECT,False,INFERRED,ind_bef4add149,CHILD,ind_973a5dff11,0,,DIRECT
2026,152,O,X,1. 인력양성,2-3. 오송철도 클러스터,"지역 전체, 단위과제 자율",,04. 지역 외 표준현장실습 참여 학생 증가율,%,조은미,0,,,,,,,,,,,,,,,,,,,False,True,지역 외 표준현장실습 참여 학생 증가율,True,CHUNGBUK,True,INFERRED,ind_ea8788c244,PARENT,,0,DIRECT_INPUT,DIRECT
2026,153,O,X,1. 인력양성,2-3. 오송철도 클러스터,"지역 전체, 단위과제 자율",,04. 지역 내 표준현장실습 참여 학생 증가율,%,조은미,0,,,,,,,,,,,,,,,,,,,False,True,지역 내 표준현장실습 참여 학생 증가율,True,CHUNGBUK,True,INFERRED,ind_d40a48d011,PARENT,,6,AUTO_FROM_CHILDREN,GROWTH_RATE
2026,154,O,X,1. 인력양성,2-3. 오송철도 클러스터,"지역 전체, 단위과제 자율",,05. 지역 외 4주 이상 8주 미만 표준현장실습 참여 학생 수,명,조은미,9,,0,,,9,9,9,9,9,9,-,10,11,12,13,14,9,1,True,False,지역 외 4주 이상 8주 미만 표준현장실습 참여 학생 수,True,CHUNGBUK,True,INFERRED,ind_be546d77d8,CHILD,ind_d40a48d011,0,,DIRECT
2026,155,O,X,1. 인력양성,2-3. 오송철도 클러스터,"지역 전체, 단위과제 자율",,05. 지역 내 4주 이상 8주 미만 표준현장실습 참여 학생 수,명,조은미,4,,,,,3,3,4,5,6,7,,,,,,,3,0,False,False,지역 내 4주 이상 8주 미만 표준현장실습 참여 학생 수,True,CHUNGBUK,True,INFERRED,ind_b22c0d6d7b,CHILD,ind_d40a48d011,0,,DIRECT
2026,156,O,X,1. 인력양성,2-3. 오송철도 클러스터,"지역 전체, 단위과제 자율",,06. 지역 외 8주 이상 12주 미만 표준현장실습 참여 학생 수,명,조은미,29,,0,,,29,29,29,29,29,29,-,10,11,12,13,14,29,61,True,False,지역 외 8주 이상 12주 미만 표준현장실습 참여 학생 수,True,CHUNGBUK,True,INFERRED,ind_24da63182b,CHILD,ind_d40a48d011,0,,DIRECT
2026,157,O,X,1. 인력양성,2-3. 오송철도 클러스터,"지역 전체, 단위과제 자율",,06. 지역 내 8주 이상 12주 미만 표준현장실습 참여 학생 수,명,조은미,11,,,,,10,10,11,12,13,14,,,,,,,10,0,False,False,지역 내 8주 이상 12주 미만 표준현장실습 참여 학생 수,True,CHUNGBUK,True,INFERRED,ind_6ce4c3d18a,CHILD,ind_d40a48d011,0,,DIRECT
2026,158,O,X,1. 인력양성,2-3. 오송철도 클러스터,"지역 전체, 단위과제 자율",,07. 지역 외 12주 이상 표준현장실습 참여 학생 수,명,조은미,30,,0,,,30,30,30,30,30,30,-,10,11,12,13,14,30,30,True,False,지역 외 12주 이상 표준현장실습 참여 학생 수,True,CHUNGBUK,True,INFERRED,ind_257b22dc87,CHILD,ind_d40a48d011,0,,DIRECT
2026,159,O,X,1. 인력양성,2-3. 오송철도 클러스터,"지역 전체, 단위과제 자율",,07. 지역 내 12주 이상 표준현장실습 참여 학생 수,명,조은미,10,,,,,9,9,10,11,12,13,,,,,,,9,0,False,False,지역 내 12주 이상 표준현장실습 참여 학생 수,True,CHUNGBUK,True,INFERRED,ind_1a83aa4b08,CHILD,ind_d40a48d011,0,,DIRECT
2026,160,O,X,1. 인력양성,2-3. 오송철도 클러스터,"지역 전체, 단위과제 자율",,08. 표준현장실습 참여자 중 실습기업 취업자 수,명,조은미,1,,,,,-,0,1,1,2,2,-,0,1,1,2,2,0,0,False,False,표준현장실습 참여자 중 실습기업 취업자 수,True,CHUNGBUK,True,INFERRED,ind_576ec219c3,PARENT,,1,AUTO_FROM_CHILDREN,SUM
2026,161,O,X,1. 인력양성,2-3. 오송철도 클러스터,"지역 전체, 단위과제 자율",,(신규) 대학 전체 재학생 수,명,대학본부,7950,,,신규,,7950,7950,7950,7990,8030,8070,,,,,,,0,7950,False,False,대학 전체 재학생 수,False,CHUNGBUK,True,INFERRED,ind_9ddd0c8f3b,CHILD,ind_576ec219c3,0,,DIRECT
2026,162,O,X,1. 인력양성,2-3. 오송철도 클러스터,"지역 전체, 단위과제 자율",,09. 지역고교 출신 입학생 증가율,%,,0,,,,,,,,,,,,,,,,,,,False,True,지역고교 출신 입학생 증가율,True,CHUNGBUK,True,INFERRED,ind_a86b7bc0f8,PARENT,,4,AUTO_FROM_CHILDREN,GROWTH_RATE
2026,163,O,X,1. 인력양성,2-3. 오송철도 클러스터,"지역 전체, 단위과제 자율",,10. 지역고교생 참여 프로그램 이수자 수,명,박수민,45,,0,,,34,40,45,50,55,60,-,40,45,50,55,60,40,50,False,False,지역고교생 참여 프로그램 이수자 수,True,CHUNGBUK,True,INFERRED,ind_dd48770328,CHILD,ind_a86b7bc0f8,0,,DIRECT
2026,164,O,X,1. 인력양성,2-3. 오송철도 클러스터,지역 전체,,11. 지역고교생 입학자 수,명,입학과,3,,0,,,2,2,3,4,5,6,-,2,3,4,5,6,2,0,False,False,지역고교생 입학자 수,True,PROJECT,False,INFERRED,ind_07428b9c74,CHILD,ind_a86b7bc0f8,0,,DIRECT
2026,165,O,X,1. 인력양성,2-3. 오송철도 클러스터,대학 자율,,01. 클러스터 특성화 교과과정 참여학생 수,명,박수민,20,,0,,,-,15,20,24,27,30,-,15,20,24,27,30,15,22,False,False,클러스터 특성화 교과과정 참여학생 수,True,UNIVERSITY,False,INFERRED,ind_44e47884a3,CHILD,ind_a86b7bc0f8,0,,DIRECT
2026,166,O,X,1. 인력양성,2-3. 오송철도 클러스터,대학 자율,,02. 클러스터 맞춤형 프로그램 운영 실적,건,박수민,7,,0,,,-,5,7,9,11,12,-,5,7,9,11,12,5,25,False,False,클러스터 맞춤형 프로그램 운영 실적,True,UNIVERSITY,False,INFERRED,ind_b57983b3c3,CHILD,ind_a86b7bc0f8,0,,DIRECT
2026,167,O,X,1. 인력양성,2-4. 순환경제 클러스터,지역 전체,,01. 지역 정주 취업률,%,취업성공지원과,0,,,,,,,,,,,,,,,,,,,False,True,지역 정주 취업률,True,PROJECT,False,INFERRED,ind_e5884aa5e3,PARENT,,2,AUTO_FROM_CHILDREN,RATIO
2026,168,O,X,1. 인력양성,2-4. 순환경제 클러스터,지역 전체,,02. 지역 내 취업자 수,명,취업성공지원과,6,,0,,,5,5,6,7,8,9,-,5,6,7,8,9,5,28,False,False,지역 내 취업자 수,True,PROJECT,False,INFERRED,ind_2388f1cb82,CHILD,ind_e5884aa5e3,0,,DIRECT
2026,169,O,X,1. 인력양성,2-4. 순환경제 클러스터,지역 전체,,03. 지역 외(수도권 제외) 취업자 수,명,취업성공지원과,13,,0,,,12,12,13,14,15,16,-,12,13,14,15,16,12,22,False,False,지역 외(수도권 제외) 취업자 수,True,PROJECT,False,INFERRED,ind_b37a26ca9b,CHILD,ind_e5884aa5e3,0,,DIRECT
2026,170,O,X,1. 인력양성,2-4. 순환경제 클러스터,"지역 전체, 단위과제 자율",,04. 지역 외 표준현장실습 참여 학생 증가율,%,조은미,0,,,,,,,,,,,,,,,,,,,False,True,지역 외 표준현장실습 참여 학생 증가율,True,CHUNGBUK,True,INFERRED,ind_5de0de25f6,PARENT,,0,DIRECT_INPUT,DIRECT
2026,171,O,X,1. 인력양성,2-4. 순환경제 클러스터,"지역 전체, 단위과제 자율",,04. 지역 내 표준현장실습 참여 학생 증가율,%,조은미,0,,,,,,,,,,,,,,,,,,,False,True,지역 내 표준현장실습 참여 학생 증가율,True,CHUNGBUK,True,INFERRED,ind_ea15f09c18,PARENT,,6,AUTO_FROM_CHILDREN,GROWTH_RATE
2026,172,O,X,1. 인력양성,2-4. 순환경제 클러스터,"지역 전체, 단위과제 자율",,05. 지역 외 4주 이상 8주 미만 표준현장실습 참여 학생 수,명,조은미,1,,0,,,1,1,1,1,1,1,-,3,4,5,6,7,1,0,True,False,지역 외 4주 이상 8주 미만 표준현장실습 참여 학생 수,True,CHUNGBUK,True,INFERRED,ind_c426fc2acb,CHILD,ind_ea15f09c18,0,,DIRECT
2026,173,O,X,1. 인력양성,2-4. 순환경제 클러스터,"지역 전체, 단위과제 자율",,05. 지역 내 4주 이상 8주 미만 표준현장실습 참여 학생 수,명,조은미,1,,1,,,1,0,1,2,3,4,,,,,,,0,1,False,False,지역 내 4주 이상 8주 미만 표준현장실습 참여 학생 수,True,CHUNGBUK,True,INFERRED,ind_bcc9a9bbd5,CHILD,ind_ea15f09c18,0,,DIRECT
2026,174,O,X,1. 인력양성,2-4. 순환경제 클러스터,"지역 전체, 단위과제 자율",,06. 지역 외 8주 이상 12주 미만 표준현장실습 참여 학생 수,명,조은미,2,,0,,,2,2,2,2,2,2,-,4,5,6,7,8,2,2,True,False,지역 외 8주 이상 12주 미만 표준현장실습 참여 학생 수,True,CHUNGBUK,True,INFERRED,ind_30fd380521,CHILD,ind_ea15f09c18,0,,DIRECT
2026,175,O,X,1. 인력양성,2-4. 순환경제 클러스터,"지역 전체, 단위과제 자율",,06. 지역 내 8주 이상 12주 미만 표준현장실습 참여 학생 수,명,조은미,2,,0,,,1,1,2,3,4,5,,,,,,,1,1,False,False,지역 내 8주 이상 12주 미만 표준현장실습 참여 학생 수,True,CHUNGBUK,True,INFERRED,ind_b36675c1ba,CHILD,ind_ea15f09c18,0,,DIRECT
2026,176,O,X,1. 인력양성,2-4. 순환경제 클러스터,"지역 전체, 단위과제 자율",,07. 지역 외 12주 이상 표준현장실습 참여 학생 수,명,조은미,2,,0,,,2,2,2,2,2,2,-,3,4,5,6,7,2,4,True,False,지역 외 12주 이상 표준현장실습 참여 학생 수,True,CHUNGBUK,True,INFERRED,ind_88d68a8306,CHILD,ind_ea15f09c18,0,,DIRECT
2026,177,O,X,1. 인력양성,2-4. 순환경제 클러스터,"지역 전체, 단위과제 자율",,07. 지역 내 12주 이상 표준현장실습 참여 학생 수,명,조은미,2,,0,,,1,1,2,3,4,5,,,,,,,1,2,False,False,지역 내 12주 이상 표준현장실습 참여 학생 수,True,CHUNGBUK,True,INFERRED,ind_3e06f09992,CHILD,ind_ea15f09c18,0,,DIRECT
2026,178,O,X,1. 인력양성,2-4. 순환경제 클러스터,"지역 전체, 단위과제 자율",,08. 표준현장실습 참여자 중 실습기업 취업자 수,명,조은미,1,,,,,-,0,1,1,2,2,-,0,1,1,2,2,0,0,False,False,표준현장실습 참여자 중 실습기업 취업자 수,True,CHUNGBUK,True,INFERRED,ind_52841cd6db,PARENT,,1,AUTO_FROM_CHILDREN,SUM
2026,179,O,X,1. 인력양성,2-4. 순환경제 클러스터,"지역 전체, 단위과제 자율",,(신규) 대학 전체 재학생 수,명,대학본부,7950,,,신규,,7950,7950,7950,7990,8030,8070,,,,,,,0,7950,False,False,대학 전체 재학생 수,False,CHUNGBUK,True,INFERRED,ind_beb764033f,CHILD,ind_52841cd6db,0,,DIRECT
2026,180,O,X,1. 인력양성,2-4. 순환경제 클러스터,"지역 전체, 단위과제 자율",,09. 지역고교 출신 입학생 증가율,%,대학본부,0,,,,,,,,,,,,,,,,,,,False,True,지역고교 출신 입학생 증가율,True,CHUNGBUK,True,INFERRED,ind_a68c54da0c,PARENT,,4,AUTO_FROM_CHILDREN,GROWTH_RATE
2026,181,O,X,1. 인력양성,2-4. 순환경제 클러스터,"지역 전체, 단위과제 자율",,10. 지역고교생 참여 프로그램 이수자 수,명,이종건,45,,0,,,34,40,45,50,55,60,-,40,45,50,55,60,40,120,False,False,지역고교생 참여 프로그램 이수자 수,True,CHUNGBUK,True,INFERRED,ind_5465d2117c,CHILD,ind_a68c54da0c,0,,DIRECT
2026,182,O,X,1. 인력양성,2-4. 순환경제 클러스터,지역 전체,,11. 지역고교생 입학자 수,명,입학과,3,,0,,,2,2,3,4,5,6,-,2,3,4,5,6,2,0,False,False,지역고교생 입학자 수,True,PROJECT,False,INFERRED,ind_36d8a9824e,CHILD,ind_a68c54da0c,0,,DIRECT
2026,183,O,X,1. 인력양성,2-4. 순환경제 클러스터,대학 자율,,01. 클러스터 특성화 교과과정 참여학생 수,명,이종건,33,,0,,,-,27,33,38,44,47,-,27,33,38,44,47,27,32,False,False,클러스터 특성화 교과과정 참여학생 수,True,UNIVERSITY,False,INFERRED,ind_aa230c531e,CHILD,ind_a68c54da0c,0,,DIRECT
2026,184,O,X,1. 인력양성,2-4. 순환경제 클러스터,대학 자율,,02. 클러스터 맞춤형 프로그램 운영 실적,건,이종건,11,,0,,,-,8,11,12,14,15,-,8,11,12,14,15,8,8,False,False,클러스터 맞춤형 프로그램 운영 실적,True,UNIVERSITY,False,INFERRED,ind_84c3070d22,CHILD,ind_a68c54da0c,0,,DIRECT
2026,185,O,X,2. 공동연구센터,1-1. AI모빌리티,단위과제 자율,,01. 지산학연 공동연구 증가율,,,0,,,,,,,,,,,,,,,,,,,False,True,지산학연 공동연구 증가율,True,CHUNGBUK,False,INFERRED,ind_92e08c17c3,PARENT,,7,AUTO_FROM_CHILDREN,GROWTH_RATE
2026,186,O,X,2. 공동연구센터,1-1. AI모빌리티,단위과제 자율,,02. 특허 출원 건수,건,정은제,6,,0,,0.1,4,5,6,7,8,9,4,5,6,7,8,9,5,8,False,False,특허 출원 건수,True,CHUNGBUK,False,INFERRED,ind_d92a782cab,CHILD,ind_92e08c17c3,0,,DIRECT
2026,187,O,X,2. 공동연구센터,1-1. AI모빌리티,단위과제 자율,,03. 국내 특허 등록 건수,건,정은제,0,,,,0.2,-,0,0,1,2,3,-,0,0,1,2,3,0,0,True,False,국내 특허 등록 건수,True,CHUNGBUK,False,INFERRED,ind_58db5e32d7,CHILD,ind_92e08c17c3,0,,DIRECT
2026,188,O,X,2. 공동연구센터,1-1. AI모빌리티,단위과제 자율,,04. 해외 특허 등록 건수,건,정은제,0,,,,0.3,1,0,0,0,0,1,-,0,0,0,0,1,0,0,True,False,해외 특허 등록 건수,True,CHUNGBUK,False,INFERRED,ind_2c2ca81b2d,CHILD,ind_92e08c17c3,0,,DIRECT
2026,189,O,X,2. 공동연구센터,1-1. AI모빌리티,단위과제 자율,,05. (SCI(E)급) 논문 게재 건수,건,정은제,0,,,,0.25,1,0,0,1,1,1,-,0,0,1,1,1,0,3,True,False,(SCI(E)급) 논문 게재 건수,True,CHUNGBUK,False,INFERRED,ind_133db4a797,CHILD,ind_92e08c17c3,0,,DIRECT
2026,190,O,X,2. 공동연구센터,1-1. AI모빌리티,단위과제 자율,,06. (KCI급) 논문 게재 건수,건,정은제,7,,0,,0.1,9,6,7,8,9,10,9,6,7,8,9,10,6,1,False,False,(KCI급) 논문 게재 건수,True,CHUNGBUK,False,INFERRED,ind_5efe68f440,CHILD,ind_92e08c17c3,0,,DIRECT
2026,191,O,X,2. 공동연구센터,1-1. AI모빌리티,단위과제 자율,,07. 기타 지식재산권 등록 건수(디자인권·상표권·실용신안 등),건,정은제,0,,,,0.05,1,0,0,0,0,0,-,0,0,0,0,0,0,0,True,False,기타 지식재산권 등록 건수(디자인권·상표권·실용신안 등),True,CHUNGBUK,False,INFERRED,ind_88f4e268ce,CHILD,ind_92e08c17c3,0,,DIRECT
2026,192,O,X,2. 공동연구센터,1-1. AI모빌리티,단위과제 자율,,08. 지산학연 공동연구를 통해 창출한 기술이전 수익,천원,정은제,25000,,0,,0.5,17050,20000,25000,30000,35000,40000,17050,20000,25000,30000,35000,40000,20000,50000,False,False,지산학연 공동연구를 통해 창출한 기술이전 수익,True,CHUNGBUK,False,INFERRED,ind_c75c191212,CHILD,ind_92e08c17c3,0,,DIRECT
2026,193,O,X,2. 공동연구센터,1-1. AI모빌리티,단위과제 자율,,09. 지산학연 공동연구를 통해 창출한 기술이전 건수,건,정은제,7,,0,,0.5,7,6,7,8,9,10,7,6,7,8,9,10,6,7,False,False,지산학연 공동연구를 통해 창출한 기술이전 건수,True,CHUNGBUK,False,INFERRED,ind_6fbbc1936f,PARENT,,1,AUTO_FROM_CHILDREN,SUM
2026,194,O,X,2. 공동연구센터,1-1. AI모빌리티,단위과제 자율,,(신규) 대학 전임교원 수(2. 2. 2. 공동연구센터 참여 교원),명,,7,,,325(7),,1,7,7,7,8,8,,,,,,,0,7,False,False,대학 전임교원 수(2. 2. 2. 공동연구센터 참여 교원),False,CHUNGBUK,False,INFERRED,ind_cfcd175b74,CHILD,ind_6fbbc1936f,0,,DIRECT
2026,195,O,X,2. 공동연구센터,1-1. AI모빌리티,단위과제 자율,,10. 연구과제 수주 증가율,,,12,,,,,,,12,,,,,,,,,,,,False,True,연구과제 수주 증가율,True,CHUNGBUK,False,INFERRED,ind_4112e5fb80,PARENT,,2,AUTO_FROM_CHILDREN,GROWTH_RATE
2026,196,O,X,2. 공동연구센터,1-1. AI모빌리티,단위과제 자율,,11. 1억 이상 연구과제 수주 건수,건,정은제,1,,0,,,1,1,1,2,2,3,-,1,1,2,2,3,1,6,True,False,1억 이상 연구과제 수주 건수,True,CHUNGBUK,False,INFERRED,ind_5697d25109,CHILD,ind_4112e5fb80,0,,DIRECT
2026,197,O,X,2. 공동연구센터,1-1. AI모빌리티,단위과제 자율,,12. 1억 미만 연구과제 수주 건수,건,정은제,6,,0,,,7,5,6,6,7,7,7,5,6,6,7,7,5,3,False,False,1억 미만 연구과제 수주 건수,True,CHUNGBUK,False,INFERRED,ind_adc623f813,CHILD,ind_4112e5fb80,0,,DIRECT
2026,198,O,X,2. 공동연구센터,1-1. AI모빌리티,단위과제 자율,,13. 미래전략산업 학생연구원 참여 증가율,,,5,,,,,,,5,,,,,,,,,,,,False,True,미래전략산업 학생연구원 참여 증가율,True,CHUNGBUK,False,INFERRED,ind_5297c2ee0f,PARENT,,3,AUTO_FROM_CHILDREN,GROWTH_RATE
2026,199,O,X,2. 공동연구센터,1-1. AI모빌리티,단위과제 자율,,14. 미래전략산업 학생연구원(학부) 참여자 수,명,정은제,19,,0,,,18,18,19,20,21,22,18,18,19,20,21,22,18,14,False,False,미래전략산업 학생연구원(학부) 참여자 수,True,CHUNGBUK,False,INFERRED,ind_24abb9bd6e,CHILD,ind_5297c2ee0f,0,,DIRECT
2026,200,O,X,2. 공동연구센터,1-1. AI모빌리티,단위과제 자율,,15. 미래전략산업 학생연구원(석사) 참여자 수,명,정은제,4,,0,,,4,4,4,5,5,6,4,4,4,5,5,6,4,16,True,False,미래전략산업 학생연구원(석사) 참여자 수,True,CHUNGBUK,False,INFERRED,ind_fa4984db4b,CHILD,ind_5297c2ee0f,0,,DIRECT
2026,201,O,X,2. 공동연구센터,1-1. AI모빌리티,단위과제 자율,,16. 미래전략산업 학생연구원(박사) 참여자 수,명,정은제,0,,,,,-,0,0,1,2,2,-,0,0,1,2,2,0,1,True,False,미래전략산업 학생연구원(박사) 참여자 수,True,CHUNGBUK,False,INFERRED,ind_557223d148,CHILD,ind_5297c2ee0f,0,,DIRECT
2026,202,,,2. 공동연구센터,1-2. 이차전지,단위과제 자율,,01. 지산학연 공동연구 증가율,,,0,,,,,,,,,,,,,,,,,,,,,지산학연 공동연구 증가율,True,CHUNGBUK,False,INFERRED,ind_72e5a95bcd,PARENT,,7,AUTO_FROM_CHILDREN,GROWTH_RATE
2026,203,,,2. 공동연구센터,1-2. 이차전지,단위과제 자율,,02. 특허 출원 건수,건,우명기,11,,0,,0.1,1,10,11,12,13,14,,,,,,,,,,,특허 출원 건수,True,CHUNGBUK,False,INFERRED,ind_13b898e305,CHILD,ind_72e5a95bcd,0,,DIRECT
2026,204,,,2. 공동연구센터,1-2. 이차전지,단위과제 자율,,03. 국내 특허 등록 건수,건,우명기,0,,,,0.2,-,0,0,1,2,3,,,,,,,,,,,국내 특허 등록 건수,True,CHUNGBUK,False,INFERRED,ind_74c94ad44e,CHILD,ind_72e5a95bcd,0,,DIRECT
2026,205,,,2. 공동연구센터,1-2. 이차전지,단위과제 자율,,04. 해외 특허 등록 건수,건,우명기,0,,,,0.3,1,0,0,0,0,1,,,,,,,,,,,해외 특허 등록 건수,True,CHUNGBUK,False,INFERRED,ind_c12b3b5961,CHILD,ind_72e5a95bcd,0,,DIRECT
2026,206,,,2. 공동연구센터,1-2. 이차전지,단위과제 자율,,05. (SCI(E)급) 논문 게재 건수,건,우명기,11,,0,,0.25,1,10,11,12,13,14,,,,,,,,,,,(SCI(E)급) 논문 게재 건수,True,CHUNGBUK,False,INFERRED,ind_3e6fb3f552,CHILD,ind_72e5a95bcd,0,,DIRECT
2026,207,,,2. 공동연구센터,1-2. 이차전지,단위과제 자율,,06. (KCI급) 논문 게재 건수,건,우명기,11,,0,,0.1,1,10,11,12,13,14,,,,,,,,,,,(KCI급) 논문 게재 건수,True,CHUNGBUK,False,INFERRED,ind_97d521b095,CHILD,ind_72e5a95bcd,0,,DIRECT
2026,208,,,2. 공동연구센터,1-2. 이차전지,단위과제 자율,,07. 기타 지식재산권 등록 건수(디자인권·상표권·실용신안 등),건,우명기,0,,,,0.05,1,0,0,0,0,0,,,,,,,,,,,기타 지식재산권 등록 건수(디자인권·상표권·실용신안 등),True,CHUNGBUK,False,INFERRED,ind_f5cc8c143a,CHILD,ind_72e5a95bcd,0,,DIRECT
2026,209,,,2. 공동연구센터,1-2. 이차전지,단위과제 자율,,08. 지산학연 공동연구를 통해 창출한 기술이전 수익,천원,우명기,30000,,0,,0.5,27000,27000,30000,33000,36000,39000,,,,,,,,,,,지산학연 공동연구를 통해 창출한 기술이전 수익,True,CHUNGBUK,False,INFERRED,ind_10b7e4543a,CHILD,ind_72e5a95bcd,0,,DIRECT
2026,210,,,2. 공동연구센터,1-2. 이차전지,단위과제 자율,,09. 지산학연 공동연구를 통해 창출한 기술이전 건수,건,우명기,9,,0,,0.5,1,9,9,10,10,11,,,,,,,,,,,지산학연 공동연구를 통해 창출한 기술이전 건수,True,CHUNGBUK,False,INFERRED,ind_012b9a74c6,PARENT,,1,AUTO_FROM_CHILDREN,SUM
2026,211,,,2. 공동연구센터,1-2. 이차전지,단위과제 자율,,(신규) 대학 전임교원 수(2. 2. 2. 공동연구센터 참여 교원),명,,13,,,325(13),,1,13,13,13,14,14,,,,,,,,,,,대학 전임교원 수(2. 2. 2. 공동연구센터 참여 교원),False,CHUNGBUK,False,INFERRED,ind_abcd740c22,CHILD,ind_012b9a74c6,0,,DIRECT
2026,212,,,2. 공동연구센터,1-2. 이차전지,단위과제 자율,,10. 연구과제 수주 증가율,,,0,,#DIV/0!,,,,,,,,,,,,,,,,,,,연구과제 수주 증가율,True,CHUNGBUK,False,INFERRED,ind_66c1b0a9d6,PARENT,,2,AUTO_FROM_CHILDREN,GROWTH_RATE
2026,213,,,2. 공동연구센터,1-2. 이차전지,단위과제 자율,,11. 1억 이상 연구과제 수주 건수,건,우명기,4,,0,,0.7,1,4,4,5,5,6,,,,,,,,,,,1억 이상 연구과제 수주 건수,True,CHUNGBUK,False,INFERRED,ind_1419b000ae,CHILD,ind_66c1b0a9d6,0,,DIRECT
2026,214,,,2. 공동연구센터,1-2. 이차전지,단위과제 자율,,12. 1억 미만 연구과제 수주 건수,건,우명기,9,,0,,0.3,1,8,9,9,10,10,,,,,,,,,,,1억 미만 연구과제 수주 건수,True,CHUNGBUK,False,INFERRED,ind_4eb2693c58,CHILD,ind_66c1b0a9d6,0,,DIRECT
2026,215,,,2. 공동연구센터,1-2. 이차전지,단위과제 자율,,13. 미래전략산업 학생연구원 참여 증가율,,,0,,,,,,,,,,,,,,,,,,,,,미래전략산업 학생연구원 참여 증가율,True,CHUNGBUK,False,INFERRED,ind_4427c3c423,PARENT,,3,AUTO_FROM_CHILDREN,GROWTH_RATE
2026,216,,,2. 공동연구센터,1-2. 이차전지,단위과제 자율,,14. 미래전략산업 학생연구원(학부) 참여자 수,명,우명기,26,,0,,0.2,1,24,26,28,30,32,,,,,,,,,,,미래전략산업 학생연구원(학부) 참여자 수,True,CHUNGBUK,False,INFERRED,ind_8efb45176d,CHILD,ind_4427c3c423,0,,DIRECT
2026,217,,,2. 공동연구센터,1-2. 이차전지,단위과제 자율,,15. 미래전략산업 학생연구원(석사) 참여자 수,명,우명기,11,,0,,0.3,1,10,11,12,13,14,,,,,,,,,,,미래전략산업 학생연구원(석사) 참여자 수,True,CHUNGBUK,False,INFERRED,ind_60ae1e75c4,CHILD,ind_4427c3c423,0,,DIRECT
2026,218,,,2. 공동연구센터,1-2. 이차전지,단위과제 자율,,16. 미래전략산업 학생연구원(박사) 참여자 수,명,우명기,2,,0,,0.5,-,2,2,3,3,3,,,,,,,,,,,미래전략산업 학생연구원(박사) 참여자 수,True,CHUNGBUK,False,INFERRED,ind_c2882065da,CHILD,ind_4427c3c423,0,,DIRECT
2026,219,,,2. 공동연구센터,1-3. 반도체,단위과제 자율,,01. 지산학연 공동연구 증가율,,,0,,,,,,,,,,,,,,,,,,,,,지산학연 공동연구 증가율,True,CHUNGBUK,False,INFERRED,ind_e8b8d04362,PARENT,,7,AUTO_FROM_CHILDREN,GROWTH_RATE
2026,220,,,2. 공동연구센터,1-3. 반도체,단위과제 자율,,02. 특허 출원 건수,건,반도체 담당,10,,0,,0.1,9,9,10,11,12,13,,,,,,,,,,,특허 출원 건수,True,CHUNGBUK,False,INFERRED,ind_55b21bd7fc,CHILD,ind_e8b8d04362,0,,DIRECT
2026,221,,,2. 공동연구센터,1-3. 반도체,단위과제 자율,,03. 국내 특허 등록 건수,건,반도체 담당,0,,,,0.2,-,0,0,1,2,3,,,,,,,,,,,국내 특허 등록 건수,True,CHUNGBUK,False,INFERRED,ind_756660c48c,CHILD,ind_e8b8d04362,0,,DIRECT
2026,222,,,2. 공동연구센터,1-3. 반도체,단위과제 자율,,04. 해외 특허 등록 건수,건,반도체 담당,0,,,,0.3,1,0,0,0,0,1,,,,,,,,,,,해외 특허 등록 건수,True,CHUNGBUK,False,INFERRED,ind_68b0e385a4,CHILD,ind_e8b8d04362,0,,DIRECT
2026,223,,,2. 공동연구센터,1-3. 반도체,단위과제 자율,,05. (SCI(E)급) 논문 게재 건수,건,반도체 담당,0,,,,0.25,1,0,0,1,2,3,,,,,,,,,,,(SCI(E)급) 논문 게재 건수,True,CHUNGBUK,False,INFERRED,ind_911104b395,CHILD,ind_e8b8d04362,0,,DIRECT
2026,224,,,2. 공동연구센터,1-3. 반도체,단위과제 자율,,06. (KCI급) 논문 게재 건수,건,반도체 담당,10,,0,,0.1,9,9,10,11,12,13,,,,,,,,,,,(KCI급) 논문 게재 건수,True,CHUNGBUK,False,INFERRED,ind_02e02bb648,CHILD,ind_e8b8d04362,0,,DIRECT
2026,225,,,2. 공동연구센터,1-3. 반도체,단위과제 자율,,07. 기타 지식재산권 등록 건수(디자인권·상표권·실용신안 등),건,반도체 담당,0,,,,0.05,1,0,0,0,0,0,,,,,,,,,,,기타 지식재산권 등록 건수(디자인권·상표권·실용신안 등),True,CHUNGBUK,False,INFERRED,ind_338a1b4ee6,CHILD,ind_e8b8d04362,0,,DIRECT
2026,226,,,2. 공동연구센터,1-3. 반도체,단위과제 자율,,08. 지산학연 공동연구를 통해 창출한 기술이전 수익,천원,반도체 담당,23000,,0,,0.5,20000,20000,23000,26000,29000,32000,,,,,,,,,,,지산학연 공동연구를 통해 창출한 기술이전 수익,True,CHUNGBUK,False,INFERRED,ind_ee81d9446a,CHILD,ind_e8b8d04362,0,,DIRECT
2026,227,,,2. 공동연구센터,1-3. 반도체,단위과제 자율,,09. 지산학연 공동연구를 통해 창출한 기술이전 건수,건,반도체 담당,9,,0,,0.5,9,9,9,10,10,11,,,,,,,,,,,지산학연 공동연구를 통해 창출한 기술이전 건수,True,CHUNGBUK,False,INFERRED,ind_af0d8a032f,PARENT,,1,AUTO_FROM_CHILDREN,SUM
2026,228,,,2. 공동연구센터,1-3. 반도체,단위과제 자율,,(신규) 대학 전임교원 수(2. 2. 2. 공동연구센터 참여 교원),명,,11,,,325(11),,1,11,11,11,12,12,,,,,,,,,,,대학 전임교원 수(2. 2. 2. 공동연구센터 참여 교원),False,CHUNGBUK,False,INFERRED,ind_354c6a45db,CHILD,ind_af0d8a032f,0,,DIRECT
2026,229,,,2. 공동연구센터,1-3. 반도체,단위과제 자율,,10. 연구과제 수주 증가율,,,0,,,,,,,,,,,,,,,,,,,,,연구과제 수주 증가율,True,CHUNGBUK,False,INFERRED,ind_0226a317b4,PARENT,,2,AUTO_FROM_CHILDREN,GROWTH_RATE
2026,230,,,2. 공동연구센터,1-3. 반도체,단위과제 자율,,11. 1억 이상 연구과제 수주 건수,건,반도체 담당,3,,0,,,3,3,3,4,4,5,,,,,,,,,,,1억 이상 연구과제 수주 건수,True,CHUNGBUK,False,INFERRED,ind_33f5a53d0c,CHILD,ind_0226a317b4,0,,DIRECT
2026,231,,,2. 공동연구센터,1-3. 반도체,단위과제 자율,,12. 1억 미만 연구과제 수주 건수,건,반도체 담당,9,,0,,,8,8,9,9,10,10,,,,,,,,,,,1억 미만 연구과제 수주 건수,True,CHUNGBUK,False,INFERRED,ind_74fe936f82,CHILD,ind_0226a317b4,0,,DIRECT
2026,232,,,2. 공동연구센터,1-3. 반도체,단위과제 자율,,13. 미래전략산업 학생연구원 참여 증가율,,,0,,,,,,,,,,,,,,,,,,,,,미래전략산업 학생연구원 참여 증가율,True,CHUNGBUK,False,INFERRED,ind_60dce2eb97,PARENT,,3,AUTO_FROM_CHILDREN,GROWTH_RATE
2026,233,,,2. 공동연구센터,1-3. 반도체,단위과제 자율,,14. 미래전략산업 학생연구원(학부) 참여자 수,명,반도체 담당,24,,0,,,22,22,24,26,28,30,,,,,,,,,,,미래전략산업 학생연구원(학부) 참여자 수,True,CHUNGBUK,False,INFERRED,ind_858e7fbd49,CHILD,ind_60dce2eb97,0,,DIRECT
2026,234,,,2. 공동연구센터,1-3. 반도체,단위과제 자율,,15. 미래전략산업 학생연구원(석사) 참여자 수,명,반도체 담당,6,,0,,,5,5,6,7,8,9,,,,,,,,,,,미래전략산업 학생연구원(석사) 참여자 수,True,CHUNGBUK,False,INFERRED,ind_426c7d1489,CHILD,ind_60dce2eb97,0,,DIRECT
2026,235,,,2. 공동연구센터,1-3. 반도체,단위과제 자율,,16. 미래전략산업 학생연구원(박사) 참여자 수,명,반도체 담당,1,,0,,,1,1,1,2,2,3,,,,,,,,,,,미래전략산업 학생연구원(박사) 참여자 수,True,CHUNGBUK,False,INFERRED,ind_42c05f89df,CHILD,ind_60dce2eb97,0,,DIRECT
2026,236,O,X,2. 공동연구센터,1-4. 첨단바이오,단위과제 자율,,01. 지산학연 공동연구 증가율,,,0,,,,,,,,,,,,,,,,,51,0,False,False,지산학연 공동연구 증가율,True,CHUNGBUK,False,INFERRED,ind_97d4d1e297,PARENT,,7,AUTO_FROM_CHILDREN,GROWTH_RATE
2026,237,O,X,2. 공동연구센터,1-4. 첨단바이오,단위과제 자율,,02. 특허 출원 건수,건,박은경,14,,0,,0.1,18,13,14,15,16,17,18,13,14,15,16,17,8,3,False,False,특허 출원 건수,True,CHUNGBUK,False,INFERRED,ind_b3637511c8,CHILD,ind_97d4d1e297,0,,DIRECT
2026,238,O,X,2. 공동연구센터,1-4. 첨단바이오,단위과제 자율,,03. 국내 특허 등록 건수,건,박은경,0,,,,0.2,-,0,0,3,4,5,-,0,0,3,4,5,35,37,False,False,국내 특허 등록 건수,True,CHUNGBUK,False,INFERRED,ind_45327acd82,CHILD,ind_97d4d1e297,0,,DIRECT
2026,239,O,X,2. 공동연구센터,1-4. 첨단바이오,단위과제 자율,,04. 해외 특허 등록 건수,건,박은경,0,,,,0.3,1,0,0,0,0,1,-,0,0,0,0,1,8,11,False,False,해외 특허 등록 건수,True,CHUNGBUK,False,INFERRED,ind_82dc89ee83,CHILD,ind_97d4d1e297,0,,DIRECT
2026,240,O,X,2. 공동연구센터,1-4. 첨단바이오,단위과제 자율,,05. (SCI(E)급) 논문 게재 건수,건,박은경,0,,,,0.25,1,0,0,1,2,3,-,0,0,1,2,3,38,0,False,False,(SCI(E)급) 논문 게재 건수,True,CHUNGBUK,False,INFERRED,ind_8c9ca7c589,CHILD,ind_97d4d1e297,0,,DIRECT
2026,241,O,X,2. 공동연구센터,1-4. 첨단바이오,단위과제 자율,,06. (KCI급) 논문 게재 건수,건,박은경,14,,0,,0.1,11,13,14,15,16,17,11,13,14,15,16,17,45,41,False,False,(KCI급) 논문 게재 건수,True,CHUNGBUK,False,INFERRED,ind_36083b3611,CHILD,ind_97d4d1e297,0,,DIRECT
2026,242,O,X,2. 공동연구센터,1-4. 첨단바이오,단위과제 자율,,07. 기타 지식재산권 등록 건수(디자인권·상표권·실용신안 등),건,박은경,0,,,,0.05,1,0,0,0,0,0,1,0,0,0,0,0,3,6,False,False,기타 지식재산권 등록 건수(디자인권·상표권·실용신안 등),True,CHUNGBUK,False,INFERRED,ind_1bf9b094ba,CHILD,ind_97d4d1e297,0,,DIRECT
2026,243,O,X,2. 공동연구센터,1-4. 첨단바이오,단위과제 자율,,08. 지산학연 공동연구를 통해 창출한 기술이전 수익,천원,박은경,30000,,0,,0.5,24000,25000,30000,35000,40000,45000,24000,25000,30000,35000,40000,45000,101,120,False,False,지산학연 공동연구를 통해 창출한 기술이전 수익,True,CHUNGBUK,False,INFERRED,ind_569570fcc7,CHILD,ind_97d4d1e297,0,,DIRECT
2026,244,O,X,2. 공동연구센터,1-4. 첨단바이오,단위과제 자율,,09. 지산학연 공동연구를 통해 창출한 기술이전 건수,건,박은경,11,,0,,0.5,9,10,11,12,13,14,9,10,11,12,13,14,15,0,False,False,지산학연 공동연구를 통해 창출한 기술이전 건수,True,CHUNGBUK,False,INFERRED,ind_1e5c60517e,PARENT,,1,AUTO_FROM_CHILDREN,SUM
2026,245,O,X,2. 공동연구센터,1-4. 첨단바이오,단위과제 자율,,(신규) 대학 전임교원 수(2. 2. 2. 공동연구센터 참여 교원),명,,12,,,325(12),,1,12,12,12,13,13,,,,,,,2,2,False,False,대학 전임교원 수(2. 2. 2. 공동연구센터 참여 교원),False,CHUNGBUK,False,INFERRED,ind_f69c3719ae,CHILD,ind_1e5c60517e,0,,DIRECT
2026,246,O,X,2. 공동연구센터,1-4. 첨단바이오,단위과제 자율,,10. 연구과제 수주 증가율,,,0,,,,,,,,,,,,,,,,,24,26,False,False,연구과제 수주 증가율,True,CHUNGBUK,False,INFERRED,ind_88e74dfb06,PARENT,,2,AUTO_FROM_CHILDREN,GROWTH_RATE
2026,247,O,X,2. 공동연구센터,1-4. 첨단바이오,단위과제 자율,,11. 1억 이상 연구과제 수주 건수,건,박은경,4,,0,,,1,4,4,5,5,6,-,4,4,5,5,6,,,False,True,1억 이상 연구과제 수주 건수,True,CHUNGBUK,False,INFERRED,ind_0c528d6173,CHILD,ind_88e74dfb06,0,,DIRECT
2026,248,O,X,2. 공동연구센터,1-4. 첨단바이오,단위과제 자율,,12. 1억 미만 연구과제 수주 건수,건,박은경,12,,0,,,9,11,12,12,13,13,9,11,12,12,13,13,13,14,False,False,1억 미만 연구과제 수주 건수,True,CHUNGBUK,False,INFERRED,ind_0b492accf0,CHILD,ind_88e74dfb06,0,,DIRECT
2026,249,O,X,2. 공동연구센터,1-4. 첨단바이오,단위과제 자율,,13. 미래전략산업 학생연구원 참여 증가율,,,0,,,,,,,,,,,,,,,,,0,1,True,False,미래전략산업 학생연구원 참여 증가율,True,CHUNGBUK,False,INFERRED,ind_d30be1d1ef,PARENT,,3,AUTO_FROM_CHILDREN,GROWTH_RATE
2026,250,O,X,2. 공동연구센터,1-4. 첨단바이오,단위과제 자율,,14. 미래전략산업 학생연구원(학부) 참여자 수,명,박은경,32,,0,,,18,30,32,34,36,40,18,30,32,34,36,40,0,0,False,False,미래전략산업 학생연구원(학부) 참여자 수,True,CHUNGBUK,False,INFERRED,ind_202c95b215,CHILD,ind_d30be1d1ef,0,,DIRECT
2026,251,O,X,2. 공동연구센터,1-4. 첨단바이오,단위과제 자율,,15. 미래전략산업 학생연구원(석사) 참여자 수,명,박은경,15,,0,,,10,14,15,16,17,18,10,14,15,16,17,18,0,10,False,False,미래전략산업 학생연구원(석사) 참여자 수,True,CHUNGBUK,False,INFERRED,ind_19a7eba533,CHILD,ind_d30be1d1ef,0,,DIRECT
2026,252,O,X,2. 공동연구센터,1-4. 첨단바이오,단위과제 자율,,16. 미래전략산업 학생연구원(박사) 참여자 수,명,박은경,2,,0,,,2,2,2,3,4,5,2,2,2,3,4,5,13,6,False,False,미래전략산업 학생연구원(박사) 참여자 수,True,CHUNGBUK,False,INFERRED,ind_9dee3e7d10,CHILD,ind_d30be1d1ef,0,,DIRECT
2026,253,O,X,2. 공동연구센터,1-5. AI첨단제조,단위과제 자율,,01. 지산학연 공동연구 증가율,,,0,,,,,,,,,,,,,,,,,0,1,True,False,지산학연 공동연구 증가율,True,CHUNGBUK,False,INFERRED,ind_a222038786,PARENT,,0,DIRECT_INPUT,DIRECT
2026,254,O,X,2. 공동연구센터,AI첨단제조,단위과제 자율,,02. 특허 출원 건수,건,김유진,2,,,,0.1,1,0,2,3,3,4,-,0,2,3,3,4,0,0,False,False,특허 출원 건수,True,CHUNGBUK,False,INFERRED,ind_d8d0e48f0f,PARENT,,6,AUTO_FROM_CHILDREN,SUM
2026,255,O,X,2. 공동연구센터,AI첨단제조,단위과제 자율,,03. 국내 특허 등록 건수,건,김유진,0,,,,0.2,1,0,0,2,3,4,-,0,0,2,3,4,0,9,True,False,국내 특허 등록 건수,True,CHUNGBUK,False,INFERRED,ind_bcb03d5d52,CHILD,ind_d8d0e48f0f,0,,DIRECT
2026,256,O,X,2. 공동연구센터,AI첨단제조,단위과제 자율,,04. 해외 특허 등록 건수,건,김유진,0,,,,0.3,1,0,0,0,1,2,-,0,0,0,1,2,9,4,False,False,해외 특허 등록 건수,True,CHUNGBUK,False,INFERRED,ind_948f2caa9c,CHILD,ind_d8d0e48f0f,0,,DIRECT
2026,257,O,X,2. 공동연구센터,AI첨단제조,단위과제 자율,,05. (SCI(E)급) 논문 게재 건수,건,김유진,2,,,,0.25,1,0,2,3,4,4,-,0,2,3,4,4,0,0,False,False,(SCI(E)급) 논문 게재 건수,True,CHUNGBUK,False,INFERRED,ind_da7e78b857,CHILD,ind_d8d0e48f0f,0,,DIRECT
2026,258,O,X,2. 공동연구센터,AI첨단제조,단위과제 자율,,06. (KCI급) 논문 게재 건수,건,김유진,4,,0,,0.1,1,3,4,7,8,10,-,3,4,7,8,10,20000,69800,False,False,(KCI급) 논문 게재 건수,True,CHUNGBUK,False,INFERRED,ind_53f3f2ba8a,CHILD,ind_d8d0e48f0f,0,,DIRECT
2026,259,O,X,2. 공동연구센터,AI첨단제조,단위과제 자율,,07. 기타 지식재산권 등록 건수(디자인권·상표권·실용신안 등),건,김유진,0,,,,0.05,1,0,0,0,0,0,-,0,0,0,0,0,9,11,False,False,기타 지식재산권 등록 건수(디자인권·상표권·실용신안 등),True,CHUNGBUK,False,INFERRED,ind_408d09275b,CHILD,ind_d8d0e48f0f,0,,DIRECT
2026,260,O,X,2. 공동연구센터,AI첨단제조,단위과제 자율,,08. 지산학연 공동연구를 통해 창출한 기술이전 수익,천원,김유진,15000,,,,0.5,15000,0,15000,30000,30000,35000,-,0,15000,30000,30000,35000,,11,False,False,지산학연 공동연구를 통해 창출한 기술이전 수익,True,CHUNGBUK,False,INFERRED,ind_78ea149040,CHILD,ind_d8d0e48f0f,0,,DIRECT
2026,261,O,X,2. 공동연구센터,AI첨단제조,단위과제 자율,,09. 지산학연 공동연구를 통해 창출한 기술이전 건수,건,김유진,3,,,,0.5,1,0,3,4,5,6,-,0,3,4,5,6,,,False,True,지산학연 공동연구를 통해 창출한 기술이전 건수,True,CHUNGBUK,False,INFERRED,ind_fd3cdd933b,PARENT,,1,AUTO_FROM_CHILDREN,SUM
2026,262,O,X,2. 공동연구센터,AI첨단제조,단위과제 자율,,(신규) 대학 전임교원 수(2. 2. 2. 공동연구센터 참여 교원),명,,5,,,325(5),,1,5,5,5,6,6,,,,,,,3,6,False,False,대학 전임교원 수(2. 2. 2. 공동연구센터 참여 교원),False,CHUNGBUK,False,INFERRED,ind_8bf52dbf2d,CHILD,ind_fd3cdd933b,0,,DIRECT
2026,263,O,X,2. 공동연구센터,AI첨단제조,단위과제 자율,,10. 연구과제 수주 증가율,,김유진,0,,,,,1,,,,,,,,,,,,8,6,False,False,연구과제 수주 증가율,True,CHUNGBUK,False,INFERRED,ind_2638455c18,PARENT,,2,AUTO_FROM_CHILDREN,GROWTH_RATE
2026,264,O,X,2. 공동연구센터,AI첨단제조,단위과제 자율,,11. 1억 이상 연구과제 수주 건수,건,김유진,2,,0,,,1,2,2,2,2,3,-,2,2,2,2,3,,,False,True,1억 이상 연구과제 수주 건수,True,CHUNGBUK,False,INFERRED,ind_6ec076dcef,CHILD,ind_2638455c18,0,,DIRECT
2026,265,O,X,2. 공동연구센터,AI첨단제조,단위과제 자율,,12. 1억 미만 연구과제 수주 건수,건,김유진,4,,0,,,1,3,4,5,5,5,-,3,4,5,5,5,22,29,False,False,1억 미만 연구과제 수주 건수,True,CHUNGBUK,False,INFERRED,ind_1be8f7dca8,CHILD,ind_2638455c18,0,,DIRECT
2026,266,O,X,2. 공동연구센터,AI첨단제조,단위과제 자율,,13. 미래전략산업 학생연구원 참여 증가율,,김유진,0,,,,,1,,,,,,,,,,,,5,21,False,False,미래전략산업 학생연구원 참여 증가율,True,CHUNGBUK,False,INFERRED,ind_0810b3703e,PARENT,,3,AUTO_FROM_CHILDREN,GROWTH_RATE
2026,267,O,X,2. 공동연구센터,AI첨단제조,단위과제 자율,,14. 미래전략산업 학생연구원(학부) 참여자 수,명,김유진,6,,0,,,1,5,6,7,8,9,-,5,6,7,8,9,1,9,False,False,미래전략산업 학생연구원(학부) 참여자 수,True,CHUNGBUK,False,INFERRED,ind_409ed4a36a,CHILD,ind_0810b3703e,0,,DIRECT
2026,268,O,X,2. 공동연구센터,AI첨단제조,단위과제 자율,,15. 미래전략산업 학생연구원(석사) 참여자 수,명,김유진,4,,0,,,1,3,4,6,8,8,-,3,4,6,8,8,0,6,False,False,미래전략산업 학생연구원(석사) 참여자 수,True,CHUNGBUK,False,INFERRED,ind_37112e96d7,CHILD,ind_0810b3703e,0,,DIRECT
2026,269,O,X,2. 공동연구센터,AI첨단제조,단위과제 자율,,16. 미래전략산업 학생연구원(박사) 참여자 수,명,김유진,3,,,,,1,0,3,4,5,5,-,0,3,4,5,5,0,3,False,False,미래전략산업 학생연구원(박사) 참여자 수,True,CHUNGBUK,False,INFERRED,ind_e2caef8896,CHILD,ind_0810b3703e,0,,DIRECT
2026,270,O,X,2. 공동연구센터,AI모빌리티,대학 자율,,01. 공동연구센터 운영 실적,값,정은제,53,,0,,,49,51,53,55,57,59,49,51,53,55,57,59,,,False,True,공동연구센터 운영 실적,True,UNIVERSITY,False,INFERRED,ind_1f2f7d1fcb,PARENT,,0,DIRECT_INPUT,DIRECT
2026,271,O,X,2. 공동연구센터,AI모빌리티,대학 자율,,2. 2. 2. 공동연구센터 특화 프로그램 운영 수,건,정은제,0,,#DIV/0!,,1,,,,,,,,,,,,,0,8,True,False,2. 2. 공동연구센터 특화 프로그램 운영 수,True,UNIVERSITY,False,INFERRED,ind_7c5d312566,PARENT,,2,AUTO_FROM_CHILDREN,SUM
2026,272,O,X,2. 공동연구센터,AI모빌리티,대학 자율,,기업지원 활동 건수,건,"정은제, 성하나",0,,#DIV/0!,,1,,,,,,,,,,,,,0,0,True,False,기업지원 활동 건수,False,UNIVERSITY,False,INFERRED,ind_e2f1df45b4,CHILD,ind_7c5d312566,0,,DIRECT
2026,273,O,X,2. 공동연구센터,AI모빌리티,대학 자율,,타 센터 및 기관과의 협업 활동 건수,건,정은제,0,,#DIV/0!,,1,,,,,,,,,,,,,0,0,True,False,타 센터 및 기관과의 협업 활동 건수,False,UNIVERSITY,False,INFERRED,ind_41fe7d6e42,CHILD,ind_7c5d312566,0,,DIRECT
2026,274,O,X,2. 공동연구센터,AI모빌리티,대학 자율,,02. 공용장비 확산 지수,값,정은제,42,,0,,,34,38,42,47,54,62,34,38,42,47,54,62,0,2,False,False,공용장비 확산 지수,True,UNIVERSITY,False,INFERRED,ind_fbabb7187d,PARENT,,3,AUTO_FROM_CHILDREN,WEIGHTED_SUM
2026,275,O,X,2. 공동연구센터,AI모빌리티,대학 자율,,공동활용 연구장비 활용 기업 수,건,정은제,0,,#DIV/0!,,0.6,,,,,,,,,,,,,3,4,False,False,공동활용 연구장비 활용 기업 수,False,UNIVERSITY,False,INFERRED,ind_afa43a8a15,CHILD,ind_fbabb7187d,0,,DIRECT
2026,276,O,X,2. 공동연구센터,AI모빌리티,대학 자율,,공동활용 연구장비 관련 교육 건수,건,정은제,0,,#DIV/0!,,0.3,,,,,,,,,,,,,0,,True,True,공동활용 연구장비 관련 교육 건수,False,UNIVERSITY,False,INFERRED,ind_d046144c89,CHILD,ind_fbabb7187d,0,,DIRECT
2026,277,O,X,2. 공동연구센터,AI모빌리티,대학 자율,,공동활용 연구장비 관련 교육 이수자 수,명,정은제,0,,#DIV/0!,,0.1,,,,,,,,,,,,,0,47000,True,False,공동활용 연구장비 관련 교육 이수자 수,False,UNIVERSITY,False,INFERRED,ind_117dd44673,CHILD,ind_fbabb7187d,0,,DIRECT
2026,278,O,X,2. 공동연구센터,AI모빌리티,대학 자율,,03. 지산학연 협력 협의체 운영 지수,값,정은제,16,,0,,,14,15,16,17,18,19,14,15,16,17,18,19,0,5,False,False,지산학연 협력 협의체 운영 지수,True,UNIVERSITY,False,INFERRED,ind_e1865f78cb,PARENT,,2,AUTO_FROM_CHILDREN,WEIGHTED_SUM
2026,279,O,X,2. 공동연구센터,AI모빌리티,대학 자율,,지산학연 관련 협의체 개최 건수,건,정은제,0,,#DIV/0!,,0.4,,,,,,,,,,,,,,5,False,False,지산학연 관련 협의체 개최 건수,False,UNIVERSITY,False,INFERRED,ind_611c20380f,CHILD,ind_e1865f78cb,0,,DIRECT
2026,280,O,X,2. 공동연구센터,AI모빌리티,대학 자율,,지산학연 관련 협의체 참여자 수,명,정은제,0,,#DIV/0!,,0.6,,,,,,,,,,,,,,,False,True,지산학연 관련 협의체 참여자 수,False,UNIVERSITY,False,INFERRED,ind_88af852233,CHILD,ind_e1865f78cb,0,,DIRECT
2026,281,O,X,2. 공동연구센터,첨단바이오,대학 자율,,01. 애로기술지도 건수,건,성하나,12,,0,,10,10,10,12,14,16,18,10,10,12,14,16,18,2,3,False,False,애로기술지도 건수,True,UNIVERSITY,False,INFERRED,ind_bc5f187296,PARENT,,1,AUTO_FROM_CHILDREN,SUM
2026,282,O,X,2. 공동연구센터,첨단바이오,대학 자율,,02. 시제품제작지원 건수,건,성하나,2.4,,0,,2,2,2,2.4,2.8,3.2,3.6,2,2,2.4,2.8,3.2,3.6,3,2,False,False,시제품제작지원 건수,True,UNIVERSITY,False,INFERRED,ind_33756a47fc,CHILD,ind_bc5f187296,0,,DIRECT
2026,283,O,X,2. 공동연구센터,이차전지,대학 자율,,01. 애로기술지도 건수,건,성하나,14,,0,,10,10,12,14,16,18,20,10,12,14,16,18,20,,,False,True,애로기술지도 건수,True,UNIVERSITY,False,INFERRED,ind_0e1dcefda8,PARENT,,1,AUTO_FROM_CHILDREN,SUM
2026,284,O,X,2. 공동연구센터,이차전지,대학 자율,,02. 시제품제작지원 건수,건,성하나,4,,0,,2,2,3,4,4,5,5,2,3,4,4,5,5,5,11,False,False,시제품제작지원 건수,True,UNIVERSITY,False,INFERRED,ind_1bce423f44,CHILD,ind_0e1dcefda8,0,,DIRECT
2026,285,O,X,2. 공동연구센터,반도체,대학 자율,,01. 애로기술지도 건수,건,성하나,7,,0,,0.2,5,6,7,8,9,10,5,6,7,8,9,10,3,8,False,False,애로기술지도 건수,True,UNIVERSITY,False,INFERRED,ind_926222d498,PARENT,,1,AUTO_FROM_CHILDREN,SUM
2026,286,O,X,2. 공동연구센터,반도체,대학 자율,,02. 시제품제작지원 건수,건,성하나,2.8,,0,,0.2,2,2.4,2.8,3.2,3.6,4,2,2.4,2.8,3.2,3.6,4,0,5,False,False,시제품제작지원 건수,True,UNIVERSITY,False,INFERRED,ind_2863691797,CHILD,ind_926222d498,0,,DIRECT
2026,287,O,X,2. 공동연구센터,AI첨단제조,대학 자율,,01. 공동연구센터 운영 실적,값,김유진,6,,0,,,0,5,6,7,8,9,0,5,6,7,8,9,5,0,False,False,공동연구센터 운영 실적,True,UNIVERSITY,False,INFERRED,ind_a45aabad04,PARENT,,0,DIRECT_INPUT,DIRECT
2026,288,O,X,2. 공동연구센터,AI첨단제조,대학 자율,,2. 공동연구센터 특화 프로그램 운영 수,건,김유진,0,,,,1,,,,,,,,,,,,,0,0,True,False,공동연구센터 특화 프로그램 운영 수,True,UNIVERSITY,False,INFERRED,ind_8c1d0f31bd,PARENT,,2,AUTO_FROM_CHILDREN,SUM
2026,289,O,X,2. 공동연구센터,AI첨단제조,대학 자율,,기업지원 활동 건수,건,"김유진, 성하나",0,,,,1,,,,,,,,,,,,,0,6,True,False,기업지원 활동 건수,False,UNIVERSITY,False,INFERRED,ind_66ae0b930c,CHILD,ind_8c1d0f31bd,0,,DIRECT
2026,290,O,X,2. 공동연구센터,AI첨단제조,대학 자율,,타 센터 및 기관과의 협업 활동 건수,건,김유진,0,,,,1,,,,,,,,,,,,,0,0,True,False,타 센터 및 기관과의 협업 활동 건수,False,UNIVERSITY,False,INFERRED,ind_9bbbcc0c0b,CHILD,ind_8c1d0f31bd,0,,DIRECT
2026,291,O,X,2. 공동연구센터,AI첨단제조,대학 자율,,02. 공용장비 확산 지수,값,김유진,8,,0,,,0,6,8,10,12,14,0,6,8,10,12,14,6,6.5,False,False,공용장비 확산 지수,True,UNIVERSITY,False,INFERRED,ind_e10845a474,PARENT,,3,AUTO_FROM_CHILDREN,WEIGHTED_SUM
2026,292,O,X,2. 공동연구센터,AI첨단제조,대학 자율,,공동활용 연구장비 활용 기업 수,건,김유진,0,,,,0.6,,,,,,,,,,,,,0,5,True,False,공동활용 연구장비 활용 기업 수,False,UNIVERSITY,False,INFERRED,ind_2ec26fc92f,CHILD,ind_e10845a474,0,,DIRECT
2026,293,O,X,2. 공동연구센터,AI첨단제조,대학 자율,,공동활용 연구장비 관련 교육 건수,건,김유진,0,,,,0.3,,,,,,,,,,,,,0,1,True,False,공동활용 연구장비 관련 교육 건수,False,UNIVERSITY,False,INFERRED,ind_0f41279f26,CHILD,ind_e10845a474,0,,DIRECT
2026,294,O,X,2. 공동연구센터,AI첨단제조,대학 자율,,공동활용 연구장비 관련 교육 이수자 수,명,김유진,0,,,,0.1,,,,,,,,,,,,,0,32,True,False,공동활용 연구장비 관련 교육 이수자 수,False,UNIVERSITY,False,INFERRED,ind_137b9f2e9f,CHILD,ind_e10845a474,0,,DIRECT
2026,295,O,X,2. 공동연구센터,AI첨단제조,대학 자율,,03. 지산학연 협력 협의체 운영 지수,값,김유진,4,,0,,,0,3,4,4,4,5,0,3,4,4,4,5,3,0,False,False,지산학연 협력 협의체 운영 지수,True,UNIVERSITY,False,INFERRED,ind_c0b858f0bd,PARENT,,2,AUTO_FROM_CHILDREN,WEIGHTED_SUM
2026,296,O,X,2. 공동연구센터,AI첨단제조,대학 자율,,지산학연 관련 협의체 개최 건수,건,김유진,0,,,,0.4,,,,,,,,,,,,,0,0,True,False,지산학연 관련 협의체 개최 건수,False,UNIVERSITY,False,INFERRED,ind_ef55d12bc2,CHILD,ind_c0b858f0bd,0,,DIRECT
2026,297,O,X,2. 공동연구센터,AI첨단제조,대학 자율,,지산학연 관련 협의체 참여자 수,명,김유진,0,,,,0.6,,,,,,,,,,,,,0,0,True,False,지산학연 관련 협의체 참여자 수,False,UNIVERSITY,False,INFERRED,ind_f4e26e806f,CHILD,ind_c0b858f0bd,0,,DIRECT
2026,298,,,2.1. 창업지원센터,창업지원센터,단위과제 자율,,01. 학생·교원 창업기업 수 및 매출액 증가율,%,,0,,,,,,,,,,,,,,,,,,,,,학생·교원 창업기업 수 및 매출액 증가율,True,CHUNGBUK,False,INFERRED,ind_ee172307da,PARENT,,4,AUTO_FROM_CHILDREN,GROWTH_RATE
2026,299,,,2.1. 창업지원센터,창업지원센터,단위과제 자율,,02. 지역 학생·교원 창업기업 수,기업수,이은주,3,,0,,,2,3,3,3,3,4,,,,,,,,,,,지역 학생·교원 창업기업 수,True,CHUNGBUK,False,INFERRED,ind_0f6b577be5,CHILD,ind_ee172307da,0,,DIRECT
2026,300,,,2.1. 창업지원센터,창업지원센터,단위과제 자율,,03. 지역 학생·교원 창업기업의 연간 매출액 총계,천원,이은주,35400,,0,,,23920,32200,35400,39100,42400,45000,,,,,,,,,,,지역 학생·교원 창업기업의 연간 매출액 총계,True,CHUNGBUK,False,INFERRED,ind_d878abb4f0,CHILD,ind_ee172307da,0,,DIRECT
2026,301,,,2.1. 창업지원센터,창업지원센터,대학 자율,,01. 창업 프로그램 운영 건수,건,이은주,9,,0,15->11,1,9,9,9,9,10,10,,,,,,,,,,,창업 프로그램 운영 건수,True,UNIVERSITY,False,INFERRED,ind_795d68efdf,CHILD,ind_ee172307da,0,,DIRECT
2026,302,,,2.1. 창업지원센터,창업지원센터,대학 자율,,02. 창업 강좌 이수자 수,명,이은주,1064,,0,,1,1014,1014,1064,1114,1164,1214,,,,,,,,,,,창업 강좌 이수자 수,True,UNIVERSITY,False,INFERRED,ind_3bd62e1184,CHILD,ind_ee172307da,0,,DIRECT
2026,303,O,X,2.2. 방사광가속기,4세대 방사광 가속기,단위과제 자율,,01. 방사광가속기 연구 관련 학생연구원 참여 증가율,,,0,,,,,,,,,,,,,,,,,,,False,True,방사광가속기 연구 관련 학생연구원 참여 증가율,True,CHUNGBUK,False,INFERRED,ind_c880502cd6,PARENT,,5,AUTO_FROM_CHILDREN,GROWTH_RATE
2026,304,O,X,2.2. 방사광가속기,4세대 방사광 가속기,단위과제 자율,,02. 방사광가속기 연구 관련 학생연구원(학부) 참여자 수,명,김유진,2,,0,,,2,2,2,2,2,2,2,2,2,2,2,2,2,4,True,False,방사광가속기 연구 관련 학생연구원(학부) 참여자 수,True,CHUNGBUK,False,INFERRED,ind_241fa5ec3e,CHILD,ind_c880502cd6,0,,DIRECT
2026,305,O,X,2.2. 방사광가속기,4세대 방사광 가속기,단위과제 자율,,03. 방사광가속기 연구 관련 학생연구원(석사) 참여자 수,명,김유진,1,,0,,,1,1,1,1,1,1,1,1,1,1,1,1,1,3,True,False,방사광가속기 연구 관련 학생연구원(석사) 참여자 수,True,CHUNGBUK,False,INFERRED,ind_05375f333e,CHILD,ind_c880502cd6,0,,DIRECT
2026,306,O,X,2.2. 방사광가속기,4세대 방사광 가속기,단위과제 자율,,04. 방사광가속기 연구 관련 학생연구원(박사) 참여자 수,명,김유진,1,,0,,,1,1,1,1,1,1,1,1,1,1,1,1,1,1,True,False,방사광가속기 연구 관련 학생연구원(박사) 참여자 수,True,CHUNGBUK,False,INFERRED,ind_56cf674201,CHILD,ind_c880502cd6,0,,DIRECT
2026,307,O,X,2.2. 방사광가속기,4세대 방사광 가속기,단위과제 자율,,05. 방사광가속기 관련 석사학위 취득자 수,명,김유진,2,,,,,1,0,2,3,3,3,0,0,2,3,3,3,0,1,False,False,방사광가속기 관련 석사학위 취득자 수,True,CHUNGBUK,False,INFERRED,ind_0f06500385,CHILD,ind_c880502cd6,0,,DIRECT
2026,308,O,X,2.2. 방사광가속기,4세대 방사광 가속기,단위과제 자율,,06. 방사광가속기 관련 박사학위 취득자 수,명,김유진,0,,,,,1,0,0,1,1,1,0,0,0,1,1,1,0,0,True,False,방사광가속기 관련 박사학위 취득자 수,True,CHUNGBUK,False,INFERRED,ind_a9076a4900,CHILD,ind_c880502cd6,0,,DIRECT
2026,309,O,X,2.2. 방사광가속기,4세대 방사광 가속기,대학 자율,,01. 방사광가속기 교과목 운영 건수 증가율,값,김유진,40,,,,,0,0,40,60,80,100,0,0,40,60,80,100,0,0,False,False,방사광가속기 교과목 운영 건수 증가율,True,UNIVERSITY,False,INFERRED,ind_a204adeab7,PARENT,,1,AUTO_FROM_CHILDREN,GROWTH_RATE
2026,310,O,X,2.2. 방사광가속기,4세대 방사광 가속기,대학 자율,,방사광가속기 교과목 운영(개설) 건수,건,김유진,0,,,,1,0,0,,,,,0,0,,,,,0,0,True,False,방사광가속기 교과목 운영(개설) 건수,False,UNIVERSITY,False,INFERRED,ind_9a6500e4e4,CHILD,ind_a204adeab7,0,,DIRECT
2026,311,O,X,2.2. 방사광가속기,4세대 방사광 가속기,대학 자율,,02. 방사광가속기 연구논문 건수 증가율,값,김유진,30,,,,,0,0,30,100,130,200,0,0,30,100,130,200,0,0,False,False,방사광가속기 연구논문 건수 증가율,True,UNIVERSITY,False,INFERRED,ind_0ab48663a6,PARENT,,2,AUTO_FROM_CHILDREN,GROWTH_RATE
2026,312,O,X,2.2. 방사광가속기,4세대 방사광 가속기,대학 자율,,방사광가속기와 관련된 교수 1인당 연구논문 게재 건수 (SCI(E)급),건,김유진,0,,,,0.7,,,,,,,,,,,,,0,0,True,False,방사광가속기와 관련된 교수 1인당 연구논문 게재 건수 (SCI(E)급),False,UNIVERSITY,False,INFERRED,ind_43c851a668,CHILD,ind_0ab48663a6,0,,DIRECT
2026,313,O,X,2.2. 방사광가속기,4세대 방사광 가속기,대학 자율,,방사광가속기와 관련된 교수 1인당 연구논문 게재 건수 (KCI급),건,김유진,0,,,,0.3,,,,,,,,,,,,,0,1,True,False,방사광가속기와 관련된 교수 1인당 연구논문 게재 건수 (KCI급),False,UNIVERSITY,False,INFERRED,ind_99b445b1ba,CHILD,ind_0ab48663a6,0,,DIRECT
2026,314,O,X,2.2. 방사광가속기,4세대 방사광 가속기,대학 자율,,03. 방사광가속기 분야 산업체 재직자 교육 증가율,값,김유진,50,,,,,0,0,50,100,150,200,0,0,50,100,150,200,0,0,False,False,방사광가속기 분야 산업체 재직자 교육 증가율,True,UNIVERSITY,False,INFERRED,ind_08e42dae0c,PARENT,,2,AUTO_FROM_CHILDREN,GROWTH_RATE
2026,315,O,X,2.2. 방사광가속기,4세대 방사광 가속기,대학 자율,,방사광가속기 관련 산업체 재직자 교육 건수,건,김유진,0,,,,0.9,,,,,,,,,,,,,0,0,True,False,방사광가속기 관련 산업체 재직자 교육 건수,False,UNIVERSITY,False,INFERRED,ind_f65fc3e530,CHILD,ind_08e42dae0c,0,,DIRECT
2026,316,O,X,2.2. 방사광가속기,4세대 방사광 가속기,대학 자율,,방사광가속기 관련 산업체 재직자 교육 참여자 수,명,김유진,0,,,,0.1,,,,,,,,,,,,,0,0,True,False,방사광가속기 관련 산업체 재직자 교육 참여자 수,False,UNIVERSITY,False,INFERRED,ind_91d631236c,CHILD,ind_08e42dae0c,0,,DIRECT
2026,317,O,X,3. 평생교육,평생직업교육체계 활성화,지역 전체,,01. 성인 학습자 고등교육 참여율,,,0,,,,,,,,,,,,,,,,,,,False,True,성인 학습자 고등교육 참여율,True,PROJECT,False,INFERRED,ind_49e1481928,PARENT,,0,DIRECT_INPUT,DIRECT
2026,318,O,X,3. 평생교육,평생직업교육체계 활성화,지역 전체,,02. 고등교육기관 재적자 중 성인 학습자(만 30세 이상)의 수,명,미래융합대학,1113,,0,,,1063,1063,1113,1163,1213,1263,3088,3088,3090,3099,3107,3115,1063,1119,False,False,고등교육기관 재적자 중 성인 학습자(만 30세 이상)의 수,True,PROJECT,False,INFERRED,ind_8fc0a101fa,PARENT,,1,AUTO_FROM_CHILDREN,SUM
2026,319,O,X,3. 평생교육,평생직업교육체계 활성화,지역 전체,,(신규) 고등교육기관 재적자 수,명,센터,11814,,,신규,,0,0,11814,11964,12114,12264,,,,,,,-,11814,False,False,고등교육기관 재적자 수,False,PROJECT,False,INFERRED,ind_6497eb38a9,CHILD,ind_8fc0a101fa,0,,DIRECT
2026,320,O,X,3. 평생교육,평생직업교육체계 활성화,단위과제 자율,,"03. 성인 학습자 교육 이수 증가율(학위, 비학위)",,,0,,,,,,,,,,,,,,,,,,,False,True,"성인 학습자 교육 이수 증가율(학위, 비학위)",True,CHUNGBUK,False,INFERRED,ind_5724f51ec1,PARENT,,6,AUTO_FROM_CHILDREN,GROWTH_RATE
2026,321,O,X,3. 평생교육,평생직업교육체계 활성화,단위과제 자율,,04. 성인 학습자 평생직업교육 학위과정 이수자 수,명,미래융합대학,380,,0,,,290,375,380,385,390,395,290,375,380,385,390,395,375,398,False,False,성인 학습자 평생직업교육 학위과정 이수자 수,True,CHUNGBUK,False,INFERRED,ind_751912f4fd,CHILD,ind_5724f51ec1,0,,DIRECT
2026,322,O,X,3. 평생교육,평생직업교육체계 활성화,단위과제 자율,,05. 성인 학습자 평생직업교육 비학위과정 이수자 수,명,미래융합대학,575,,0,,,63,454,575,632,706,808,63,454,575,632,706,808,454,494,False,False,성인 학습자 평생직업교육 비학위과정 이수자 수,True,CHUNGBUK,False,INFERRED,ind_4a3f11c4f0,CHILD,ind_5724f51ec1,0,,DIRECT
2026,323,,,3. 평생교육,평생직업교육체계 활성화,단위과제 자율,,06. 성인 학습자 평생직업교육 학습자 수,명,미래융합대학,955,,0,,,353,829,955,1017,1096,1203,,,,,,,,,,,성인 학습자 평생직업교육 학습자 수,True,CHUNGBUK,False,INFERRED,ind_1f40834d05,CHILD,ind_5724f51ec1,0,,DIRECT
2026,324,O,X,3. 평생교육,평생직업교육체계 활성화,대학 자율,,01. 성인학습자(재직자) 교육과정 프로그램 만족도,점,미래융합대학,92,,0,,1,90,91,92,93,94,95,90,91,92,93,94,95,91,93.3,False,False,성인학습자(재직자) 교육과정 프로그램 만족도,True,UNIVERSITY,False,INFERRED,ind_15640418f1,CHILD,ind_5724f51ec1,0,,DIRECT
2026,325,O,X,3. 평생교육,평생직업교육체계 활성화,대학 자율,,02. 성인학습자(재직자) 대상 교육운영 건수,건,미래융합대학,16,,0,,1,12,14,16,18,20,22,12,14,16,18,20,22,14,19,False,False,성인학습자(재직자) 대상 교육운영 건수,True,UNIVERSITY,False,INFERRED,ind_977ed33e60,CHILD,ind_5724f51ec1,0,,DIRECT
2026,326,O,X,3. 평생교육,평생직업교육체계 활성화,대학 자율,,03. 성인학습자(재직자) 대상 교육 참여산업체 수,개,미래융합대학,18,,0,,1,14,16,18,20,22,24,14,16,18,20,22,24,16,213,False,False,성인학습자(재직자) 대상 교육 참여산업체 수,True,UNIVERSITY,False,INFERRED,ind_88b1c19c5a,CHILD,ind_5724f51ec1,0,,DIRECT
2026,327,O,X,4. 지역현안해결,K-유학생,지역 전체,,01. 지역혁신체제 만족도,점,센터,0,,#DIV/0!,,,,,,,,,,,,,,,70,0,False,False,지역혁신체제 만족도,True,PROJECT,False,INFERRED,ind_5b2c99531e,PARENT,,2,AUTO_FROM_CHILDREN,SUM
2026,328,O,X,4. 지역현안해결,K-유학생,지역 전체,,사업 참여자 만족도 점수 합계(100점 환산),점,센터,0,,#DIV/0!,,,,,,,,,,,,,,,70,0,False,False,사업 참여자 만족도 점수 합계(100점 환산),False,PROJECT,False,INFERRED,ind_05db27d396,CHILD,ind_5b2c99531e,0,,DIRECT
2026,329,O,X,4. 지역현안해결,K-유학생,지역 전체,,만족도 참여자 수,명,센터,0,,,신규,,,,,,,,,,,,,,,,False,True,만족도 참여자 수,False,PROJECT,False,INFERRED,ind_8bc1ffeaef,CHILD,ind_5b2c99531e,0,,DIRECT
2026,330,O,X,4. 지역현안해결,K-유학생,지역 전체,,02. 지역 외 표준현장실습 참여 학생 증가율,%,유혜정,0,,,,,1,,,,,,,,,,,,0,,True,True,지역 외 표준현장실습 참여 학생 증가율,True,PROJECT,False,INFERRED,ind_e91aa04111,PARENT,,0,DIRECT_INPUT,DIRECT
2026,331,O,X,4. 지역현안해결,K-유학생,지역 전체,,02. 지역 내 표준현장실습 참여 학생 증가율,%,유혜정,0,,,,,1,,,,,,,,,,,,0,,True,True,지역 내 표준현장실습 참여 학생 증가율,True,PROJECT,False,INFERRED,ind_6d30ca5c9c,PARENT,,6,AUTO_FROM_CHILDREN,GROWTH_RATE
2026,332,O,X,4. 지역현안해결,K-유학생,지역 전체,,03. 지역 외 4주 이상 8주 미만 표준현장실습 참여 학생 수,명,유혜정,2,,,,,1,0,2,3,4,5,-,0,2,3,4,5,0,0,False,False,지역 외 4주 이상 8주 미만 표준현장실습 참여 학생 수,True,PROJECT,False,INFERRED,ind_f5187c9850,CHILD,ind_6d30ca5c9c,0,,DIRECT
2026,333,O,X,4. 지역현안해결,K-유학생,지역 전체,,03. 지역 내 4주 이상 8주 미만 표준현장실습 참여 유학생 수,명,유혜정,0,,,,,1,,,,,1,,,,,,,0,,True,True,지역 내 4주 이상 8주 미만 표준현장실습 참여 유학생 수,True,PROJECT,False,INFERRED,ind_6439ee100a,CHILD,ind_6d30ca5c9c,0,,DIRECT
2026,334,O,X,4. 지역현안해결,K-유학생,지역 전체,,04. 지역 외 8주 이상 12주 미만 표준현장실습 참여 유학생 수,명,유혜정,1,,,,,1,0,1,2,2,2,-,0,1,2,2,2,0,0,False,False,지역 외 8주 이상 12주 미만 표준현장실습 참여 유학생 수,True,PROJECT,False,INFERRED,ind_faf286c2b7,CHILD,ind_6d30ca5c9c,0,,DIRECT
2026,335,O,X,4. 지역현안해결,K-유학생,지역 전체,,04. 지역 내 4주 이상 12주 미만 표준현장실습 참여 유학생 수,명,유혜정,0,,,,,1,,,,,1,,,,,,,0,,True,True,지역 내 4주 이상 12주 미만 표준현장실습 참여 유학생 수,True,PROJECT,False,INFERRED,ind_d1751b9ba7,CHILD,ind_6d30ca5c9c,0,,DIRECT
2026,336,O,X,4. 지역현안해결,K-유학생,지역 전체,,05. 지역 외 12주 이상 표준현장실습 참여 유학생 수,명,유혜정,0,,,,,1,0,0,0,0,1,-,0,0,0,0,0,0,0,True,False,지역 외 12주 이상 표준현장실습 참여 유학생 수,True,PROJECT,False,INFERRED,ind_5a98b2cebd,CHILD,ind_6d30ca5c9c,0,,DIRECT
2026,337,O,X,4. 지역현안해결,K-유학생,지역 전체,,05. 지역 내 12주 이상 표준현장실습 참여 유학생 수,명,유혜정,0,,,,,1,,,,,1,,,,,,,0,,True,True,지역 내 12주 이상 표준현장실습 참여 유학생 수,True,PROJECT,False,INFERRED,ind_cd6fc3507a,CHILD,ind_6d30ca5c9c,0,,DIRECT
2026,338,O,X,4. 지역현안해결,K-유학생,지역 전체,,06. 표준현장실습 참여 유학생 중 실습기업에 취업한 유학생 수,명,유혜정,0,,,,,1,0,0,1,2,3,-,0,0,1,2,3,0,0,True,False,표준현장실습 참여 유학생 중 실습기업에 취업한 유학생 수,True,PROJECT,False,INFERRED,ind_546479555e,PARENT,,1,AUTO_FROM_CHILDREN,SUM
2026,339,O,X,4. 지역현안해결,K-유학생,지역 전체,,(신규) 대학 전체 유학생 수,명 ,유혜정,42,,,신규,,40,41,42,44,45,46,40,41,42,44,45,46,,35,False,False,대학 전체 유학생 수,False,PROJECT,False,INFERRED,ind_5930ab4992,CHILD,ind_546479555e,0,,DIRECT
2026,340,O,X,4. 지역현안해결,K-유학생,대학 자율,,01. 유학생 유치 인원 증가율,%,유혜정,6,,,,,154,3,6,9,12,15,154,3,6,9,12,15,3,#DIV/0!,False,#DIV/0!,유학생 유치 인원 증가율,True,UNIVERSITY,False,INFERRED,ind_bed6101d8b,PARENT,,1,AUTO_FROM_CHILDREN,GROWTH_RATE
2026,341,O,X,4. 지역현안해결,K-유학생,대학 자율,,02. 유학생 유치 인원,명,유혜정,0,,,,154,,,,,,,,,,,,,158,150,False,False,유학생 유치 인원,True,UNIVERSITY,False,INFERRED,ind_892b6ad19a,CHILD,ind_bed6101d8b,0,,DIRECT
2026,342,O,X,4. 지역현안해결,K-유학생,대학 자율,,03. 유학생 유지 증가율,%,유혜정,6,,,,,150,3,6,9,12,15,150,3,6,9,12,15,3,#DIV/0!,False,#DIV/0!,유학생 유지 증가율,True,UNIVERSITY,False,INFERRED,ind_ded9314790,PARENT,,1,AUTO_FROM_CHILDREN,GROWTH_RATE
2026,343,O,X,4. 지역현안해결,K-유학생,대학 자율,,04. 유학생 유지 인원,명,유혜정,0,,,,150,,,,,,,,,,,,,154,141,False,False,유학생 유지 인원,True,UNIVERSITY,False,INFERRED,ind_d622bf963a,CHILD,ind_ded9314790,0,,DIRECT
2026,344,X,X,4. 지역현안해결,생활연구소,지역 전체,,01. 지역혁신체제 만족도,점,센터,0,,#DIV/0!,,,,,,,,,,,,,,,70,0,False,False,지역혁신체제 만족도,True,PROJECT,False,INFERRED,ind_c2140068b2,PARENT,,5,AUTO_FROM_CHILDREN,SUM
2026,345,X,X,4. 지역현안해결,생활연구소,지역 전체,,사업 참여자 만족도 점수 합계(100점 환산),점,센터,0,,#DIV/0!,,,,,,,,,,,,,,,70,0,False,False,사업 참여자 만족도 점수 합계(100점 환산),False,PROJECT,False,INFERRED,ind_67634eeca4,CHILD,ind_c2140068b2,0,,DIRECT
2026,346,X,X,4. 지역현안해결,생활연구소,지역 전체,,만족도 참여자 수,명,센터,0,,,신규,,,,,,,,,,,,,,,,False,True,만족도 참여자 수,False,PROJECT,False,INFERRED,ind_e820811506,CHILD,ind_c2140068b2,0,,DIRECT
2026,347,X,X,4. 지역현안해결,생활연구소,단위과제 자율,,02. 기초지자체 정책 도입 건수 증가율,점,정해미,0,,,,,,,,,,,,,,,,,,,False,True,기초지자체 정책 도입 건수 증가율,True,CHUNGBUK,False,INFERRED,ind_d0811f7aad,CHILD,ind_c2140068b2,0,,DIRECT
2026,348,X,X,4. 지역현안해결,생활연구소,단위과제 자율,,03. 정책 반영 건수,건,정해미,1,,0,,,1,1,1,1,2,2,1,1,1,1,2,2,1,1,True,False,정책 반영 건수,True,CHUNGBUK,False,INFERRED,ind_f5040aaba8,CHILD,ind_c2140068b2,0,,DIRECT
2026,349,X,X,4. 지역현안해결,생활연구소,단위과제 자율,,04. 정책 반영 및 후속 사업 추진 건수,건,정해미,1,,0,,,1,1,1,1,1,2,1,1,1,1,1,2,1,0,True,False,정책 반영 및 후속 사업 추진 건수,True,CHUNGBUK,False,INFERRED,ind_d1d8ec18c5,CHILD,ind_c2140068b2,0,,DIRECT
2026,350,X,X,4. 지역현안해결,생활연구소,대학 자율,상위지표,01. 충북생활연구소 실시 프로그램 건수 증가율,%,정해미,25,,,,,25,,25,50,75,100,,,25,50,75,100,,,False,True,충북생활연구소 실시 프로그램 건수 증가율,True,UNIVERSITY,False,EXPLICIT,ind_62b5435c5a,PARENT,,1,AUTO_FROM_CHILDREN,GROWTH_RATE
2026,351,X,X,4. 지역현안해결,생활연구소,대학 자율,하위지표,운영 프로그램의 개수,건,정해미,1,,0,,,1,,1,2,2,2,,,,,,,3,3,False,False,운영 프로그램의 개수,False,UNIVERSITY,False,EXPLICIT,ind_920ada96ad,CHILD,ind_62b5435c5a,0,,DIRECT
2026,352,X,X,4. 지역현안해결,생활연구소,대학 자율,상위지표,02. 충북생활연구소 프로그램 참여시민 만족도,점,정해미,65,,0,,,60,60,65,70,75,80,60,60,65,70,75,80,60,93.89,False,False,충북생활연구소 프로그램 참여시민 만족도,True,UNIVERSITY,False,EXPLICIT,ind_4d04e4469d,PARENT,,0,DIRECT_INPUT,DIRECT
2026,353,O,X,4. 지역현안해결,늘봄,지역 전체,,01. 지역혁신체제 만족도,점,센터,0,,#DIV/0!,,,,,,,,,,,,,,,70,0,False,False,지역혁신체제 만족도,True,PROJECT,False,INFERRED,ind_5da1b8e18c,PARENT,,2,AUTO_FROM_CHILDREN,SUM
2026,354,O,X,4. 지역현안해결,늘봄,지역 전체,,사업 참여자 만족도 점수 합계(100점 환산),점,센터,75,,0,,,70,70,75,80,85,90,,,,,,,70,0,False,False,사업 참여자 만족도 점수 합계(100점 환산),False,PROJECT,False,INFERRED,ind_e6ca2c3ad0,CHILD,ind_5da1b8e18c,0,,DIRECT
2026,355,O,X,4. 지역현안해결,늘봄,지역 전체,,만족도 참여자 수,명,센터,141,,,신규,,141,141,141,141,141,141,,,,,,,,146,False,False,만족도 참여자 수,False,PROJECT,False,INFERRED,ind_7e036a657b,CHILD,ind_5da1b8e18c,0,,DIRECT
2026,356,O,X,4. 지역현안해결,늘봄,단위과제 자율,,02. 늘봄강사 취업 증가율,%,김민선,0,,,,,,,,,,,,,,,,,,,False,True,늘봄강사 취업 증가율,True,CHUNGBUK,False,INFERRED,ind_844419fabe,PARENT,,0,DIRECT_INPUT,DIRECT
2026,357,O,X,4. 지역현안해결,늘봄,단위과제 자율,,03. 늘봄학교 참여자의 학부모 만족도(100점 만점의 평균),점,김민선,84,,0,,,80,80,84,86,88,90,80,80,84,86,88,90,80,93.1,False,False,늘봄학교 참여자의 학부모 만족도(100점 만점의 평균),True,CHUNGBUK,False,INFERRED,ind_ff3f0770b2,PARENT,,1,AUTO_FROM_CHILDREN,SUM
2026,358,O,X,4. 지역현안해결,늘봄,단위과제 자율,,늘봄학교 만족도 조사 참여자 수,명,김민선,17,,0,,,17,17,17,17,17,17,,,,,,,,17,False,False,늘봄학교 만족도 조사 참여자 수,False,CHUNGBUK,False,INFERRED,ind_b5caf30d26,CHILD,ind_ff3f0770b2,0,,DIRECT
2026,359,O,X,4. 지역현안해결,늘봄,단위과제 자율,,04. 늘봄강사 취업자 수,%,김민선,0,,#DIV/0!,신규,,,,,,,,,,,,,,,,False,True,늘봄강사 취업자 수,True,CHUNGBUK,False,INFERRED,ind_2e2ce4a029,PARENT,,4,AUTO_FROM_CHILDREN,SUM
2026,360,O,X,4. 지역현안해결,늘봄,단위과제 자율,,늘봄강사 취업자 수,명,김민선,2,,0,,,1,0,2,2,3,4,-,0,2,2,3,4,0,0,False,False,늘봄강사 취업자 수,False,CHUNGBUK,False,INFERRED,ind_575b06feaf,CHILD,ind_2e2ce4a029,0,,DIRECT
2026,361,O,X,4. 지역현안해결,늘봄,단위과제 자율,,늘봄강사 교육과정 이수자 수,명,김민선,40,,0,,,40,40,40,38,55,71,-,40,40,38,55,71,0,34,False,False,늘봄강사 교육과정 이수자 수,False,CHUNGBUK,False,INFERRED,ind_caa1f8f629,CHILD,ind_2e2ce4a029,0,,DIRECT
2026,362,O,X,4. 지역현안해결,늘봄,대학 자율,,01. 프로그램 개발 및 고도화 누적 차시,차시,김민선,240,,0,,,150,150,240,300,360,360,-,150,240,300,360,360,150,180,False,False,프로그램 개발 및 고도화 누적 차시,True,UNIVERSITY,False,INFERRED,ind_e564edf00d,CHILD,ind_2e2ce4a029,0,,DIRECT
2026,363,O,X,4. 지역현안해결,늘봄,대학 자율,,02. 프로그램 운영 누적 차시,차시,김민선,60,,,,,60,-,60,120,240,480,-,-,60,120,240,480,0,0,False,False,프로그램 운영 누적 차시,True,UNIVERSITY,False,INFERRED,ind_90c0b39ad3,CHILD,ind_2e2ce4a029,0,,DIRECT
